Date,CBP_Intake,CBP_Custody,Transferred_to_HHS,HHS_Care,Discharged,Stage_1_CBP,Stage_2_HHS,Stage_3_Sponsor,Movement_CBP_to_HHS,Movement_HHS_to_Sponsor,Transfer_Efficiency_%,Discharge_Efficiency_%,Pipeline_Throughput_%,CBP_Backlog_Change,HHS_Backlog_Change,Pipeline_Pressure,Placement_Ratio_%,Intake_7Day_Avg,Transfer_7Day_Avg,Discharge_7Day_Avg,Month,Transfer_Efficiency_Ratio,Discharge_Effectiveness,Discharge_Effectiveness_%,Daily_Backlog_Change,Cumulative_Backlog,Backlog_Increasing,Consecutive_Increase_Days,Unresolved_Cases,Backlog_Status,Day_Name,Placement_Rolling_Mean,Placement_Rolling_STD,Placement_Change_%,Low_Placement_Flag
2023-01-12,33.0,53.0,34.0,6566.0,436.0,53.0,"6,566",436.0,34.0,436.0,64.15,6.640268047517514,1321.2121212121212,-1.0,-402.0,6619.0,1282.3529411764707,33.0,34.0,436.0,2023-01,0.6415094339622641,0.06640268047517514,6.64,-403.0,-403.0,False,0,6619.0,Reducing,Thursday,1282.3529411764707,,,False
2023-01-22,32.0,49.0,39.0,7122.0,227.0,49.0,"7,122",227.0,39.0,227.0,79.59,3.187306936253861,709.375,-7.0,-188.0,7171.0,582.051282051282,32.5,36.5,331.5,2023-01,0.7959183673469388,0.031873069362538614,3.19,-195.0,-598.0,False,0,7171.0,Reducing,Sunday,932.2021116138764,495.18805204361104,-54.61067984003765,False
2023-01-23,32.0,50.0,39.0,7280.0,181.0,50.0,"7,280",181.0,39.0,181.0,78.0,2.4862637362637363,565.625,-7.0,-142.0,7330.0,464.10256410256414,32.333333333333336,37.333333333333336,281.3333333333333,2023-01,0.78,0.02486263736263736,2.49,-149.0,-747.0,False,0,7330.0,Reducing,Monday,776.1689291101056,442.3173810400605,-20.26431718061672,False
2023-01-24,47.0,42.0,47.0,7433.0,175.0,42.0,"7,433",175.0,47.0,175.0,111.9,2.3543656666218213,372.3404255319149,,-128.0,7475.0,372.3404255319149,36.0,39.75,254.75,2023-01,1.119047619047619,0.023543656666218216,2.35,-128.0,-875.0,False,0,7475.0,Reducing,Tuesday,675.2118032155579,413.76218063316145,-19.771952509697897,False
2023-01-25,20.0,22.0,41.0,7538.0,180.0,22.0,"7,538",180.0,41.0,180.0,186.36,2.387901300079597,900.0,-21.0,-139.0,7560.0,439.0243902439025,32.8,40.0,239.8,2023-01,1.8636363636363635,0.02387901300079597,2.39,-160.0,-1035.0,False,0,7560.0,Reducing,Wednesday,627.9743206212268,373.57228939119716,17.90940766550524,False
2023-01-29,23.0,45.0,11.0,7472.0,303.0,45.0,"7,472",303.0,11.0,303.0,24.44,4.055139186295503,1317.3913043478262,12.0,-292.0,7517.0,2754.5454545454545,31.166666666666668,35.166666666666664,250.33333333333331,2023-01,0.24444444444444444,0.04055139186295503,4.06,-280.0,-1315.0,False,0,7517.0,Reducing,Sunday,982.4028429419315,930.2486059798282,527.4242424242424,False
2023-01-30,34.0,54.0,29.0,7743.0,196.0,54.0,"7,743",196.0,29.0,196.0,53.7,2.5313186103577427,576.4705882352941,5.0,-167.0,7797.0,675.8620689655172,31.571428571428573,34.285714285714285,242.57142857142856,2023-01,0.5370370370370371,0.025313186103577426,2.53,-162.0,-1477.0,False,0,7797.0,Reducing,Monday,938.6113038024438,857.0643401018862,-75.46375327187891,False
2023-01-31,26.0,36.0,36.0,7803.0,158.0,36.0,"7,803",158.0,36.0,158.0,100.0,2.024862232474689,607.6923076923076,-10.0,-122.0,7839.0,438.8888888888889,30.571428571428573,34.57142857142857,202.8571428571429,2023-01,1.0,0.020248622324746893,2.02,-132.0,-1609.0,False,0,7839.0,Reducing,Tuesday,818.1164391899321,859.9696496933516,-35.06235827664398,False
2023-02-01,25.0,32.0,27.0,7903.0,231.0,32.0,"7,903",231.0,27.0,231.0,84.38,2.9229406554472983,924.0,-2.0,-204.0,7935.0,855.5555555555555,29.571428571428573,32.857142857142854,203.42857142857144,2023-02,0.84375,0.029229406554472984,2.92,-206.0,-1815.0,False,0,7935.0,Reducing,Wednesday,857.1884782619711,853.646623777549,94.9367088607595,False
2023-02-02,15.0,13.0,23.0,7879.0,298.0,13.0,"7,879",298.0,23.0,298.0,176.92,3.782205863688285,1986.6666666666667,-8.0,-275.0,7892.0,1295.6521739130435,27.142857142857142,30.571428571428573,220.14285714285717,2023-02,1.7692307692307692,0.03782205863688285,3.78,-283.0,-2098.0,False,0,7892.0,Reducing,Thursday,975.9812796634682,847.6661212372672,51.439864483342745,False
2023-02-05,16.0,18.0,15.0,7586.0,342.0,18.0,"7,586",342.0,15.0,342.0,83.33,4.508304771948326,2137.5,1.0,-327.0,7604.0,2280.0,22.714285714285715,26.0,244.0,2023-02,0.8333333333333334,0.04508304771948326,4.51,-326.0,-2424.0,False,0,7604.0,Reducing,Sunday,1248.5040760160518,924.4303596494108,75.9731543624161,False
2023-02-06,11.0,22.0,12.0,7720.0,196.0,22.0,"7,720",196.0,12.0,196.0,54.55,2.5388601036269427,1781.8181818181818,-1.0,-184.0,7742.0,1633.3333333333333,21.428571428571427,21.857142857142858,246.28571428571428,2023-02,0.5454545454545454,0.02538860103626943,2.54,-185.0,-2609.0,False,0,7742.0,Reducing,Monday,1419.1196393145417,857.9527416648308,-28.36257309941521,False
2023-02-07,16.0,20.0,20.0,7855.0,200.0,20.0,"7,855",200.0,20.0,200.0,100.0,2.546148949713558,1250.0,-4.0,-180.0,7875.0,1000.0,20.428571428571427,23.142857142857142,231.57142857142856,2023-02,1.0,0.025461489497135583,2.55,-184.0,-2793.0,False,0,7875.0,Reducing,Tuesday,1168.4702886651912,628.3604229512197,-38.775510204081634,False
2023-02-08,93.0,196.0,169.0,7915.0,317.0,196.0,"7,915",317.0,169.0,317.0,86.22,4.005053695514845,340.86021505376345,-76.0,-148.0,8111.0,187.57396449704143,28.857142857142858,43.142857142857146,248.8571428571429,2023-02,0.8622448979591837,0.04005053695514845,4.01,-224.0,-3017.0,False,0,8111.0,Reducing,Wednesday,1098.7148451696946,713.4954933469851,-81.24260355029585,False
2023-02-09,124.0,234.0,161.0,7908.0,353.0,234.0,"7,908",353.0,161.0,353.0,68.8,4.463834092058675,284.6774193548387,-37.0,-192.0,8142.0,219.2546583850932,42.85714285714285,61.0,276.7142857142857,2023-02,0.688034188034188,0.044638340920586744,4.46,-229.0,-3246.0,False,0,8142.0,Reducing,Thursday,1067.3385265262953,751.1816833180003,16.8897074671317,False
2023-02-12,92.0,203.0,173.0,7434.0,317.0,203.0,"7,434",317.0,173.0,317.0,85.22,4.264191552327146,344.5652173913044,-81.0,-144.0,7637.0,183.2369942196532,52.42857142857143,81.85714285714286,289.0,2023-02,0.8522167487684729,0.042641915523271456,4.26,-225.0,-3471.0,False,0,7637.0,Reducing,Sunday,971.2930177640235,822.3800664812995,-16.427319916815396,False
2023-02-13,186.0,259.0,172.0,7483.0,244.0,259.0,"7,483",244.0,172.0,244.0,66.41,3.2607243084324478,131.18279569892474,14.0,-72.0,7742.0,141.86046511627907,76.85714285714286,103.14285714285714,281.2857142857143,2023-02,0.6640926640926641,0.03260724308432447,3.26,-58.0,-3529.0,False,0,7742.0,Reducing,Monday,806.4656307930572,861.2420166266692,-22.580881813513333,False
2023-02-14,154.0,225.0,220.0,7794.0,223.0,225.0,"7,794",223.0,220.0,223.0,97.78,2.861175263022838,144.80519480519482,-66.0,-3.0,8019.0,101.36363636363636,96.57142857142856,132.42857142857142,264.2857142857143,2023-02,0.9777777777777777,0.02861175263022838,2.86,-69.0,-3598.0,False,0,8019.0,Reducing,Tuesday,495.23186455929095,591.3581757030297,-28.546944858420275,False
2023-02-15,91.0,199.0,172.0,7869.0,290.0,199.0,"7,869",290.0,172.0,290.0,86.43,3.685347566399797,318.68131868131866,-81.0,-118.0,8068.0,168.6046511627907,108.0,155.28571428571428,277.7142857142857,2023-02,0.864321608040201,0.036853475663997964,3.69,-199.0,-3797.0,False,0,8068.0,Reducing,Wednesday,285.98490996349915,317.0560726110154,66.33642715611639,False
2023-02-16,81.0,213.0,153.0,7793.0,361.0,213.0,"7,793",361.0,153.0,361.0,71.83,4.632362376491724,445.67901234567904,-72.0,-208.0,8006.0,235.94771241830065,117.28571428571428,174.28571428571428,300.7142857142857,2023-02,0.7183098591549296,0.046323623764917235,4.63,-280.0,-4077.0,False,0,8006.0,Reducing,Thursday,176.83458316611353,45.528259604412504,39.94140184809556,False
2023-02-20,209.0,285.0,184.0,7817.0,209.0,285.0,"7,817",209.0,184.0,209.0,64.56,2.673659971856211,100.0,25.0,-25.0,8102.0,113.58695652173914,133.85714285714286,176.42857142857142,285.2857142857143,2023-02,0.6456140350877193,0.02673659971856211,2.67,0.0,-4077.0,False,0,8102.0,Balanced,Monday,166.26501059821317,50.8917993566399,-51.85926773455377,False
2023-02-21,184.0,314.0,217.0,7967.0,213.0,314.0,"7,967",213.0,217.0,213.0,69.11,2.673528304255052,115.76086956521738,-33.0,4.0,8281.0,98.15668202764977,142.42857142857142,184.42857142857144,265.2857142857143,2023-02,0.6910828025477707,0.02673528304255052,2.67,-29.0,-4106.0,False,0,8281.0,Reducing,Tuesday,148.965299690007,50.45746247432019,-13.584547879963848,False
2023-02-22,107.0,215.0,230.0,7978.0,232.0,215.0,"7,978",232.0,230.0,232.0,106.98,2.90799699172725,216.82242990654203,-123.0,-2.0,8193.0,100.8695652173913,144.57142857142858,192.57142857142856,253.14285714285717,2023-02,1.069767441860465,0.029079969917272498,2.91,-125.0,-4231.0,False,0,8193.0,Reducing,Wednesday,137.19852411825528,50.73654943778977,2.763829352929159,False
2023-02-23,101.0,162.0,178.0,7914.0,386.0,162.0,"7,914",386.0,178.0,386.0,109.88,4.877432398281526,382.1782178217821,-77.0,-208.0,8076.0,216.85393258426967,132.42857142857142,193.42857142857144,273.42857142857144,2023-02,1.0987654320987654,0.04877432398281526,4.88,-285.0,-4516.0,False,0,8076.0,Reducing,Thursday,147.91187661368252,59.11148174607499,114.98450213095701,False
2023-02-26,99.0,190.0,176.0,7609.0,323.0,190.0,"7,609",323.0,176.0,323.0,92.63,4.244973058220528,326.26262626262627,-77.0,-147.0,7799.0,183.52272727272728,124.57142857142856,187.14285714285717,287.7142857142857,2023-02,0.9263157894736842,0.04244973058220528,4.24,-224.0,-4740.0,False,0,7799.0,Reducing,Sunday,159.64888960069553,56.424130982206194,-15.370348563353742,False
2023-02-27,167.0,239.0,166.0,7800.0,248.0,239.0,"7,800",248.0,166.0,248.0,69.46,3.17948717948718,148.50299401197603,1.0,-82.0,8039.0,149.39759036144576,135.42857142857142,186.28571428571428,281.7142857142857,2023-02,0.694560669456067,0.031794871794871796,3.18,-81.0,-4821.0,False,0,8039.0,Reducing,Monday,156.90502377193192,56.383031158488784,-18.594501846394884,False
2023-02-28,115.0,216.0,169.0,7896.0,200.0,216.0,"7,896",200.0,169.0,200.0,78.24,2.532928064842958,173.91304347826087,-54.0,-31.0,8112.0,118.3431952662722,140.28571428571428,188.57142857142856,258.7142857142857,2023-02,0.7824074074074074,0.025329280648429583,2.53,-85.0,-4906.0,False,0,8112.0,Reducing,Tuesday,140.10437846449932,45.34628508441949,-20.786409620156498,False
2023-03-01,84.0,158.0,193.0,7930.0,307.0,158.0,"7,930",307.0,193.0,307.0,122.15,3.871374527112232,365.4761904761905,-109.0,-114.0,8088.0,159.06735751295338,122.42857142857144,189.8571428571429,272.7142857142857,2023-03,1.2215189873417722,0.03871374527112232,3.87,-223.0,-5129.0,False,0,8088.0,Reducing,Wednesday,146.60157860610136,44.156235999547086,34.4119170984456,False
2023-03-02,130.0,227.0,192.0,7870.0,335.0,227.0,"7,870",335.0,192.0,335.0,84.58,4.256670902160101,257.69230769230774,-62.0,-143.0,8097.0,174.47916666666669,114.71428571428572,186.28571428571428,290.1428571428572,2023-03,0.8458149779735683,0.042566709021601014,4.26,-205.0,-5334.0,False,0,8097.0,Reducing,Thursday,157.5047906973895,39.36311882145231,9.688857220412594,False
2023-03-07,88.0,214.0,160.0,7859.0,259.0,214.0,"7,859",259.0,160.0,259.0,74.77,3.295584679984731,294.3181818181818,-72.0,-99.0,8073.0,161.875,112.0,176.28571428571428,294.0,2023-03,0.7476635514018691,0.03295584679984731,3.3,-171.0,-5505.0,False,0,8073.0,Reducing,Tuesday,166.2198528091907,30.486648856510875,-7.223880597014931,False
2023-03-08,113.0,208.0,159.0,7885.0,291.0,208.0,"7,885",291.0,159.0,291.0,76.44,3.690551680405834,257.5221238938053,-46.0,-132.0,8093.0,183.0188679245283,113.71428571428572,173.57142857142858,280.42857142857144,2023-03,0.7644230769230769,0.03690551680405834,3.69,-178.0,-5683.0,False,0,8093.0,Reducing,Wednesday,161.3862721435134,22.84537484487169,13.061848910905516,False
2023-03-09,174.0,285.0,150.0,7786.0,340.0,285.0,"7,786",340.0,150.0,340.0,52.63,4.366812227074235,195.4022988505747,24.0,-190.0,8071.0,226.66666666666663,124.42857142857144,169.85714285714286,282.85714285714283,2023-03,0.5263157894736842,0.043668122270742356,4.37,-166.0,-5849.0,False,0,8071.0,Reducing,Thursday,167.54969205693328,33.25923420400977,23.84879725085909,False
2023-03-13,104.0,230.0,206.0,7567.0,249.0,230.0,"7,567",249.0,206.0,249.0,89.57,3.2906039381525045,239.4230769230769,-102.0,-43.0,7797.0,120.873786407767,115.42857142857144,175.57142857142858,283.0,2023-03,0.8956521739130435,0.032906039381525046,3.29,-145.0,-5994.0,False,0,7797.0,Reducing,Monday,163.47486292069348,37.349635660433464,-46.67332952598514,False
2023-03-14,147.0,276.0,214.0,7810.0,181.0,276.0,"7,810",181.0,214.0,181.0,77.54,2.317541613316261,123.12925170068029,-67.0,33.0,8086.0,84.57943925233646,120.0,182.0,280.2857142857143,2023-03,0.7753623188405797,0.023175416133162614,2.32,-34.0,-6028.0,False,0,8086.0,Reducing,Tuesday,158.65146920441694,45.450955739396775,-30.02664865067748,False
2023-03-15,108.0,220.0,213.0,7915.0,286.0,220.0,"7,915",286.0,213.0,286.0,96.82,3.61339229311434,264.81481481481484,-105.0,-73.0,8135.0,134.27230046948358,123.42857142857144,184.8571428571429,277.2857142857143,2023-03,0.9681818181818181,0.0361339229311434,3.61,-178.0,-6206.0,False,0,8135.0,Reducing,Wednesday,155.10931819820695,46.370032230980875,58.75288563795296,False
2023-03-16,180.0,280.0,146.0,7989.0,308.0,280.0,"7,989",308.0,146.0,308.0,52.14,3.855301038928527,171.11111111111111,34.0,-162.0,8269.0,210.95890410958904,130.57142857142858,178.28571428571428,273.42857142857144,2023-03,0.5214285714285715,0.03855301038928527,3.86,-128.0,-6334.0,False,0,8269.0,Reducing,Thursday,160.32070926148157,50.75259332240136,57.11275026343519,False
2023-03-19,134.0,294.0,186.0,7885.0,306.0,294.0,"7,885",306.0,186.0,306.0,63.27,3.8807863031071657,228.3582089552239,-52.0,-120.0,8179.0,164.51612903225808,137.14285714285714,182.0,280.1428571428572,2023-03,0.6326530612244898,0.03880786303107166,3.88,-172.0,-6506.0,False,0,8179.0,Reducing,Sunday,160.698013408947,50.775885996060616,-22.015081692501038,False
2023-03-20,202.0,313.0,158.0,7931.0,279.0,313.0,"7,931",279.0,158.0,279.0,50.48,3.517841381919052,138.1188118811881,44.0,-121.0,8244.0,176.58227848101268,149.85714285714286,181.8571428571429,278.42857142857144,2023-03,0.5047923322683706,0.03517841381919052,3.52,-77.0,-6583.0,False,0,8244.0,Reducing,Monday,159.77850063130194,50.36088825739971,7.334326135517499,False
2023-03-21,110.0,272.0,193.0,8050.0,221.0,272.0,"8,050",221.0,193.0,221.0,70.96,2.745341614906832,200.9090909090909,-83.0,-28.0,8322.0,114.5077720207254,140.71428571428572,188.0,261.42857142857144,2023-03,0.7095588235294118,0.02745341614906832,2.75,-111.0,-6694.0,False,0,8322.0,Reducing,Tuesday,143.75580139616744,42.8089520901619,-35.153304733782754,False
2023-03-22,166.0,277.0,229.0,8097.0,246.0,277.0,"8,097",246.0,229.0,246.0,82.67,3.038162282326788,148.19277108433735,-63.0,-17.0,8374.0,107.4235807860262,149.57142857142858,191.28571428571428,261.0,2023-03,0.8267148014440433,0.030381622823267878,3.04,-80.0,-6774.0,False,0,8374.0,Reducing,Wednesday,141.8343434502045,44.283627362744575,-6.18664664387757,False
2023-03-23,136.0,276.0,178.0,8102.0,331.0,276.0,"8,102",331.0,178.0,331.0,64.49,4.0854110096272525,243.3823529411765,-42.0,-153.0,8378.0,185.95505617977528,148.0,186.14285714285717,282.42857142857144,2023-03,0.644927536231884,0.040854110096272524,4.09,-195.0,-6969.0,False,0,8378.0,Reducing,Thursday,156.3165744398386,38.657914347976636,73.10450351694529,False
2023-03-26,87.0,246.0,173.0,7847.0,352.0,246.0,"7,847",352.0,173.0,352.0,70.33,4.485790748056582,404.59770114942535,-86.0,-179.0,8093.0,203.46820809248555,145.0,180.42857142857144,291.85714285714283,2023-03,0.7032520325203252,0.04485790748056582,4.49,-265.0,-7234.0,False,0,8093.0,Reducing,Sunday,166.20170410026748,40.86547457373998,9.417948762726368,False
2023-03-27,84.0,171.0,157.0,7994.0,235.0,171.0,"7,994",235.0,157.0,235.0,91.81,2.939704778583938,279.7619047619048,-73.0,-78.0,8165.0,149.68152866242036,131.28571428571428,182.0,281.42857142857144,2023-03,0.9181286549707602,0.02939704778583938,2.94,-151.0,-7385.0,False,0,8165.0,Reducing,Monday,157.44779332210052,35.947217414935814,-26.434930515344533,False
2023-03-28,167.0,209.0,157.0,8079.0,223.0,209.0,"8,079",223.0,157.0,223.0,75.12,2.760242604282708,133.5329341317365,10.0,-66.0,8288.0,142.03821656050954,136.0,177.85714285714286,269.57142857142856,2023-03,0.7511961722488039,0.02760242604282708,2.76,-56.0,-7441.0,False,0,8288.0,Reducing,Tuesday,154.23666296899358,36.21355367471168,-5.106382978723401,False
2023-03-29,109.0,245.0,159.0,8208.0,267.0,245.0,"8,208",267.0,159.0,267.0,64.9,3.252923976608187,244.954128440367,-50.0,-108.0,8453.0,167.9245283018868,122.71428571428572,178.0,267.85714285714283,2023-03,0.6489795918367347,0.03252923976608187,3.25,-158.0,-7599.0,False,0,8453.0,Reducing,Wednesday,152.99984151483272,35.46324823461951,18.224892122853053,False
2023-03-30,156.0,256.0,176.0,8158.0,359.0,256.0,"8,158",359.0,176.0,359.0,68.75,4.40058837950478,230.1282051282051,-20.0,-183.0,8414.0,203.97727272727272,129.28571428571428,175.57142857142858,287.57142857142856,2023-03,0.6875,0.04400588379504781,4.4,-203.0,-7802.0,False,0,8414.0,Reducing,Thursday,165.7811987586252,35.40096345258424,21.46961184882532,False
2023-04-02,125.0,232.0,192.0,7981.0,304.0,232.0,"7,981",304.0,192.0,304.0,82.76,3.809046485402832,243.2,-67.0,-112.0,8213.0,158.33333333333331,123.42857142857144,170.28571428571428,295.85714285714283,2023-04,0.8275862068965517,0.03809046485402832,3.81,-179.0,-7981.0,False,0,8213.0,Reducing,Sunday,173.05402055109766,25.162706685388144,-22.376973073351913,False
2023-04-03,118.0,139.0,168.0,8054.0,284.0,139.0,"8,054",284.0,168.0,284.0,120.86,3.5261981624037744,240.6779661016949,-50.0,-116.0,8193.0,169.04761904761904,120.85714285714286,168.85714285714286,289.1428571428572,2023-04,1.20863309352518,0.03526198162403774,3.53,-166.0,-8147.0,False,0,8193.0,Reducing,Monday,170.63867238936106,24.52124260013174,6.766917293233088,False
2023-04-04,142.0,235.0,139.0,8068.0,259.0,235.0,"8,068",259.0,139.0,259.0,59.15,3.2102131879028257,182.3943661971831,3.0,-120.0,8303.0,186.33093525179856,128.71428571428572,164.0,275.85714285714283,2023-04,0.5914893617021276,0.03210213187902826,3.21,-117.0,-8264.0,False,0,8303.0,Reducing,Tuesday,168.1904905549772,21.347371310182226,10.223933529232966,False
2023-04-05,148.0,245.0,175.0,8175.0,260.0,245.0,"8,175",260.0,175.0,260.0,71.43,3.180428134556575,175.67567567567568,-27.0,-85.0,8420.0,148.57142857142858,137.85714285714286,166.57142857142858,279.42857142857144,2023-04,0.7142857142857143,0.031804281345565746,3.18,-112.0,-8376.0,False,0,8420.0,Reducing,Wednesday,168.03190482769267,21.511281721741035,-20.264754550468833,False
2023-04-06,119.0,219.0,210.0,8178.0,284.0,219.0,"8,178",284.0,210.0,284.0,95.89,3.47273171924676,238.65546218487395,-91.0,-74.0,8397.0,135.23809523809524,131.0,174.14285714285714,288.1428571428572,2023-04,0.958904109589041,0.0347273171924676,3.47,-165.0,-8541.0,False,0,8397.0,Reducing,Thursday,167.0604589244906,22.983935025505676,-8.974358974358976,False
2023-04-09,105.0,210.0,149.0,7900.0,329.0,210.0,"7,900",329.0,149.0,329.0,70.95,4.1645569620253164,313.3333333333333,-44.0,-180.0,8110.0,220.8053691275168,130.42857142857142,172.71428571428572,297.0,2023-04,0.7095238095238096,0.04164556962025316,4.16,-224.0,-8765.0,False,0,8110.0,Reducing,Sunday,174.61486475672345,30.70790625673865,63.27157576330467,False
2023-04-10,143.0,203.0,163.0,7826.0,265.0,203.0,"7,826",265.0,163.0,265.0,80.3,3.3861487349859445,185.3146853146853,-20.0,-102.0,8029.0,162.5766871165644,128.57142857142858,170.85714285714286,283.57142857142856,2023-04,0.8029556650246306,0.03386148734985944,3.39,-122.0,-8887.0,False,0,8029.0,Reducing,Monday,168.70049538376514,27.9754696223448,-26.371044436571157,False
2023-04-11,119.0,209.0,152.0,7922.0,187.0,209.0,"7,922",187.0,152.0,187.0,72.73,2.360515021459228,157.14285714285714,-33.0,-35.0,8131.0,123.0263157894737,127.71428571428572,165.14285714285714,266.85714285714283,2023-04,0.7272727272727273,0.023605150214592276,2.36,-68.0,-8955.0,False,0,8131.0,Reducing,Tuesday,163.65663573464232,32.90473723507438,-24.3272095332671,False
2023-04-12,155.0,212.0,181.0,7876.0,283.0,212.0,"7,876",283.0,181.0,283.0,85.38,3.5931945149822244,182.58064516129036,-26.0,-102.0,8088.0,156.353591160221,133.0,167.0,266.7142857142857,2023-04,0.8537735849056604,0.035931945149822245,3.59,-128.0,-9083.0,False,0,8088.0,Reducing,Wednesday,161.84320317929973,32.9079078404201,27.089550033976394,False
2023-04-13,109.0,214.0,173.0,7795.0,370.0,214.0,"7,795",370.0,173.0,370.0,80.84,4.746632456703015,339.44954128440367,-64.0,-197.0,8009.0,213.8728323699422,128.28571428571428,171.85714285714286,282.57142857142856,2023-04,0.8084112149532711,0.04746632456703015,4.75,-261.0,-9344.0,False,0,8009.0,Reducing,Thursday,165.77775991046312,37.63121604370403,36.787924589963026,False
2023-04-16,191.0,283.0,192.0,7380.0,272.0,283.0,"7,380",272.0,192.0,272.0,67.84,3.685636856368564,142.40837696335078,-1.0,-80.0,7663.0,141.66666666666669,134.42857142857142,174.28571428571428,284.2857142857143,2023-04,0.6784452296819788,0.03685636856368564,3.69,-81.0,-9425.0,False,0,7663.0,Reducing,Sunday,164.79136535263999,38.2429224067758,-33.761261261261254,False
2023-04-17,170.0,297.0,196.0,7344.0,248.0,297.0,"7,344",248.0,196.0,248.0,65.99,3.376906318082789,145.88235294117646,-26.0,-52.0,7641.0,126.53061224489797,141.71428571428572,172.28571428571428,279.1428571428572,2023-04,0.6599326599326599,0.03376906318082789,3.38,-78.0,-9503.0,False,0,7641.0,Reducing,Monday,163.54743921075467,39.485830102808464,-10.684273709483804,False
2023-04-18,152.0,272.0,214.0,7376.0,234.0,272.0,"7,376",234.0,214.0,234.0,78.68,3.1724511930585684,153.94736842105263,-62.0,-20.0,7648.0,109.34579439252336,148.42857142857142,181.57142857142856,265.57142857142856,2023-04,0.7867647058823529,0.03172451193058568,3.17,-82.0,-9585.0,False,0,7648.0,Reducing,Tuesday,147.62464282004132,34.73563089440766,-13.581549593005738,False
2023-04-19,239.0,367.0,224.0,7356.0,229.0,367.0,"7,356",229.0,224.0,229.0,61.04,3.11310494834149,95.81589958158996,15.0,-5.0,7723.0,102.23214285714286,162.14285714285714,190.28571428571428,260.42857142857144,2023-04,0.6103542234332425,0.0311310494834149,3.11,10.0,-9575.0,True,1,7723.0,Moderate,Wednesday,139.00399364012395,37.76261511082364,-6.505647130647119,False
2023-04-20,113.0,280.0,237.0,7490.0,320.0,280.0,"7,490",320.0,237.0,320.0,84.64,4.272363150867824,283.1858407079646,-124.0,-83.0,7770.0,135.0210970464135,161.28571428571428,202.42857142857144,279.42857142857144,2023-04,0.8464285714285714,0.042723631508678236,4.27,-207.0,-9782.0,False,0,7770.0,Reducing,Thursday,140.7175338196868,37.184482283602826,32.07303815893723,False
2023-04-23,196.0,306.0,187.0,7534.0,266.0,306.0,"7,534",266.0,187.0,266.0,61.11,3.5306610034510224,135.71428571428572,9.0,-79.0,7840.0,142.24598930481284,167.14285714285714,203.28571428571428,277.0,2023-04,0.6111111111111112,0.03530661003451022,3.53,-70.0,-9852.0,False,0,7840.0,Reducing,Sunday,138.70216212605706,36.573059670032585,5.3509358288770015,False
2023-04-24,236.0,330.0,222.0,7796.0,213.0,330.0,"7,796",213.0,222.0,213.0,67.27,2.732170343766034,90.2542372881356,14.0,9.0,8126.0,95.94594594594594,185.28571428571428,210.28571428571428,254.57142857142856,2023-04,0.6727272727272727,0.027321703437660338,2.73,23.0,-9829.0,True,1,8126.0,Moderate,Monday,121.85546406548615,19.21942537332015,-32.54927860191019,False
2023-04-25,81.0,230.0,242.0,8017.0,202.0,230.0,"8,017",202.0,242.0,202.0,105.22,2.5196457527753524,249.3827160493827,-161.0,40.0,8247.0,83.47107438016529,169.57142857142858,217.42857142857144,244.57142857142856,2023-04,1.0521739130434782,0.025196457527753523,2.52,-121.0,-9950.0,False,0,8247.0,Reducing,Tuesday,113.5418080245574,21.6540117750544,-13.001978815038983,False
2023-04-26,118.0,245.0,160.0,8117.0,256.0,245.0,"8,117",256.0,160.0,256.0,65.31,3.153874584205987,216.94915254237287,-42.0,-96.0,8362.0,160.0,162.14285714285714,212.28571428571428,245.7142857142857,2023-04,0.6530612244897959,0.03153874584205987,3.15,-138.0,-10088.0,False,0,8362.0,Reducing,Wednesday,118.32314913242911,27.81787004411957,91.68316831683168,False
2023-04-27,218.0,283.0,208.0,8159.0,310.0,283.0,"8,159",310.0,208.0,310.0,73.5,3.799485231033215,142.2018348623853,10.0,-102.0,8442.0,149.03846153846155,171.57142857142858,211.42857142857144,256.57142857142856,2023-04,0.734982332155477,0.03799485231033215,3.8,-92.0,-10180.0,False,0,8442.0,Reducing,Thursday,123.99353015327742,29.666952248734173,-6.850961538461531,False
2023-04-30,132.0,243.0,183.0,8352.0,293.0,243.0,"8,352",293.0,183.0,293.0,75.31,3.508141762452107,221.96969696969697,-51.0,-110.0,8595.0,160.10928961748633,156.28571428571428,205.57142857142856,265.7142857142857,2023-04,0.7530864197530864,0.03508141762452107,3.51,-161.0,-10341.0,False,0,8595.0,Reducing,Sunday,132.26169397618364,30.64044361074476,7.428168517539202,False
2023-05-01,224.0,315.0,152.0,8492.0,237.0,315.0,"8,492",237.0,152.0,237.0,48.25,2.79086198775318,105.80357142857142,72.0,-85.0,8807.0,155.92105263157893,172.14285714285714,193.42857142857144,253.8571428571429,2023-05,0.48253968253968255,0.027908619877531796,2.79,-13.0,-10354.0,False,0,8807.0,Reducing,Monday,135.24740191692155,31.944666981381825,-2.615861325669122,False
2023-05-02,167.0,326.0,213.0,8654.0,245.0,326.0,"8,654",245.0,213.0,245.0,65.34,2.8310607811416686,146.7065868263473,-46.0,-32.0,8980.0,115.02347417840376,168.0,197.14285714285717,250.8571428571429,2023-05,0.6533742331288344,0.028310607811416685,2.83,-78.0,-10432.0,False,0,8980.0,Reducing,Tuesday,131.35847118457738,32.600948461070764,-26.22967056912501,False
2023-05-03,209.0,353.0,232.0,8704.0,267.0,353.0,"8,704",267.0,232.0,267.0,65.72,3.067555147058824,127.7511961722488,-23.0,-35.0,9057.0,115.08620689655172,164.14285714285714,198.57142857142856,258.57142857142856,2023-05,0.6572237960339944,0.030675551470588234,3.07,-58.0,-10490.0,False,0,9057.0,Reducing,Wednesday,134.09279417752109,29.81983408472405,0.05453905700210093,False
2023-05-04,153.0,253.0,286.0,8790.0,332.0,253.0,"8,790",332.0,286.0,332.0,113.04,3.777019340159272,216.9934640522876,-133.0,-46.0,9043.0,116.08391608391608,174.42857142857142,204.8571428571429,277.1428571428572,2023-05,1.1304347826086956,0.03777019340159272,3.78,-179.0,-10669.0,False,0,9043.0,Reducing,Thursday,138.7517715637712,22.155336873960426,0.8669233388334474,False
2023-05-07,180.0,337.0,219.0,8485.0,375.0,337.0,"8,485",375.0,219.0,375.0,64.99,4.419563936358279,208.33333333333331,-39.0,-156.0,8822.0,171.23287671232876,183.28571428571428,213.28571428571428,294.1428571428572,2023-05,0.6498516320474778,0.04419563936358279,4.42,-195.0,-10864.0,False,0,8822.0,Reducing,Sunday,140.356468236961,24.257862409587577,47.50783957748803,False
2023-05-08,133.0,287.0,189.0,8590.0,261.0,287.0,"8,590",261.0,189.0,261.0,65.85,3.038416763678696,196.2406015037594,-56.0,-72.0,8877.0,138.0952380952381,171.14285714285714,210.57142857142856,287.1428571428572,2023-05,0.6585365853658537,0.03038416763678696,3.04,-128.0,-10992.0,False,0,8877.0,Reducing,Monday,138.7931506022148,23.95583349962894,-19.352380952380944,False
2023-05-09,187.0,310.0,247.0,8606.0,250.0,310.0,"8,606",250.0,247.0,250.0,79.68,2.9049500348594,133.6898395721925,-60.0,-3.0,8916.0,101.21457489878544,179.0,219.7142857142857,281.0,2023-05,0.7967741935483871,0.029049500348594003,2.9,-63.0,-11055.0,False,0,8916.0,Reducing,Tuesday,130.3796199281147,25.513234580388108,-26.706687142258822,False
2023-05-10,168.0,285.0,210.0,8681.0,304.0,285.0,"8,681",304.0,210.0,304.0,73.68,3.501900702684022,180.95238095238096,-42.0,-94.0,8966.0,144.76190476190476,171.0,228.0,290.57142857142856,2023-05,0.7368421052631579,0.03501900702684022,3.5,-136.0,-11191.0,False,0,8966.0,Reducing,Wednesday,128.78545594673264,23.9521977190034,43.024761904761874,False
2023-05-11,269.0,412.0,204.0,8672.0,392.0,412.0,"8,672",392.0,204.0,392.0,49.51,4.520295202952029,145.72490706319704,65.0,-188.0,9084.0,192.15686274509804,185.57142857142856,226.7142857142857,311.57142857142856,2023-05,0.49514563106796117,0.045202952029520294,4.52,-123.0,-11314.0,False,0,9084.0,Reducing,Thursday,139.80451145626043,32.707931302614085,32.73993808049536,False
2023-05-14,100.0,255.0,236.0,8445.0,288.0,255.0,"8,445",288.0,236.0,288.0,92.55,3.4103019538188275,288.0,-136.0,-52.0,8700.0,122.03389830508476,170.0,227.28571428571428,314.57142857142856,2023-05,0.9254901960784314,0.03410301953818828,3.41,-188.0,-11502.0,False,0,8700.0,Reducing,Sunday,140.79703880033657,31.928975759593317,-36.49256312694569,False
2023-05-15,205.0,294.0,177.0,8571.0,277.0,294.0,"8,571",277.0,177.0,277.0,60.2,3.2318282580795707,135.1219512195122,28.0,-100.0,8865.0,156.49717514124293,177.42857142857142,211.7142857142857,306.7142857142857,2023-05,0.6020408163265306,0.03231828258079571,3.23,-72.0,-11574.0,False,0,8865.0,Reducing,Monday,146.57036152281185,30.32928732611832,28.240740740740723,False
2023-05-16,161.0,304.0,211.0,8572.0,272.0,304.0,"8,572",272.0,211.0,272.0,69.41,3.173121791880541,168.944099378882,-50.0,-61.0,8876.0,128.90995260663507,174.71428571428572,210.57142857142856,292.0,2023-05,0.694078947368421,0.03173121791880541,3.17,-111.0,-11685.0,False,0,8876.0,Reducing,Tuesday,140.52422950771273,28.771960944256154,-17.62793642103102,False
2023-05-17,57.0,162.0,193.0,8569.0,307.0,162.0,"8,569",307.0,193.0,307.0,119.14,3.5826817598319525,538.5964912280702,-136.0,-114.0,8731.0,159.06735751295338,163.85714285714286,211.14285714285717,298.57142857142856,2023-05,1.191358024691358,0.03582681759831952,3.58,-250.0,-11935.0,False,0,8731.0,Reducing,Wednesday,143.52024656738635,29.558047942003586,23.394163364827804,False
2023-05-18,80.0,122.0,152.0,8474.0,351.0,122.0,"8,474",351.0,152.0,351.0,124.59,4.142081661552986,438.75,-72.0,-199.0,8596.0,230.92105263157893,148.57142857142858,197.57142857142856,313.0,2023-05,1.2459016393442623,0.041420816615529855,4.14,-271.0,-12206.0,False,0,8596.0,Reducing,Thursday,162.04974338635682,38.052166972110406,45.17186696382649,False
2023-05-21,107.0,170.0,133.0,7826.0,343.0,170.0,"7,826",343.0,133.0,343.0,78.24,4.382826475849732,320.5607476635514,-26.0,-210.0,7996.0,257.89473684210526,139.85714285714286,186.57142857142856,318.57142857142856,2023-05,0.7823529411764706,0.04382826475849732,4.38,-236.0,-12442.0,False,0,7996.0,Reducing,Sunday,178.21157654067116,51.229490070844214,11.680911680911699,False
2023-05-22,99.0,156.0,139.0,7848.0,240.0,156.0,"7,848",240.0,139.0,240.0,89.1,3.058103975535168,242.42424242424244,-40.0,-101.0,8004.0,172.66187050359713,115.57142857142856,177.28571428571428,296.85714285714283,2023-05,0.8910256410256411,0.03058103975535168,3.06,-141.0,-12583.0,False,0,8004.0,Reducing,Monday,175.4265776490282,50.87369755171747,-33.049478784319476,False
2023-05-23,25.0,66.0,94.0,7788.0,246.0,66.0,"7,788",246.0,94.0,246.0,142.42,3.1587057010785826,984.0,-69.0,-152.0,7854.0,261.7021276595745,104.85714285714286,157.0,290.85714285714283,2023-05,1.4242424242424243,0.031587057010785825,3.16,-221.0,-12804.0,False,0,7854.0,Reducing,Tuesday,195.37918184252675,53.75057525100234,51.569148936170215,False
2023-05-24,35.0,70.0,53.0,7709.0,276.0,70.0,"7,709",276.0,53.0,276.0,75.71,3.58023089894928,788.5714285714287,-18.0,-223.0,7779.0,520.7547169811321,80.57142857142857,139.28571428571428,290.7142857142857,2023-05,0.7571428571428571,0.0358023089894928,3.58,-241.0,-13045.0,False,0,7779.0,Reducing,Wednesday,247.41597353393948,130.85448701627115,98.98757478140818,False
2023-05-25,43.0,73.0,64.0,7546.0,408.0,73.0,"7,546",408.0,64.0,408.0,87.67,5.406838059899284,948.8372093023256,-21.0,-344.0,7619.0,637.5,63.71428571428572,118.28571428571428,310.1428571428572,2023-05,0.8767123287671232,0.05406838059899284,5.41,-365.0,-13410.0,False,0,7619.0,Reducing,Thursday,320.0716945901345,184.3489782660101,22.418478260869556,False
2023-05-29,41.0,60.0,71.0,6996.0,207.0,60.0,"6,996",207.0,71.0,207.0,118.33,2.958833619210977,504.8780487804878,-30.0,-136.0,7056.0,291.5492957746479,61.42857142857143,100.85714285714286,295.85714285714283,2023-05,1.1833333333333333,0.029588336192109776,2.96,-166.0,-13576.0,False,0,7056.0,Reducing,Monday,338.9976857703765,171.41132469772631,-54.266777133388565,False
2023-05-30,65.0,83.0,65.0,7046.0,168.0,83.0,"7,046",168.0,65.0,168.0,78.31,2.384331535623049,258.46153846153845,,-103.0,7129.0,258.46153846153845,59.285714285714285,88.42857142857143,269.7142857142857,2023-05,0.7831325301204819,0.023843315356230486,2.38,-103.0,-13679.0,False,0,7129.0,Reducing,Tuesday,342.9320408889422,168.8136110967339,-11.348940914158302,False
2023-05-31,38.0,80.0,82.0,7053.0,210.0,80.0,"7,053",210.0,82.0,210.0,102.5,2.9774564015312635,552.6315789473684,-44.0,-128.0,7133.0,256.0975609756098,49.42857142857143,81.14285714285714,250.7142857142857,2023-05,1.025,0.029774564015312633,2.98,-172.0,-13851.0,False,0,7133.0,Reducing,Wednesday,342.6753014794428,168.96579247760474,-0.9146341463414531,False
2023-06-01,56.0,82.0,68.0,7002.0,287.0,82.0,"7,002",287.0,68.0,287.0,82.93,4.098828906026849,512.5,-12.0,-219.0,7084.0,422.05882352941177,43.285714285714285,71.0,257.42857142857144,2023-06,0.8292682926829268,0.040988289060268496,4.1,-231.0,-14082.0,False,0,7084.0,Reducing,Thursday,378.3034376259878,152.6478859060136,64.80392156862744,False
2023-06-04,74.0,103.0,80.0,6555.0,292.0,103.0,"6,555",292.0,80.0,292.0,77.67,4.454614797864226,394.5945945945946,-6.0,-212.0,6658.0,365.0,50.285714285714285,69.0,264.0,2023-06,0.7766990291262136,0.04454614797864226,4.45,-218.0,-14300.0,False,0,6658.0,Reducing,Sunday,393.0602765317629,144.25962032322147,-13.5191637630662,False
2023-06-05,68.0,107.0,102.0,6523.0,189.0,107.0,"6,523",189.0,102.0,189.0,95.33,2.897439828299862,277.94117647058823,-34.0,-87.0,6630.0,185.29411764705884,55.0,76.0,251.57142857142856,2023-06,0.9532710280373832,0.02897439828299862,2.9,-121.0,-14421.0,False,0,6630.0,Reducing,Monday,345.1373337697524,150.36049785434005,-49.234488315874295,False
2023-06-06,92.0,124.0,93.0,6508.0,187.0,124.0,"6,508",187.0,93.0,187.0,75.0,2.8733866011063305,203.26086956521735,-1.0,-94.0,6632.0,201.0752688172043,62.0,80.14285714285714,220.0,2023-06,0.75,0.028733866011063307,2.87,-95.0,-14516.0,False,0,6632.0,Reducing,Tuesday,282.7909436007816,85.36013830964664,8.51681174261818,False
2023-06-07,113.0,162.0,107.0,6483.0,208.0,162.0,"6,483",208.0,107.0,208.0,66.05,3.2083911769242635,184.07079646017695,6.0,-101.0,6645.0,194.392523364486,72.28571428571429,85.28571428571429,220.14285714285717,2023-06,0.6604938271604939,0.032083911769242635,3.21,-95.0,-14611.0,False,0,6645.0,Reducing,Wednesday,268.91140468504415,91.38490031849622,-3.3235044230096267,False
2023-06-08,106.0,196.0,131.0,6446.0,255.0,196.0,"6,446",255.0,131.0,255.0,66.84,3.9559416692522498,240.56603773584905,-25.0,-124.0,6642.0,194.65648854961836,78.14285714285714,94.71428571428572,232.57142857142856,2023-06,0.6683673469387755,0.0395594166925225,3.96,-149.0,-14760.0,False,0,6642.0,Reducing,Thursday,259.79639755476984,95.68194658922882,0.13578978273636189,False
2023-06-11,86.0,152.0,168.0,6007.0,238.0,152.0,"6,007",238.0,168.0,238.0,110.53,3.9620442816713832,276.74418604651163,-82.0,-70.0,6159.0,141.66666666666669,85.0,107.0,236.57142857142856,2023-06,1.105263157894737,0.039620442816713834,3.96,-152.0,-14912.0,False,0,6159.0,Reducing,Sunday,243.44912693920656,105.67286670840289,-27.222222222222225,False
2023-06-12,84.0,118.0,136.0,6021.0,177.0,118.0,"6,021",177.0,136.0,177.0,115.25,2.9397110114598903,210.7142857142857,-52.0,-41.0,6139.0,130.14705882352942,89.0,116.71428571428572,220.8571428571429,2023-06,1.152542372881356,0.029397110114598904,2.94,-93.0,-15005.0,False,0,6139.0,Reducing,Monday,201.7474462669377,77.20454679748723,-8.131487889273359,False
2023-06-13,59.0,64.0,117.0,6061.0,146.0,64.0,"6,061",146.0,117.0,146.0,182.81,2.408843425177364,247.45762711864407,-58.0,-29.0,6125.0,124.78632478632478,86.85714285714286,122.0,200.0,2023-06,1.828125,0.024088434251773636,2.41,-87.0,-15092.0,False,0,6125.0,Reducing,Tuesday,167.43120695069834,33.64431658481031,-4.118982085083789,False
2023-06-14,62.0,97.0,52.0,6065.0,167.0,97.0,"6,065",167.0,52.0,167.0,53.61,2.753503709810388,269.3548387096774,10.0,-115.0,6162.0,321.1538461538462,86.0,114.85714285714286,196.8571428571429,2023-06,0.5360824742268041,0.027535037098103874,2.75,-105.0,-15197.0,False,0,6162.0,Reducing,Wednesday,186.8397395945251,67.65890983465432,157.36301369863014,False
2023-06-15,91.0,75.0,97.0,6038.0,272.0,75.0,"6,038",272.0,97.0,272.0,129.33,4.504802914872474,298.9010989010989,-6.0,-175.0,6113.0,280.4123711340206,85.85714285714286,115.42857142857144,209.0,2023-06,1.2933333333333332,0.045048029148724744,4.5,-181.0,-15378.0,False,0,6113.0,Reducing,Thursday,198.1736113540703,76.50747133191966,-12.685968269646297,False
2023-06-19,29.0,51.0,11.0,5679.0,142.0,51.0,"5,679",142.0,11.0,142.0,21.57,2.500440218348301,489.6551724137931,18.0,-131.0,5730.0,1290.9090909090908,73.85714285714286,101.71428571428572,199.57142857142856,2023-06,0.21568627450980393,0.02500440218348301,2.5,-113.0,-15491.0,False,0,5730.0,Reducing,Monday,354.8188352890138,419.804082757299,360.36096256684493,False
2023-06-20,33.0,53.0,34.0,5904.0,134.0,53.0,"5,904",134.0,34.0,134.0,64.15,2.2696476964769645,406.06060606060606,-1.0,-100.0,5957.0,394.11764705882354,63.42857142857143,87.85714285714286,182.28571428571428,2023-06,0.6415094339622641,0.022696476964769646,2.27,-101.0,-15592.0,False,0,5957.0,Reducing,Tuesday,383.31328650461455,413.84813850032066,-69.46975973487987,False
2023-06-21,93.0,196.0,169.0,5922.0,149.0,196.0,"5,922",149.0,169.0,149.0,86.22,2.516041877744005,160.21505376344086,-76.0,20.0,6118.0,88.16568047337277,64.42857142857143,88.0,169.57142857142858,2023-06,0.8622448979591837,0.025160418777440054,2.52,-56.0,-15648.0,False,0,6118.0,Reducing,Wednesday,375.6702884770011,419.5099925262012,-77.62960346198004,False
2023-06-22,124.0,234.0,161.0,5956.0,207.0,234.0,"5,956",207.0,161.0,207.0,68.8,3.475486903962391,166.93548387096774,-37.0,-46.0,6190.0,128.57142857142858,70.14285714285714,91.57142857142856,173.85714285714286,2023-06,0.688034188034188,0.03475486903962391,3.48,-83.0,-15731.0,False,0,6190.0,Reducing,Thursday,375.44519844098676,419.6640796685869,45.829338446788135,False
2023-06-25,92.0,203.0,173.0,5766.0,263.0,203.0,"5,766",263.0,173.0,263.0,85.22,4.56122095039889,285.8695652173913,-81.0,-90.0,5969.0,152.02312138728325,74.85714285714286,99.57142857142856,190.57142857142856,2023-06,0.8522167487684729,0.0456122095039889,4.56,-171.0,-15902.0,False,0,5969.0,Reducing,Sunday,379.3361693839808,417.07098008482626,18.24020552344252,False
2023-06-26,186.0,259.0,172.0,5819.0,174.0,259.0,"5,819",174.0,172.0,174.0,66.41,2.9902045024918373,93.5483870967742,14.0,-2.0,6078.0,101.16279069767442,92.57142857142856,116.71428571428572,191.57142857142856,2023-06,0.6640926640926641,0.02990204502491837,2.99,12.0,-15890.0,True,1,6078.0,Moderate,Monday,347.9088757473849,430.26556469029657,-33.45565478822178,False
2023-06-27,154.0,225.0,220.0,5917.0,155.0,225.0,"5,917",155.0,220.0,155.0,97.78,2.619570728409667,100.64935064935064,-66.0,65.0,6142.0,70.45454545454545,101.57142857142856,134.28571428571428,174.85714285714286,2023-06,0.9777777777777777,0.026195707284096672,2.62,-1.0,-15891.0,False,0,6142.0,Reducing,Tuesday,317.914900650317,442.8879456510266,-30.35527690700105,False
2023-06-28,91.0,199.0,172.0,5999.0,174.0,199.0,"5,999",174.0,172.0,174.0,86.43,2.900483413902317,191.2087912087912,-81.0,-2.0,6198.0,101.16279069767442,110.42857142857144,157.28571428571428,179.42857142857142,2023-06,0.864321608040201,0.02900483413902317,2.9,-83.0,-15974.0,False,0,6198.0,Reducing,Wednesday,147.9511434772575,111.76495130617973,43.58589647411855,False
2023-06-29,81.0,213.0,153.0,6058.0,213.0,213.0,"6,058",213.0,153.0,213.0,71.83,3.516011885110597,262.962962962963,-72.0,-60.0,6271.0,139.2156862745098,117.28571428571428,174.28571428571428,190.7142857142857,2023-06,0.7183098591549296,0.035160118851105975,3.52,-132.0,-16106.0,False,0,6271.0,Reducing,Thursday,111.53657765092696,29.282083656401678,37.61550597250394,False
2023-07-02,209.0,285.0,184.0,5903.0,309.0,285.0,"5,903",309.0,184.0,309.0,64.56,5.234626461121464,147.8468899521531,25.0,-125.0,6188.0,167.93478260869566,133.85714285714286,176.42857142857142,213.57142857142856,2023-07,0.6456140350877193,0.05234626461121464,5.23,-100.0,-16206.0,False,0,6188.0,Reducing,Sunday,122.9321636702588,33.83830561673607,20.629210042865886,False
2023-07-04,184.0,314.0,217.0,6127.0,124.0,314.0,"6,127",124.0,217.0,124.0,69.11,2.0238289538110004,67.3913043478261,-33.0,93.0,6441.0,57.14285714285714,142.42857142857142,184.42857142857144,201.7142857142857,2023-07,0.6910828025477707,0.020238289538110004,2.02,60.0,-16146.0,True,1,6441.0,High,Tuesday,112.72808203760574,41.708820276291064,-65.97318539066113,False
2023-07-05,107.0,215.0,230.0,6193.0,167.0,215.0,"6,193",167.0,230.0,167.0,106.98,2.6965929274987888,156.07476635514018,-123.0,63.0,6408.0,72.60869565217392,144.57142857142858,192.57142857142856,188.0,2023-07,1.069767441860465,0.02696592927498789,2.7,-60.0,-16206.0,False,0,6408.0,Reducing,Wednesday,101.38316407544725,40.004726875945124,27.065217391304365,False
2023-07-06,101.0,162.0,178.0,6239.0,205.0,162.0,"6,239",205.0,178.0,205.0,109.88,3.285782978041353,202.97029702970295,-77.0,-27.0,6401.0,115.1685393258427,132.42857142857142,193.42857142857144,192.42857142857144,2023-07,1.0987654320987654,0.03285782978041353,3.29,-104.0,-16310.0,False,0,6401.0,Reducing,Thursday,103.38398530804272,40.34070326946212,58.61535356253784,False
2023-07-09,99.0,190.0,176.0,6214.0,196.0,190.0,"6,214",196.0,176.0,196.0,92.63,3.154168007724493,197.979797979798,-77.0,-20.0,6404.0,111.36363636363636,124.57142857142856,187.14285714285717,198.28571428571428,2023-07,0.9263157894736842,0.03154168007724493,3.15,-97.0,-16407.0,False,0,6404.0,Reducing,Sunday,109.22814115219857,37.648554113089205,-3.303769401330381,False
2023-07-10,167.0,239.0,166.0,6346.0,163.0,239.0,"6,346",163.0,166.0,163.0,69.46,2.568547116293728,97.60479041916167,1.0,3.0,6585.0,98.19277108433737,135.42857142857142,186.28571428571428,196.7142857142857,2023-07,0.694560669456067,0.025685471162937283,2.57,4.0,-16403.0,True,1,6585.0,Moderate,Monday,108.80385263600756,37.77113344474143,-11.82689943447257,False
2023-07-11,115.0,216.0,169.0,6498.0,143.0,216.0,"6,498",143.0,169.0,143.0,78.24,2.200677131425054,124.34782608695652,-54.0,26.0,6714.0,84.61538461538461,140.28571428571428,188.57142857142856,186.7142857142857,2023-07,0.7824074074074074,0.02200677131425054,2.2,-28.0,-16431.0,False,0,6714.0,Reducing,Tuesday,101.00380954184683,36.042264043379646,-13.827277017461082,False
2023-07-12,84.0,158.0,193.0,6521.0,210.0,158.0,"6,521",210.0,193.0,210.0,122.15,3.220364974697133,250.0,-109.0,-17.0,6679.0,108.80829015544042,122.42857142857144,189.8571428571429,172.57142857142858,2023-07,1.2215189873417722,0.032203649746971326,3.22,-126.0,-16557.0,False,0,6679.0,Reducing,Wednesday,92.55716776281035,21.89369484884226,28.59161563824777,False
2023-07-13,130.0,227.0,192.0,6604.0,226.0,227.0,"6,604",226.0,192.0,226.0,84.58,3.422168382798304,173.84615384615384,-62.0,-34.0,6831.0,117.70833333333331,114.71428571428572,186.28571428571428,187.14285714285717,2023-07,0.8458149779735683,0.03422168382798304,3.42,-96.0,-16653.0,False,0,6831.0,Reducing,Thursday,101.20937864716409,16.982273627537683,8.17956349206348,False
2023-07-16,88.0,214.0,160.0,6468.0,218.0,214.0,"6,468",218.0,160.0,218.0,74.77,3.370439084724799,247.72727272727272,-72.0,-58.0,6682.0,136.25,112.0,176.28571428571428,194.42857142857144,2023-07,0.7476635514018691,0.03370439084724799,3.37,-130.0,-16783.0,False,0,6682.0,Reducing,Sunday,110.3009935539964,16.132935004090964,15.75221238938056,False
2023-07-17,113.0,208.0,159.0,6632.0,160.0,208.0,"6,632",160.0,159.0,160.0,76.44,2.41254523522316,141.5929203539823,-46.0,-1.0,6840.0,100.62893081761008,113.71428571428572,173.57142857142858,188.0,2023-07,0.7644230769230769,0.024125452352231604,2.41,-47.0,-16830.0,False,0,6840.0,Reducing,Monday,108.22390662424888,16.33648940264715,-26.143903987075166,False
2023-07-18,174.0,285.0,150.0,6874.0,181.0,285.0,"6,874",181.0,150.0,181.0,52.63,2.6331102705848126,104.02298850574712,24.0,-31.0,7159.0,120.66666666666669,124.42857142857144,169.85714285714286,185.8571428571429,2023-07,0.5263157894736842,0.026331102705848125,2.63,-7.0,-16837.0,False,0,7159.0,Reducing,Tuesday,109.55291095325322,16.99944079035164,19.9125,False
2023-07-19,104.0,230.0,206.0,7001.0,226.0,230.0,"7,001",226.0,206.0,226.0,89.57,3.2281102699614337,217.3076923076923,-102.0,-20.0,7231.0,109.70873786407766,115.42857142857144,175.57142857142858,194.8571428571429,2023-07,0.8956521739130435,0.03228110269961434,3.23,-122.0,-16959.0,False,0,7231.0,Reducing,Wednesday,111.19804906464469,16.257880506869927,-9.081156466233997,False
2023-07-20,147.0,276.0,214.0,7116.0,281.0,276.0,"7,116",281.0,214.0,281.0,77.54,3.948847667228781,191.156462585034,-67.0,-67.0,7392.0,131.30841121495328,120.0,182.0,214.57142857142856,2023-07,0.7753623188405797,0.0394884766722878,3.95,-134.0,-17093.0,False,0,7392.0,Reducing,Thursday,117.86848143601163,12.729480297729683,19.688197833099007,False
2023-07-23,108.0,220.0,213.0,7052.0,276.0,220.0,"7,052",276.0,213.0,276.0,96.82,3.913783323879751,255.55555555555557,-105.0,-63.0,7272.0,129.5774647887324,123.42857142857144,184.8571428571429,224.0,2023-07,0.9681818181818181,0.039137833238797506,3.91,-168.0,-17261.0,False,0,7272.0,Reducing,Sunday,120.83550638362478,12.686137958004773,-1.3182296626735424,False
2023-07-24,180.0,280.0,146.0,7220.0,187.0,280.0,"7,220",187.0,146.0,187.0,52.14,2.590027700831025,103.8888888888889,34.0,-41.0,7500.0,128.08219178082192,130.57142857142858,178.28571428571428,218.42857142857144,2023-07,0.5214285714285715,0.025900277008310248,2.59,-7.0,-17268.0,False,0,7500.0,Reducing,Monday,122.31748616183745,12.864615341156028,-1.1539606908874456,False
2023-07-25,134.0,294.0,186.0,7510.0,136.0,294.0,"7,510",136.0,186.0,136.0,63.27,1.8109187749667115,101.49253731343283,-52.0,50.0,7804.0,73.11827956989248,137.14285714285714,182.0,206.7142857142857,2023-07,0.6326530612244898,0.018109187749667112,1.81,-2.0,-17270.0,False,0,7804.0,Reducing,Tuesday,113.29866895753636,21.01611884692927,-42.9130009775171,False
2023-07-26,202.0,313.0,158.0,7647.0,215.0,313.0,"7,647",215.0,158.0,215.0,50.48,2.811560088923761,106.43564356435644,44.0,-57.0,7960.0,136.0759493670886,149.85714285714286,181.8571428571429,214.57142857142856,2023-07,0.5047923322683706,0.028115600889237608,2.81,-13.0,-17283.0,False,0,7960.0,Reducing,Wednesday,118.36252875031902,21.71346362146418,86.10387192851823,False
2023-07-27,110.0,272.0,193.0,7754.0,259.0,272.0,"7,754",259.0,193.0,259.0,70.96,3.3402115037400053,235.45454545454544,-83.0,-66.0,8026.0,134.19689119170985,140.71428571428572,188.0,225.7142857142857,2023-07,0.7095588235294118,0.03340211503740005,3.34,-149.0,-17432.0,False,0,8026.0,Reducing,Thursday,120.2954179681823,22.53927154964547,-1.3808892637667158,False
2023-07-30,166.0,277.0,229.0,7671.0,305.0,277.0,"7,671",305.0,229.0,305.0,82.67,3.976013557554426,183.7349397590361,-63.0,-76.0,7948.0,133.1877729257642,149.57142857142858,191.28571428571428,237.0,2023-07,0.8267148014440433,0.03976013557554426,3.98,-139.0,-17571.0,False,0,7948.0,Reducing,Sunday,123.64956583413753,22.44807132513745,-0.7519684375579594,False
2023-07-31,136.0,276.0,178.0,7800.0,220.0,276.0,"7,800",220.0,178.0,220.0,64.49,2.8205128205128207,161.76470588235296,-42.0,-42.0,8076.0,123.59550561797752,148.0,186.14285714285717,228.28571428571428,2023-07,0.644927536231884,0.028205128205128206,2.82,-84.0,-17655.0,False,0,8076.0,Reducing,Monday,122.54772217742672,22.197379842163198,-7.202062995026715,False
2023-08-01,87.0,246.0,173.0,8103.0,168.0,246.0,"8,103",168.0,173.0,168.0,70.33,2.073306182895224,193.1034482758621,-86.0,5.0,8349.0,97.10982658959536,145.0,180.42857142857144,212.8571428571429,2023-08,0.7032520325203252,0.02073306182895224,2.07,-81.0,-17736.0,False,0,8349.0,Reducing,Tuesday,117.90948814897855,23.816726536831386,-21.429322122963757,False
2023-08-02,84.0,171.0,157.0,8261.0,271.0,171.0,"8,261",271.0,157.0,271.0,91.81,3.280474518823387,322.61904761904765,-73.0,-114.0,8432.0,172.61146496815286,131.28571428571428,182.0,224.8571428571429,2023-08,0.9181286549707602,0.03280474518823387,3.28,-187.0,-17923.0,False,0,8432.0,Reducing,Wednesday,124.27081289002584,31.64642154361745,77.74871094934792,False
2023-08-03,167.0,209.0,157.0,8294.0,339.0,209.0,"8,294",339.0,157.0,339.0,75.12,4.087292018326501,202.99401197604791,10.0,-182.0,8503.0,215.9235668789809,136.0,177.85714285714286,253.8571428571429,2023-08,0.7511961722488039,0.04087292018326501,4.09,-172.0,-18095.0,False,0,8503.0,Reducing,Thursday,144.67156821989562,38.46922125021108,25.09225092250924,False
2023-08-06,109.0,245.0,159.0,8298.0,322.0,245.0,"8,298",322.0,159.0,322.0,64.9,3.880453121234032,295.41284403669727,-50.0,-163.0,8543.0,202.51572327044025,122.71428571428572,178.0,269.1428571428572,2023-08,0.6489795918367347,0.03880453121234032,3.88,-213.0,-18308.0,False,0,8543.0,Reducing,Sunday,154.162964491803,43.81921437243075,-6.2095322906810635,False
2023-08-07,156.0,256.0,176.0,8493.0,202.0,256.0,"8,493",202.0,176.0,202.0,68.75,2.378429294713293,129.4871794871795,-20.0,-26.0,8749.0,114.77272727272728,129.28571428571428,175.57142857142858,261.0,2023-08,0.6875,0.023784292947132933,2.38,-46.0,-18354.0,False,0,8749.0,Reducing,Monday,151.38808393194833,45.86172743439856,-43.32651044607566,False
2023-08-08,125.0,232.0,192.0,8725.0,207.0,232.0,"8,725",207.0,192.0,207.0,82.76,2.372492836676218,165.6,-67.0,-15.0,8957.0,107.8125,123.42857142857144,170.28571428571428,247.0,2023-08,0.8275862068965517,0.02372492836676218,2.37,-82.0,-18436.0,False,0,8957.0,Reducing,Tuesday,147.76304494255345,48.46885959075236,-6.064356435643569,False
2023-08-09,118.0,139.0,168.0,8888.0,251.0,139.0,"8,888",251.0,168.0,251.0,120.86,2.824032403240324,212.71186440677968,-50.0,-83.0,9027.0,149.4047619047619,120.85714285714286,168.85714285714286,251.42857142857144,2023-08,1.20863309352518,0.02824032403240324,2.82,-133.0,-18569.0,False,0,9027.0,Reducing,Wednesday,151.4500815549512,47.29137994899169,38.57832988267771,False
2023-08-10,142.0,235.0,139.0,8914.0,353.0,235.0,"8,914",353.0,139.0,353.0,59.15,3.960062822526363,248.59154929577463,3.0,-214.0,9149.0,253.95683453237413,128.71428571428572,164.0,277.85714285714283,2023-08,0.5914893617021276,0.03960062822526363,3.96,-211.0,-18780.0,False,0,9149.0,Reducing,Thursday,173.8567969753482,53.943168442413146,69.97907649975639,False
2023-08-16,148.0,245.0,175.0,9634.0,288.0,245.0,"9,634",288.0,175.0,288.0,71.43,2.989412497405024,194.5945945945946,-27.0,-113.0,9879.0,164.57142857142856,137.85714285714286,166.57142857142858,280.2857142857143,2023-08,0.7142857142857143,0.029894124974050237,2.99,-140.0,-18920.0,False,0,9879.0,Reducing,Wednesday,172.70822034724475,54.05957384579431,-35.19708619991907,False
2023-08-17,119.0,219.0,210.0,9694.0,407.0,219.0,"9,694",407.0,210.0,407.0,95.89,4.198473282442748,342.01680672268907,-91.0,-197.0,9913.0,193.8095238095238,131.0,174.14285714285714,290.0,2023-08,0.958904109589041,0.04198473282442748,4.2,-288.0,-19208.0,False,0,9913.0,Reducing,Thursday,169.54907133732226,51.708255983311815,17.7662037037037,False
2023-08-20,105.0,210.0,149.0,9483.0,390.0,210.0,"9,483",390.0,149.0,390.0,70.95,4.112622587788675,371.4285714285714,-44.0,-241.0,9693.0,261.744966442953,130.42857142857142,172.71428571428572,299.7142857142857,2023-08,0.7095238095238096,0.041126225877886745,4.11,-285.0,-19493.0,False,0,9693.0,Reducing,Sunday,178.01039179053836,61.85276570073384,35.05268538825585,False
2023-08-21,143.0,203.0,163.0,9668.0,281.0,203.0,"9,668",281.0,163.0,281.0,80.3,2.906495655771618,196.5034965034965,-20.0,-118.0,9871.0,172.3926380368098,128.57142857142858,170.85714285714286,311.0,2023-08,0.8029556650246306,0.029064956557716178,2.91,-138.0,-19631.0,False,0,9871.0,Reducing,Monday,186.24180761397875,55.547053998300846,-34.13717162183419,False
2023-08-22,119.0,209.0,152.0,9921.0,230.0,209.0,"9,921",230.0,152.0,230.0,72.73,2.3183146860195545,193.27731092436971,-33.0,-78.0,10130.0,151.3157894736842,127.71428571428572,165.14285714285714,314.2857142857143,2023-08,0.7272727272727273,0.023183146860195545,2.32,-111.0,-19742.0,False,0,10130.0,Reducing,Tuesday,192.45656325307647,47.10123739367704,-12.226072298183189,False
2023-08-23,155.0,212.0,181.0,10071.0,285.0,212.0,"10,071",285.0,181.0,285.0,85.38,2.829907655644921,183.8709677419355,-26.0,-104.0,10283.0,157.45856353591162,133.0,167.0,319.1428571428572,2023-08,0.8537735849056604,0.02829907655644921,2.83,-130.0,-19872.0,False,0,10283.0,Reducing,Wednesday,193.60710634324073,45.958850295934624,4.059572423732916,False
2023-08-24,109.0,214.0,173.0,10026.0,443.0,214.0,"10,026",443.0,173.0,443.0,80.84,4.418511869140236,406.4220183486239,-64.0,-270.0,10240.0,256.0693641618497,128.28571428571428,171.85714285714286,332.0,2023-08,0.8084112149532711,0.044185118691402354,4.42,-334.0,-20206.0,False,0,10240.0,Reducing,Thursday,193.90889629030866,46.42575065312321,62.626508467701015,False
2023-08-27,191.0,283.0,192.0,9873.0,488.0,283.0,"9,873",488.0,192.0,488.0,67.84,4.942773219892636,255.4973821989529,-1.0,-296.0,10156.0,254.16666666666663,134.42857142857142,174.28571428571428,360.57142857142856,2023-08,0.6784452296819788,0.049427732198926363,4.94,-297.0,-20503.0,False,0,10156.0,Reducing,Sunday,206.70821601819983,49.25385893905831,-0.7430398796087423,False
2023-08-28,170.0,297.0,196.0,10012.0,388.0,297.0,"10,012",388.0,196.0,388.0,65.99,3.875349580503397,228.23529411764704,-26.0,-192.0,10309.0,197.9591836734694,141.71428571428572,172.28571428571428,357.85714285714283,2023-08,0.6599326599326599,0.03875349580503396,3.88,-218.0,-20721.0,False,0,10309.0,Reducing,Monday,207.30102457019206,49.09746272254759,-22.114419538307107,False
2023-08-29,152.0,272.0,214.0,10180.0,286.0,272.0,"10,180",286.0,214.0,286.0,78.68,2.8094302554027504,188.1578947368421,-62.0,-72.0,10452.0,133.6448598130841,148.42857142857142,181.57142857142856,343.0,2023-08,0.7867647058823529,0.028094302554027506,2.81,-134.0,-20855.0,False,0,10452.0,Reducing,Tuesday,189.00100933735365,49.295400346919564,-32.4886790634936,False
2023-08-30,239.0,367.0,224.0,10280.0,366.0,367.0,"10,280",366.0,224.0,366.0,61.04,3.5603112840466924,153.13807531380755,15.0,-142.0,10647.0,163.39285714285714,162.14285714285714,190.28571428571428,355.1428571428572,2023-08,0.6103542234332425,0.035603112840466924,3.56,-127.0,-20982.0,False,0,10647.0,Reducing,Wednesday,187.71532635250327,49.91423906491262,22.258991008991003,False
2023-08-31,113.0,280.0,237.0,10140.0,505.0,280.0,"10,140",505.0,237.0,505.0,84.64,4.980276134122287,446.9026548672566,-124.0,-268.0,10420.0,213.0801687763713,161.28571428571428,202.42857142857144,394.4285714285714,2023-08,0.8464285714285714,0.04980276134122288,4.98,-392.0,-21374.0,False,0,10420.0,Reducing,Thursday,196.53880911002997,47.822692624185706,30.409720781167128,False
2023-09-04,196.0,306.0,187.0,9988.0,293.0,306.0,"9,988",293.0,187.0,293.0,61.11,2.933520224269123,149.48979591836735,9.0,-106.0,10294.0,156.68449197860963,167.14285714285714,203.28571428571428,395.57142857142856,2023-09,0.6111111111111112,0.02933520224269123,2.93,-97.0,-21471.0,False,0,10294.0,Reducing,Monday,196.42822745898684,47.92889695637986,-26.466881982315872,False
2023-09-05,236.0,330.0,222.0,10142.0,243.0,330.0,"10,142",243.0,222.0,243.0,67.27,2.3959771248274504,102.96610169491524,14.0,-21.0,10472.0,109.45945945945944,185.28571428571428,210.28571428571428,367.0,2023-09,0.6727272727272727,0.023959771248274503,2.4,-7.0,-21478.0,False,0,10472.0,Reducing,Tuesday,175.48395535864537,49.529349319680556,-30.140208467853537,False
2023-09-06,81.0,230.0,242.0,10356.0,291.0,230.0,"10,356",291.0,242.0,291.0,105.22,2.809965237543453,359.25925925925924,-161.0,-49.0,10586.0,120.24793388429754,169.57142857142858,217.42857142857144,338.85714285714283,2023-09,1.0521739130434782,0.02809965237543453,2.81,-210.0,-21688.0,False,0,10586.0,Reducing,Wednesday,156.35270781830692,38.766298178036976,9.85613712886444,False
2023-09-07,118.0,245.0,160.0,10419.0,398.0,245.0,"10,419",398.0,160.0,398.0,65.31,3.819944332469527,337.2881355932203,-42.0,-238.0,10664.0,248.75,162.14285714285714,212.28571428571428,340.2857142857143,2023-09,0.6530612244897959,0.03819944332469527,3.82,-280.0,-21968.0,False,0,10664.0,Reducing,Thursday,163.60853872209705,50.75198919133291,106.86426116838486,False
2023-09-10,218.0,283.0,208.0,10282.0,382.0,283.0,"10,282",382.0,208.0,382.0,73.5,3.715230499902743,175.22935779816513,10.0,-174.0,10565.0,183.65384615384613,171.57142857142858,211.42857142857144,354.0,2023-09,0.734982332155477,0.03715230499902743,3.72,-164.0,-22132.0,False,0,10565.0,Reducing,Sunday,170.75267962792014,49.33103737769658,-26.169308078855824,False
2023-09-11,132.0,243.0,183.0,10492.0,277.0,243.0,"10,492",277.0,183.0,277.0,75.31,2.640106747998475,209.84848484848487,-51.0,-94.0,10735.0,151.36612021857923,156.28571428571428,205.57142857142856,341.2857142857143,2023-09,0.7530864197530864,0.02640106747998475,2.64,-145.0,-22277.0,False,0,10735.0,Reducing,Monday,169.03457435302332,49.83692739179293,-17.580751294595597,False
2023-09-12,224.0,315.0,152.0,10649.0,316.0,315.0,"10,649",316.0,152.0,316.0,48.25,2.967414780730585,141.07142857142858,72.0,-164.0,10964.0,207.8947368421053,172.14285714285714,193.42857142857144,314.2857142857143,2023-09,0.48253968253968255,0.02967414780730585,2.97,-92.0,-22369.0,False,0,10964.0,Reducing,Tuesday,168.29379836241392,49.10630066197037,37.34562036861109,False
2023-09-13,167.0,326.0,213.0,10678.0,343.0,326.0,"10,678",343.0,213.0,343.0,65.34,3.212212024723731,205.3892215568862,-46.0,-130.0,11004.0,161.03286384976525,168.0,197.14285714285717,321.42857142857144,2023-09,0.6533742331288344,0.03212212024723731,3.21,-176.0,-22545.0,False,0,11004.0,Reducing,Wednesday,168.91499434400754,48.96225854739902,-22.541154097581284,False
2023-09-14,209.0,353.0,232.0,10837.0,414.0,353.0,"10,837",414.0,232.0,414.0,65.72,3.820245455384332,198.08612440191388,-23.0,-182.0,11190.0,178.44827586206898,164.14285714285714,198.57142857142856,345.85714285714283,2023-09,0.6572237960339944,0.038202454553843315,3.82,-205.0,-22750.0,False,0,11190.0,Reducing,Thursday,178.77053954438037,41.351777475083374,10.814818538252746,False
2023-09-17,153.0,253.0,286.0,10799.0,427.0,253.0,"10,799",427.0,286.0,427.0,113.04,3.954069821279748,279.0849673202614,-133.0,-141.0,11052.0,149.30069930069928,174.42857142857142,204.8571428571429,365.2857142857143,2023-09,1.1304347826086956,0.03954069821279748,3.95,-274.0,-23024.0,False,0,11052.0,Reducing,Sunday,182.92093460386633,35.54999451192358,-16.333907638255486,False
2023-09-18,180.0,337.0,219.0,10892.0,313.0,337.0,"10,892",313.0,219.0,313.0,64.99,2.8736687477047376,173.88888888888889,-39.0,-94.0,11229.0,142.92237442922377,183.28571428571428,213.28571428571428,353.1428571428572,2023-09,0.6498516320474778,0.028736687477047374,2.87,-133.0,-23157.0,False,0,11229.0,Reducing,Monday,167.8027023794697,23.27124479111255,-4.272133286281021,False
2023-09-19,133.0,287.0,189.0,11095.0,260.0,287.0,"11,095",260.0,189.0,260.0,65.85,2.3433979269941414,195.48872180451127,-56.0,-71.0,11382.0,137.56613756613757,171.14285714285714,210.57142857142856,335.7142857142857,2023-09,0.6585365853658537,0.023433979269941414,2.34,-127.0,-23284.0,False,0,11382.0,Reducing,Tuesday,161.21874400979706,24.52500948972661,-3.7476545463766,False
2023-09-20,187.0,310.0,247.0,11064.0,364.0,310.0,"11,064",364.0,247.0,364.0,79.68,3.289949385394072,194.6524064171123,-60.0,-117.0,11374.0,147.36842105263156,179.0,219.7142857142857,348.1428571428572,2023-09,0.7967741935483871,0.03289949385394071,3.29,-177.0,-23461.0,False,0,11374.0,Reducing,Wednesday,160.64764412894738,24.837239204321968,7.125506072874477,False
2023-09-21,168.0,285.0,210.0,11067.0,428.0,285.0,"11,067",428.0,210.0,428.0,73.68,3.8673533929700903,254.7619047619048,-42.0,-218.0,11352.0,203.8095238095238,171.0,228.0,364.1428571428572,2023-09,0.7368421052631579,0.03867353392970091,3.87,-260.0,-23721.0,False,0,11352.0,Reducing,Thursday,160.06404226715003,23.557046566223768,38.29931972789116,False
2023-09-24,269.0,412.0,204.0,10744.0,403.0,412.0,"10,744",403.0,204.0,403.0,49.51,3.7509307520476542,149.81412639405204,65.0,-199.0,11156.0,197.54901960784315,185.57142857142856,226.7142857142857,372.7142857142857,2023-09,0.49514563106796117,0.03750930752047654,3.75,-134.0,-23855.0,False,0,11156.0,Reducing,Sunday,165.28063594687546,27.517575054188256,-3.071742715777892,False
2023-09-25,100.0,255.0,236.0,10842.0,284.0,255.0,"10,842",284.0,236.0,284.0,92.55,2.6194429072126915,284.0,-136.0,-48.0,11097.0,120.33898305084745,170.0,227.28571428571428,354.1428571428572,2023-09,0.9254901960784314,0.026194429072126914,2.62,-184.0,-24039.0,False,0,11097.0,Reducing,Monday,156.97930840241523,31.37749398391902,-39.08398872860328,False
2023-09-26,205.0,294.0,177.0,10978.0,332.0,294.0,"10,978",332.0,177.0,332.0,60.2,3.0242302787392967,161.95121951219514,28.0,-155.0,11272.0,187.57062146892656,177.42857142857142,211.7142857142857,340.57142857142856,2023-09,0.6020408163265306,0.03024230278739297,3.02,-127.0,-24166.0,False,0,11272.0,Reducing,Tuesday,162.44644014073342,33.103180772529825,55.868544600938996,False
2023-09-27,161.0,304.0,211.0,11017.0,331.0,304.0,"11,017",331.0,211.0,331.0,69.41,3.0044476717799764,205.59006211180125,-50.0,-120.0,11321.0,156.87203791469196,174.71428571428572,210.57142857142856,343.1428571428572,2023-09,0.694078947368421,0.030044476717799765,3.0,-170.0,-24336.0,False,0,11321.0,Reducing,Wednesday,164.43924921008602,32.13774848449205,-16.366413521384104,False
2023-09-28,57.0,162.0,193.0,10984.0,447.0,162.0,"10,984",447.0,193.0,447.0,119.14,4.0695557174071375,784.2105263157895,-136.0,-254.0,11146.0,231.6062176165803,163.85714285714286,211.14285714285717,369.8571428571428,2023-09,1.191358024691358,0.040695557174071376,4.07,-390.0,-24726.0,False,0,11146.0,Reducing,Thursday,177.87354636014925,38.12891379253712,47.640217272200715,False
2023-10-01,80.0,122.0,152.0,10598.0,493.0,122.0,"10,598",493.0,152.0,493.0,124.59,4.651821098320438,616.25,-72.0,-341.0,10720.0,324.34210526315786,148.57142857142858,197.57142857142856,388.2857142857143,2023-10,1.2459016393442623,0.046518210983204376,4.65,-413.0,-25139.0,False,0,10720.0,Reducing,Sunday,203.15550124736728,64.25355992557128,40.040327328388074,False
2023-10-02,107.0,170.0,133.0,10724.0,284.0,170.0,"10,724",284.0,133.0,284.0,78.24,2.648265572547557,265.4205607476636,-26.0,-151.0,10894.0,213.53383458646616,139.85714285714286,186.57142857142856,367.7142857142857,2023-10,0.7823529411764706,0.02648265572547557,2.65,-177.0,-25316.0,False,0,10894.0,Reducing,Monday,204.5446885012162,64.37506368599533,-34.1640104317589,False
2023-10-03,99.0,156.0,139.0,10818.0,287.0,156.0,"10,818",287.0,139.0,287.0,89.1,2.6529857644666297,289.8989898989899,-40.0,-148.0,10974.0,206.4748201438849,115.57142857142856,177.28571428571428,351.1428571428572,2023-10,0.8910256410256411,0.026529857644666296,2.65,-188.0,-25504.0,False,0,10974.0,Reducing,Tuesday,205.81980286350787,64.30175937962298,-3.305806059377847,False
2023-10-04,25.0,66.0,94.0,10963.0,330.0,66.0,"10,963",330.0,94.0,330.0,142.42,3.0101249657940343,1320.0,-69.0,-236.0,11029.0,351.063829787234,104.85714285714286,157.0,357.7142857142857,2023-10,1.4242424242424243,0.030101249657940345,3.01,-305.0,-25809.0,False,0,11029.0,Reducing,Wednesday,238.78049525442023,71.87060555475932,70.02742975758022,False
2023-10-05,35.0,70.0,53.0,11130.0,427.0,70.0,"11,130",427.0,53.0,427.0,75.71,3.836477987421384,1220.0,-18.0,-374.0,11200.0,805.6603773584906,80.57142857142857,139.28571428571428,371.2857142857143,2023-10,0.7571428571428571,0.038364779874213835,3.84,-392.0,-26201.0,False,0,11200.0,Reducing,Thursday,327.07903181007225,221.7905289204797,129.49113779302462,False
2023-10-09,43.0,73.0,64.0,10815.0,282.0,73.0,"10,815",282.0,64.0,282.0,87.67,2.60748959778086,655.8139534883721,-21.0,-218.0,10888.0,440.625,63.71428571428572,118.28571428571428,364.2857142857143,2023-10,0.8767123287671232,0.0260748959778086,2.61,-239.0,-26440.0,False,0,10888.0,Reducing,Monday,367.61516925083055,211.17380257500798,-45.30884074941453,False
2023-10-10,41.0,60.0,71.0,10910.0,257.0,60.0,"10,910",257.0,71.0,257.0,118.33,2.3556370302474794,626.829268292683,-30.0,-186.0,10970.0,361.9718309859155,61.42857142857143,100.85714285714286,337.1428571428572,2023-10,1.1833333333333333,0.023556370302474795,2.36,-216.0,-26656.0,False,0,10970.0,Reducing,Tuesday,386.2388283035927,202.76085132098373,-17.85036459894116,False
2023-10-11,65.0,83.0,65.0,10960.0,266.0,83.0,"10,960",266.0,65.0,266.0,78.31,2.4270072992700733,409.2307692307692,,-201.0,11043.0,409.2307692307692,59.285714285714285,88.42857142857143,304.7142857142857,2023-10,0.7831325301204819,0.02427007299270073,2.43,-201.0,-26857.0,False,0,11043.0,Reducing,Wednesday,398.3657802989657,200.97253595206666,13.055971266087996,False
2023-10-12,38.0,80.0,82.0,10992.0,398.0,80.0,"10,992",398.0,82.0,398.0,102.5,3.620815138282387,1047.3684210526314,-44.0,-316.0,11072.0,485.3658536585366,49.42857142857143,81.14285714285714,321.0,2023-10,1.025,0.03620815138282387,3.62,-360.0,-27217.0,False,0,11072.0,Reducing,Thursday,437.1989258806901,184.9278388454674,18.60443792407849,False
2023-10-15,56.0,82.0,68.0,10571.0,434.0,82.0,"10,571",434.0,68.0,434.0,82.93,4.105571847507331,775.0,-12.0,-366.0,10653.0,638.2352941176471,43.285714285714285,71.0,342.0,2023-10,0.8292682926829268,0.04105571847507331,4.11,-378.0,-27595.0,False,0,10653.0,Reducing,Sunday,498.8789935912276,166.20310195498388,31.495713863434815,False
2023-10-16,74.0,103.0,80.0,10629.0,331.0,103.0,"10,629",331.0,80.0,331.0,77.67,3.1141217424028604,447.2972972972973,-6.0,-251.0,10732.0,413.75,50.285714285714285,69.0,342.1428571428572,2023-10,0.7766990291262136,0.031141217424028603,3.11,-257.0,-27852.0,False,0,10732.0,Reducing,Monday,507.83416076447986,158.4177412005466,-35.172811059907836,False
2023-10-17,68.0,107.0,102.0,10630.0,315.0,107.0,"10,630",315.0,102.0,315.0,95.33,2.9633113828786453,463.2352941176471,-34.0,-213.0,10737.0,308.8235294117647,55.0,76.0,326.1428571428572,2023-10,0.9532710280373832,0.029633113828786452,2.96,-247.0,-28099.0,False,0,10737.0,Reducing,Tuesday,436.85746820066186,105.05397362952104,-25.359872045494935,False
2023-10-18,92.0,124.0,93.0,10511.0,393.0,124.0,"10,511",393.0,93.0,393.0,75.0,3.738940157929788,427.1739130434783,-1.0,-300.0,10635.0,422.5806451612903,62.0,80.14285714285714,342.0,2023-10,0.75,0.037389401579297876,3.74,-301.0,-28400.0,False,0,10635.0,Reducing,Wednesday,434.2797032237033,105.1674407206718,36.835637480798766,False
2023-10-19,113.0,162.0,107.0,10319.0,406.0,162.0,"10,319",406.0,107.0,406.0,66.05,3.934489776141098,359.29203539823004,6.0,-299.0,10481.0,379.4392523364486,72.28571428571429,85.28571428571429,363.2857142857143,2023-10,0.6604938271604939,0.03934489776141099,3.93,-293.0,-28693.0,False,0,10481.0,Reducing,Thursday,436.77504913092235,103.35747266485745,-10.209031889848042,False
2023-10-22,106.0,196.0,131.0,9506.0,454.0,196.0,"9,506",454.0,131.0,454.0,66.84,4.775930990953083,428.3018867924528,-25.0,-323.0,9702.0,346.56488549618325,78.14285714285714,94.71428571428572,390.1428571428572,2023-10,0.6683673469387755,0.047759309909530825,4.78,-348.0,-29041.0,False,0,9702.0,Reducing,Sunday,427.8227800259815,108.71582784711251,-8.66393411800096,False
2023-10-23,86.0,152.0,168.0,9436.0,327.0,152.0,"9,436",327.0,168.0,327.0,110.53,3.465451462484104,380.2325581395349,-82.0,-159.0,9588.0,194.64285714285717,85.0,107.0,380.0,2023-10,1.105263157894737,0.03465451462484104,3.47,-241.0,-29282.0,False,0,9588.0,Reducing,Monday,386.29092338088446,135.34043042446325,-43.83653241032096,False
2023-10-24,84.0,118.0,136.0,9396.0,300.0,118.0,"9,396",300.0,136.0,300.0,115.25,3.1928480204342278,357.1428571428572,-52.0,-164.0,9514.0,220.58823529411765,89.0,116.71428571428572,360.8571428571428,2023-10,1.152542372881356,0.031928480204342274,3.19,-216.0,-29498.0,False,0,9514.0,Reducing,Tuesday,326.6270578346659,90.33748721201898,13.32973556395034,False
2023-10-25,59.0,64.0,117.0,9351.0,293.0,64.0,"9,351",293.0,117.0,293.0,182.81,3.1333547214201687,496.6101694915254,-58.0,-176.0,9415.0,250.42735042735043,86.85714285714286,122.0,355.42857142857144,2023-10,1.828125,0.03133354721420169,3.13,-234.0,-29732.0,False,0,9415.0,Reducing,Wednesday,303.29525075285886,85.02014014356428,13.52706552706553,False
2023-10-26,62.0,97.0,52.0,9235.0,390.0,97.0,"9,235",390.0,52.0,390.0,53.61,4.223064428803465,629.0322580645161,10.0,-338.0,9332.0,750.0,86.0,114.85714285714286,366.1428571428572,2023-10,0.5360824742268041,0.04223064428803465,4.22,-328.0,-30060.0,False,0,9332.0,Reducing,Thursday,366.3204608368925,189.33210538286625,199.48805460750853,False
2023-10-29,91.0,75.0,97.0,8925.0,418.0,75.0,"8,925",418.0,97.0,418.0,129.33,4.683473389355743,459.3406593406593,-6.0,-321.0,9000.0,430.9278350515464,85.85714285714286,115.42857142857144,369.7142857142857,2023-10,1.2933333333333332,0.046834733893557426,4.68,-327.0,-30387.0,False,0,9000.0,Reducing,Sunday,367.51291653550055,189.7712779377663,-42.54295532646047,False
2023-10-30,29.0,51.0,11.0,9026.0,278.0,51.0,"9,026",278.0,11.0,278.0,21.57,3.079991136716153,958.6206896551724,18.0,-267.0,9077.0,2527.2727272727275,73.85714285714286,101.71428571428572,351.42857142857144,2023-10,0.21568627450980393,0.030799911367161533,3.08,-249.0,-30636.0,False,0,9077.0,Reducing,Monday,674.346270097826,838.7959706391399,486.47237929534583,False
2023-10-31,33.0,53.0,34.0,9072.0,295.0,53.0,"9,072",295.0,34.0,295.0,64.15,3.2517636684303355,893.939393939394,-1.0,-261.0,9125.0,867.6470588235294,63.42857142857143,87.85714285714286,328.7142857142857,2023-10,0.6415094339622641,0.03251763668430335,3.25,-262.0,-30898.0,False,0,9125.0,Reducing,Tuesday,748.7865805731611,827.9097296029825,-65.66864155734237,False
2023-11-01,132.0,235.0,197.0,9250.0,279.0,235.0,"9,250",279.0,197.0,279.0,83.83,3.016216216216216,211.3636363636364,-65.0,-82.0,9485.0,141.6243654822335,70.0,92.0,321.85714285714283,2023-11,0.8382978723404255,0.03016216216216216,3.02,-147.0,-31045.0,False,0,9485.0,Reducing,Wednesday,741.2125103359293,834.0439882149415,-83.67719177492903,False
2023-11-02,174.0,208.0,256.0,9442.0,330.0,208.0,"9,442",330.0,256.0,330.0,123.08,3.495022241050625,189.6551724137931,-82.0,-74.0,9650.0,128.90625,82.85714285714286,109.14285714285714,326.1428571428572,2023-11,1.2307692307692308,0.03495022241050625,3.5,-156.0,-31201.0,False,0,9650.0,Reducing,Thursday,728.115083865341,844.2397732366089,-8.980174731182789,False
2023-11-05,123.0,230.0,167.0,9273.0,370.0,230.0,"9,273",370.0,167.0,370.0,72.61,3.990078723174809,300.8130081300813,-44.0,-203.0,9503.0,221.5568862275449,92.0,116.28571428571428,337.1428571428572,2023-11,0.7260869565217392,0.039900787231748086,3.99,-247.0,-31448.0,False,0,9503.0,Reducing,Sunday,723.9907318367975,847.0282692298356,71.87443295227726,False
2023-11-06,123.0,233.0,159.0,9286.0,316.0,233.0,"9,286",316.0,159.0,316.0,68.24,3.4029722162395006,256.9105691056911,-36.0,-157.0,9519.0,198.74213836477983,100.71428571428572,131.57142857142858,326.57142857142856,2023-11,0.6824034334763949,0.034029722162395006,3.4,-193.0,-31641.0,False,0,9519.0,Reducing,Monday,645.2396087460518,869.5342393531259,-10.29746727859937,False
2023-11-07,141.0,232.0,188.0,9483.0,231.0,232.0,"9,483",231.0,188.0,231.0,81.03,2.4359379943056,163.82978723404256,-47.0,-43.0,9715.0,122.87234042553192,107.85714285714286,144.57142857142858,299.85714285714283,2023-11,0.8103448275862069,0.024359379943055995,2.44,-90.0,-31731.0,False,0,9715.0,Reducing,Tuesday,601.2316809423353,889.7490192132867,-38.17499326690007,False
2023-11-08,158.0,226.0,191.0,9634.0,310.0,226.0,"9,634",310.0,191.0,310.0,84.51,3.217770396512352,196.2025316455696,-33.0,-119.0,9860.0,162.30366492146598,126.28571428571428,170.28571428571428,304.42857142857144,2023-11,0.8451327433628318,0.03217770396512352,3.22,-152.0,-31883.0,False,0,9860.0,Reducing,Wednesday,263.3789577492979,268.92760991944766,32.09129439495933,False
2023-11-12,96.0,160.0,233.0,9477.0,313.0,160.0,"9,477",313.0,233.0,313.0,145.62,3.302732932362562,326.04166666666663,-137.0,-80.0,9637.0,134.33476394849785,135.28571428571428,198.7142857142857,307.0,2023-11,1.45625,0.03302732932362562,3.3,-217.0,-32100.0,False,0,9637.0,Reducing,Sunday,158.62005848143627,37.91181304259997,-17.232451889796497,False
2023-11-13,141.0,173.0,129.0,9510.0,287.0,173.0,"9,510",287.0,129.0,287.0,74.57,3.017875920084122,203.54609929078012,12.0,-158.0,9683.0,222.4806201550388,136.57142857142858,189.0,308.1428571428572,2023-11,0.7456647398843931,0.030178759200841218,3.02,-146.0,-32246.0,False,0,9683.0,Reducing,Monday,170.17095200612275,43.74012112709313,65.6165638853803,False
2023-11-14,116.0,181.0,182.0,9665.0,247.0,181.0,"9,665",247.0,182.0,247.0,100.55,2.555613036730471,212.93103448275863,-66.0,-65.0,9846.0,135.71428571428572,128.28571428571428,178.42857142857142,296.2857142857143,2023-11,1.0055248618784531,0.025556130367304707,2.56,-131.0,-32377.0,False,0,9846.0,Reducing,Tuesday,171.14352853673498,42.73377676930802,-38.99950223992036,False
2023-11-15,150.0,157.0,201.0,9762.0,316.0,157.0,"9,762",316.0,201.0,316.0,128.03,3.237041589838148,210.66666666666663,-51.0,-115.0,9919.0,157.2139303482587,132.14285714285714,183.28571428571428,288.57142857142856,2023-11,1.2802547770700636,0.03237041589838148,3.24,-166.0,-32543.0,False,0,9919.0,Reducing,Wednesday,161.95167769683695,36.556235858388106,15.841843414506407,False
2023-11-16,80.0,176.0,125.0,9762.0,374.0,176.0,"9,762",374.0,125.0,374.0,71.02,3.831182134808441,467.5,-45.0,-249.0,9938.0,299.2,126.0,178.42857142857142,296.85714285714283,2023-11,0.7102272727272727,0.03831182134808441,3.83,-294.0,-32837.0,False,0,9938.0,Reducing,Thursday,176.30280078758273,63.32460175150195,90.31392405063289,False
2023-11-19,116.0,188.0,164.0,9573.0,435.0,188.0,"9,573",435.0,164.0,435.0,87.23,4.544030084612974,375.0,-48.0,-271.0,9761.0,265.2439024390244,122.42857142857144,175.0,326.0,2023-11,0.8723404255319149,0.04544030084612974,4.54,-319.0,-33156.0,False,0,9761.0,Reducing,Sunday,196.64159536093874,66.1060645698879,-11.348963088561359,False
2023-11-20,105.0,185.0,158.0,9638.0,298.0,185.0,"9,638",298.0,158.0,298.0,85.41,3.091927785847686,283.8095238095238,-53.0,-140.0,9823.0,188.6075949367089,114.85714285714286,170.28571428571428,324.2857142857143,2023-11,0.8540540540540541,0.03091927785847686,3.09,-193.0,-33349.0,False,0,9823.0,Reducing,Monday,200.39929964883063,64.55834562994535,-28.89276880547067,False
2023-11-21,136.0,246.0,123.0,9804.0,250.0,246.0,"9,804",250.0,123.0,250.0,50.0,2.5499796001631987,183.8235294117647,13.0,-127.0,10050.0,203.25203252032523,120.57142857142856,154.57142857142858,315.2857142857143,2023-11,0.5,0.025499796001631988,2.55,-114.0,-33463.0,False,0,10050.0,Reducing,Tuesday,210.24462373052026,57.69428381055035,7.764500463796575,False
2023-11-23,128.0,228.0,177.0,9838.0,283.0,228.0,"9,838",283.0,177.0,283.0,77.63,2.876600935149421,221.09375,-49.0,-106.0,10066.0,159.8870056497175,118.71428571428572,161.42857142857142,314.7142857142857,2023-11,0.7763157894736842,0.028766009351494207,2.88,-155.0,-33618.0,False,0,10066.0,Reducing,Thursday,201.30267880118862,60.27470965353926,-21.335593220339,False
2023-11-26,90.0,196.0,205.0,9845.0,312.0,196.0,"9,845",312.0,205.0,312.0,104.59,3.1691213814118844,346.6666666666667,-115.0,-107.0,10041.0,152.1951219512195,115.0,164.71428571428572,324.0,2023-11,1.0459183673469388,0.031691213814118845,3.17,-222.0,-33840.0,False,0,10041.0,Reducing,Sunday,203.65708397789348,57.54585998547731,-4.810824786693102,False
2023-11-27,56.0,82.0,68.0,10123.0,214.0,82.0,"10,123",214.0,68.0,214.0,82.93,2.113997826731206,382.1428571428572,-12.0,-146.0,10205.0,314.7058823529412,101.57142857142856,145.71428571428572,309.42857142857144,2023-11,0.8292682926829268,0.02113997826731206,2.11,-158.0,-33998.0,False,0,10205.0,Reducing,Monday,226.15593426427668,66.45880586350908,106.77790346907999,False
2023-11-28,74.0,103.0,80.0,10223.0,223.0,103.0,"10,223",223.0,80.0,223.0,77.67,2.181355766409077,301.3513513513513,-6.0,-143.0,10326.0,278.75,100.71428571428572,139.28571428571428,287.85714285714283,2023-11,0.7766990291262136,0.021813557664090776,2.18,-149.0,-34147.0,False,0,10326.0,Reducing,Tuesday,223.2345056928481,63.076136874342495,-11.425233644859823,False
2023-11-29,68.0,107.0,102.0,10398.0,284.0,107.0,"10,398",284.0,102.0,284.0,95.33,2.7312944797076364,417.6470588235295,-34.0,-182.0,10505.0,278.4313725490196,93.85714285714286,130.42857142857142,266.2857142857143,2023-11,0.9532710280373832,0.027312944797076362,2.73,-216.0,-34363.0,False,0,10505.0,Reducing,Wednesday,225.11842999427603,64.71560187761325,-0.1143058120109064,False
2023-11-30,92.0,124.0,93.0,10536.0,320.0,124.0,"10,536",320.0,93.0,320.0,75.0,3.037205770690964,347.8260869565217,-1.0,-227.0,10660.0,344.0860215053763,92.0,121.14285714285714,269.42857142857144,2023-11,0.75,0.030372057706909643,3.04,-228.0,-34591.0,False,0,10660.0,Reducing,Thursday,247.32963378979989,75.82385123134361,23.580190822353476,False
2023-12-03,132.0,235.0,197.0,10579.0,417.0,235.0,"10,579",417.0,197.0,417.0,83.83,3.941771433972965,315.90909090909093,-65.0,-220.0,10814.0,211.6751269035533,91.42857142857144,131.71428571428572,293.2857142857143,2023-12,0.8382978723404255,0.039417714339729654,3.94,-285.0,-34876.0,False,0,10814.0,Reducing,Sunday,248.5329329874039,75.07086864893677,-38.48191624365482,False
2023-12-04,174.0,208.0,256.0,10635.0,273.0,208.0,"10,635",273.0,256.0,273.0,123.08,2.5669957686882934,156.89655172413794,-82.0,-17.0,10843.0,106.640625,98.0,143.0,291.85714285714283,2023-12,1.2307692307692308,0.025669957686882933,2.57,-99.0,-34975.0,False,0,10843.0,Reducing,Monday,240.92630718030142,87.25834559655259,-49.62061600719424,False
2023-12-05,123.0,230.0,167.0,10761.0,261.0,230.0,"10,761",261.0,167.0,261.0,72.61,2.4254251463618623,212.19512195121956,-44.0,-94.0,10991.0,156.2874251497006,102.71428571428572,137.57142857142858,284.57142857142856,2023-12,0.7260869565217392,0.024254251463618624,2.43,-138.0,-35113.0,False,0,10991.0,Reducing,Tuesday,241.51092192294158,86.57582221761415,46.55524116601961,False
2023-12-06,123.0,233.0,159.0,10832.0,376.0,233.0,"10,832",376.0,159.0,376.0,68.24,3.471196454948301,305.6910569105691,-36.0,-217.0,11065.0,236.47798742138363,112.28571428571428,150.57142857142858,307.7142857142857,2023-12,0.6824034334763949,0.03471196454948301,3.47,-253.0,-35366.0,False,0,11065.0,Reducing,Wednesday,230.3355083612905,80.38017694614946,51.30967011253282,False
2023-12-07,141.0,232.0,188.0,10897.0,466.0,232.0,"10,897",466.0,188.0,466.0,81.03,4.276406350371662,330.49645390070924,-47.0,-278.0,11129.0,247.8723404255319,121.85714285714286,166.0,342.42857142857144,2023-12,0.8103448275862069,0.04276406350371662,4.28,-325.0,-35691.0,False,0,11129.0,Reducing,Thursday,225.9244141363665,78.09525197662191,4.818356722498862,False
2023-12-10,158.0,226.0,191.0,10871.0,411.0,226.0,"10,871",411.0,191.0,411.0,84.51,3.780700947474933,260.126582278481,-33.0,-220.0,11097.0,215.18324607329845,134.71428571428572,178.71428571428572,360.57142857142856,2023-12,0.8451327433628318,0.03780700947474933,3.78,-253.0,-35944.0,False,0,11097.0,Reducing,Sunday,216.88896749697773,74.587898063907,-13.187874974720792,False
2023-12-11,96.0,160.0,233.0,10998.0,304.0,160.0,"10,998",304.0,233.0,304.0,145.62,2.7641389343517,316.66666666666663,-137.0,-71.0,11158.0,130.47210300429185,135.28571428571428,198.7142857142857,358.2857142857143,2023-12,1.45625,0.027641389343517002,2.76,-208.0,-36152.0,False,0,11158.0,Reducing,Monday,186.37269342539426,55.00031857998404,-39.36697889581572,False
2023-12-12,141.0,173.0,129.0,11077.0,259.0,173.0,"11,077",259.0,129.0,259.0,74.57,2.338178207095784,183.68794326241132,12.0,-130.0,11250.0,200.7751937984496,136.57142857142858,189.0,335.7142857142857,2023-12,0.7456647398843931,0.02338178207095784,2.34,-118.0,-36270.0,False,0,11250.0,Reducing,Tuesday,184.81556012466515,54.31460284255045,53.88361893104854,False
2023-12-13,116.0,181.0,182.0,11192.0,335.0,181.0,"11,192",335.0,182.0,335.0,100.55,2.9932094353109364,288.7931034482759,-66.0,-153.0,11373.0,184.06593406593404,128.28571428571428,178.42857142857142,344.57142857142856,2023-12,1.0055248618784531,0.029932094353109364,2.99,-219.0,-36489.0,False,0,11373.0,Reducing,Wednesday,195.87631856265574,42.29522295441338,-8.322372608086903,False
2023-12-14,150.0,157.0,201.0,11242.0,396.0,157.0,"11,242",396.0,201.0,396.0,128.03,3.522504892367906,264.0,-51.0,-195.0,11399.0,197.01492537313436,132.14285714285714,183.28571428571428,363.8571428571428,2023-12,1.2802547770700636,0.03522504892367906,3.52,-246.0,-36735.0,False,0,11399.0,Reducing,Thursday,201.69453288028913,38.57972249655333,7.0349743818222565,False
2023-12-17,80.0,176.0,125.0,11092.0,456.0,176.0,"11,092",456.0,125.0,456.0,71.02,4.111071042192571,570.0,-45.0,-331.0,11268.0,364.8,126.0,178.42857142857142,375.2857142857143,2023-12,0.7102272727272727,0.04111071042192571,4.11,-376.0,-37111.0,False,0,11268.0,Reducing,Sunday,220.0262489629486,72.9971596710521,85.16363636363633,False
2023-12-18,116.0,188.0,164.0,11149.0,364.0,188.0,"11,149",364.0,164.0,364.0,87.23,3.264866804197686,313.7931034482759,-48.0,-200.0,11337.0,221.95121951219517,122.42857142857144,175.0,360.7142857142857,2023-12,0.8723404255319149,0.03264866804197686,3.26,-248.0,-37359.0,False,0,11337.0,Reducing,Monday,216.3232316896148,71.99979891596122,-39.15810868635001,False
2023-12-19,105.0,185.0,158.0,11291.0,272.0,185.0,"11,291",272.0,158.0,272.0,85.41,2.4089983172438227,259.04761904761904,-53.0,-114.0,11476.0,172.15189873417722,114.85714285714286,170.28571428571428,340.85714285714283,2023-12,0.8540540540540541,0.024089983172438226,2.41,-167.0,-37526.0,False,0,11476.0,Reducing,Tuesday,210.17589635545463,73.92462966823429,-22.43705661427181,False
2023-12-20,136.0,246.0,123.0,11516.0,390.0,246.0,"11,516",390.0,123.0,390.0,50.0,3.386592566863494,286.7647058823529,13.0,-267.0,11762.0,317.0731707317073,120.57142857142856,154.57142857142858,353.1428571428572,2023-12,0.5,0.033865925668634944,3.39,-254.0,-37780.0,False,0,11762.0,Reducing,Wednesday,236.83319174508537,74.0373307208266,84.18220946915349,False
2023-12-21,128.0,228.0,177.0,11375.0,497.0,228.0,"11,375",497.0,177.0,497.0,77.63,4.369230769230769,388.28125,-49.0,-320.0,11603.0,280.7909604519774,118.71428571428572,161.42857142857142,387.1428571428572,2023-12,0.7763157894736842,0.04369230769230769,4.37,-369.0,-38149.0,False,0,11603.0,Reducing,Thursday,248.26401555273222,73.71862962746607,-11.442850934376347,False
2023-12-25,90.0,196.0,205.0,11144.0,347.0,196.0,"11,144",347.0,205.0,347.0,104.59,3.1137832017229004,385.55555555555554,-115.0,-142.0,11340.0,169.2682926829268,115.0,164.71428571428572,388.8571428571428,2023-12,1.0459183673469388,0.031137832017229004,3.11,-257.0,-38406.0,False,0,11340.0,Reducing,Monday,246.15006678373115,76.04194811008473,-39.71732836040635,False
2023-12-26,56.0,82.0,68.0,11217.0,288.0,82.0,"11,217",288.0,68.0,288.0,82.93,2.567531425514844,514.2857142857143,-12.0,-220.0,11299.0,423.5294117647059,101.57142857142856,145.71428571428572,373.4285714285714,2023-12,0.8292682926829268,0.025675314255148435,2.57,-232.0,-38638.0,False,0,11299.0,Reducing,Tuesday,278.5092791253843,96.96529170713258,150.21190032208852,False
2023-12-27,74.0,103.0,80.0,11206.0,335.0,103.0,"11,206",335.0,80.0,335.0,77.67,2.989469926824915,452.7027027027027,-6.0,-255.0,11309.0,418.75,100.71428571428572,139.28571428571428,356.1428571428572,2023-12,0.7766990291262136,0.029894699268249152,2.99,-261.0,-38899.0,False,0,11309.0,Reducing,Wednesday,286.21642198252715,106.62955945728189,-1.128472222222232,False
2023-12-28,68.0,107.0,102.0,11230.0,357.0,107.0,"11,230",357.0,102.0,357.0,95.33,3.1789848619768475,525.0,-34.0,-255.0,11337.0,350.0,93.85714285714286,130.42857142857142,355.1428571428572,2023-12,0.9532710280373832,0.031789848619768475,3.18,-289.0,-39188.0,False,0,11337.0,Reducing,Thursday,304.5091049093564,104.73390929386386,-16.417910447761198,False
2024-01-01,92.0,124.0,93.0,10870.0,290.0,124.0,"10,870",290.0,93.0,290.0,75.0,2.667893284268629,315.2173913043478,-1.0,-197.0,10994.0,311.8279569892473,92.0,121.14285714285714,357.7142857142857,2024-01,0.75,0.02667893284268629,2.67,-198.0,-39386.0,False,0,10994.0,Reducing,Monday,324.46282751722356,87.14282221707299,-10.906298003072202,False
2024-01-02,113.0,162.0,107.0,10770.0,316.0,162.0,"10,770",316.0,107.0,316.0,66.05,2.934076137418756,279.646017699115,6.0,-209.0,10932.0,295.3271028037383,88.71428571428571,118.85714285714286,347.1428571428572,2024-01,0.6604938271604939,0.02934076137418756,2.93,-203.0,-39589.0,False,0,10932.0,Reducing,Tuesday,321.3562463846565,87.83503124852678,-5.291653238801164,False
2024-01-03,106.0,196.0,131.0,10718.0,263.0,196.0,"10,718",263.0,131.0,263.0,66.84,2.453816010449711,248.1132075471698,-25.0,-132.0,10914.0,200.763358778626,85.57142857142857,112.28571428571428,313.7142857142857,2024-01,0.6683673469387755,0.02453816010449711,2.45,-157.0,-39746.0,False,0,10914.0,Reducing,Wednesday,309.9237318598921,98.5495997678547,-32.020001932553846,False
2024-01-04,86.0,152.0,168.0,10558.0,362.0,152.0,"10,558",362.0,168.0,362.0,110.53,3.428679674180716,420.9302325581396,-82.0,-194.0,10710.0,215.47619047619045,85.0,107.0,315.85714285714283,2024-01,1.105263157894737,0.03428679674180716,3.43,-276.0,-40022.0,False,0,10710.0,Reducing,Thursday,316.52486011607255,88.6035203683666,7.328444685859092,False
2024-01-07,84.0,118.0,136.0,9670.0,367.0,118.0,"9,670",367.0,136.0,367.0,115.25,3.795243019648397,436.9047619047618,-52.0,-231.0,9788.0,269.8529411764706,89.0,116.71428571428572,327.1428571428572,2024-01,1.152542372881356,0.03795243019648397,3.8,-283.0,-40305.0,False,0,9788.0,Reducing,Sunday,294.57107860346747,75.78260268146713,25.23561910952228,False
2024-01-08,59.0,64.0,117.0,9670.0,367.0,64.0,"9,670",367.0,117.0,367.0,182.81,3.795243019648397,622.0338983050848,-58.0,-250.0,9734.0,313.6752136752137,86.85714285714286,122.0,331.7142857142857,2024-01,1.828125,0.03795243019648397,3.8,-308.0,-40613.0,False,0,9734.0,Reducing,Monday,279.56039484278375,54.50586556196373,16.239316239316224,False
2024-01-09,62.0,97.0,52.0,9311.0,286.0,97.0,"9,311",286.0,52.0,286.0,53.61,3.0716356997100203,461.2903225806452,10.0,-234.0,9408.0,550.0,86.0,114.85714285714286,321.57142857142856,2024-01,0.5360824742268041,0.030716356997100205,3.07,-224.0,-40837.0,False,0,9408.0,Reducing,Tuesday,308.1318234142123,115.6769154675743,75.34059945504086,False
2024-01-10,91.0,75.0,97.0,9144.0,349.0,75.0,"9,144",349.0,97.0,349.0,129.33,3.816710411198601,383.5164835164835,-6.0,-252.0,9219.0,359.7938144329897,85.85714285714286,115.42857142857144,330.0,2024-01,1.2933333333333332,0.038167104111986004,3.82,-258.0,-41095.0,False,0,9219.0,Reducing,Wednesday,314.9840887633184,117.34103982428867,-34.58294283036552,False
2024-01-11,29.0,51.0,11.0,8829.0,476.0,51.0,"8,829",476.0,11.0,476.0,21.57,5.391324045758297,1641.3793103448277,18.0,-465.0,8880.0,4327.272727272727,73.85714285714286,101.71428571428572,352.85714285714283,2024-01,0.21568627450980393,0.053913240457582966,5.39,-447.0,-41542.0,False,0,8880.0,Reducing,Thursday,890.9763208303167,1519.776183059328,1102.7090388121908,False
2024-01-15,33.0,53.0,34.0,8033.0,234.0,53.0,"8,033",234.0,34.0,234.0,64.15,2.9129839412423757,709.0909090909091,-1.0,-200.0,8086.0,688.2352941176471,63.42857142857143,87.85714285714286,348.7142857142857,2024-01,0.6415094339622641,0.029129839412423753,2.91,-201.0,-41743.0,False,0,8086.0,Reducing,Monday,960.6151687358913,1493.8251173040812,-84.09540286702916,False
2024-01-16,32.0,49.0,39.0,8133.0,188.0,49.0,"8,133",188.0,39.0,188.0,79.59,2.311570146317472,587.5,-7.0,-149.0,8182.0,482.0512820512821,55.71428571428572,69.42857142857143,323.85714285714283,2024-01,0.7959183673469388,0.02311570146317472,2.31,-156.0,-41899.0,False,0,8182.0,Reducing,Tuesday,998.6973246751901,1474.9418310022254,-29.958360727591494,False
2024-01-17,80.0,176.0,125.0,8072.0,353.0,176.0,"8,072",353.0,125.0,353.0,71.02,4.373141724479683,441.25,-45.0,-228.0,8248.0,282.4,55.142857142857146,67.85714285714286,321.85714285714283,2024-01,0.7102272727272727,0.04373141724479683,4.37,-273.0,-42172.0,False,0,8248.0,Reducing,Wednesday,1000.48976164998,1473.9157405365381,-41.417021276595754,False
2024-01-18,116.0,188.0,164.0,8042.0,359.0,188.0,"8,042",359.0,164.0,359.0,87.23,4.464063665754788,309.48275862068965,-48.0,-195.0,8230.0,218.90243902439025,63.285714285714285,74.57142857142857,320.7142857142857,2024-01,0.8723404255319149,0.044640636657547875,4.46,-243.0,-42415.0,False,0,8230.0,Reducing,Thursday,986.9507938427195,1481.6908728005358,-22.484972016858972,False
2024-01-21,105.0,185.0,158.0,7974.0,371.0,185.0,"7,974",371.0,158.0,371.0,85.41,4.652621018309506,353.3333333333333,-53.0,-213.0,8159.0,234.81012658227849,69.42857142857143,89.71428571428571,332.85714285714283,2024-01,0.8540540540540541,0.04652621018309506,4.65,-266.0,-42681.0,False,0,8159.0,Reducing,Sunday,941.9236690687593,1501.834686230579,7.267021614188507,False
2024-01-22,136.0,246.0,123.0,8008.0,222.0,246.0,"8,008",222.0,123.0,222.0,50.0,2.7722277722277724,163.23529411764704,13.0,-99.0,8254.0,180.4878048780488,75.85714285714286,93.42857142857144,314.7142857142857,2024-01,0.5,0.027722277722277724,2.77,-86.0,-42767.0,False,0,8254.0,Reducing,Monday,916.308524846625,1514.890590489115,-23.134573663795933,False
2024-01-23,128.0,228.0,177.0,8133.0,202.0,228.0,"8,133",202.0,177.0,202.0,77.63,2.4837083487028155,157.8125,-49.0,-25.0,8361.0,114.12429378531073,90.0,117.14285714285714,275.57142857142856,2024-01,0.7763157894736842,0.024837083487028157,2.48,-74.0,-42841.0,False,0,8361.0,Reducing,Tuesday,314.4301772055655,200.9896099022417,-36.768972362192706,False
2024-01-24,90.0,196.0,205.0,8212.0,243.0,196.0,"8,212",243.0,205.0,243.0,104.59,2.959084266926449,270.0,-115.0,-38.0,8408.0,118.53658536585364,98.14285714285714,141.57142857142858,276.85714285714283,2024-01,1.0459183673469388,0.02959084266926449,2.96,-153.0,-42994.0,False,0,8408.0,Reducing,Wednesday,233.0446473838807,125.60503066865707,3.8662158898816523,False
2024-01-25,102.0,189.0,155.0,8180.0,293.0,189.0,"8,180",293.0,155.0,293.0,82.01,3.581907090464548,287.2549019607843,-53.0,-138.0,8369.0,189.03225806451613,108.14285714285714,158.14285714285714,291.85714285714283,2024-01,0.8201058201058201,0.03581907090464548,3.58,-191.0,-43185.0,False,0,8369.0,Reducing,Thursday,191.18478681434271,61.00108358675827,59.4716580379663,False
2024-01-28,120.0,257.0,126.0,8004.0,307.0,257.0,"8,004",307.0,126.0,307.0,49.03,3.835582208895552,255.8333333333333,-6.0,-181.0,8261.0,243.6507936507936,113.85714285714286,158.28571428571428,285.2857142857143,2024-01,0.490272373540856,0.03835582208895552,3.84,-187.0,-43372.0,False,0,8261.0,Reducing,Sunday,185.6491859073132,52.51152223972097,28.893764559293533,False
2024-01-29,137.0,272.0,166.0,8057.0,195.0,272.0,"8,057",195.0,166.0,195.0,61.03,2.4202556782921683,142.33576642335763,-29.0,-29.0,8329.0,117.46987951807228,116.85714285714286,158.57142857142858,261.85714285714283,2024-01,0.6102941176470589,0.024202556782921682,2.42,-58.0,-43430.0,False,0,8329.0,Reducing,Monday,171.15882026355348,55.703985358645035,-51.78760645186608,False
2024-01-30,93.0,198.0,208.0,8182.0,187.0,198.0,"8,182",187.0,208.0,187.0,105.05,2.285504766560743,201.0752688172043,-115.0,21.0,8380.0,89.90384615384616,115.14285714285714,165.71428571428572,235.57142857142856,2024-01,1.0505050505050506,0.02285504766560743,2.29,-94.0,-43524.0,False,0,8380.0,Reducing,Tuesday,150.45792305949175,55.02847129007234,-23.466469428007876,False
2024-01-31,203.0,477.0,258.0,8153.0,266.0,477.0,"8,153",266.0,258.0,266.0,54.09,3.262602722924077,131.0344827586207,-55.0,-8.0,8630.0,103.10077519379846,124.71428571428572,185.0,241.8571428571429,2024-01,0.5408805031446541,0.03262602722924077,3.26,-63.0,-43587.0,False,0,8630.0,Reducing,Wednesday,139.40263310459883,55.75865480676998,14.678937113957623,False
2024-02-01,222.0,459.0,289.0,8026.0,337.0,459.0,"8,026",337.0,289.0,337.0,62.96,4.198853725392474,151.80180180180182,-67.0,-48.0,8485.0,116.6089965397924,138.14285714285714,201.0,261.1428571428572,2024-02,0.6296296296296297,0.04198853725392474,4.2,-115.0,-43702.0,False,0,8485.0,Reducing,Thursday,139.75759064095337,55.5785314971862,13.101959049873834,False
2024-02-04,253.0,531.0,248.0,7813.0,342.0,531.0,"7,813",342.0,248.0,342.0,46.7,4.377319851529502,135.17786561264822,5.0,-94.0,8344.0,137.90322580645162,161.42857142857142,207.14285714285717,275.2857142857143,2024-02,0.4670433145009416,0.04377319851529502,4.38,-89.0,-43791.0,False,0,8344.0,Reducing,Sunday,142.5242535610388,54.82299641932863,18.26122331769886,False
2024-02-05,157.0,466.0,345.0,7872.0,242.0,466.0,"7,872",242.0,345.0,242.0,74.03,3.0741869918699187,154.14012738853503,-188.0,103.0,8338.0,70.14492753623188,169.28571428571428,234.28571428571428,268.0,2024-02,0.740343347639485,0.030741869918699188,3.07,-85.0,-43876.0,False,0,8338.0,Reducing,Monday,125.54034919985533,56.40621555559177,-49.134672429866946,False
2024-02-06,291.0,455.0,323.0,8045.0,178.0,455.0,"8,045",178.0,323.0,178.0,70.99,2.2125543816034803,61.16838487972509,-32.0,145.0,8500.0,55.10835913312694,193.7142857142857,262.42857142857144,249.57142857142856,2024-02,0.7098901098901099,0.022125543816034803,2.21,113.0,-43763.0,True,1,8500.0,High,Tuesday,98.60571569733152,28.931625380016843,-21.43643016145126,False
2024-02-07,227.0,453.0,330.0,8160.0,222.0,453.0,"8,160",222.0,330.0,222.0,72.85,2.7205882352941178,97.79735682819384,-103.0,108.0,8613.0,67.27272727272727,206.57142857142856,285.85714285714283,253.42857142857144,2024-02,0.7284768211920529,0.027205882352941177,2.72,5.0,-43758.0,True,2,8613.0,Moderate,Wednesday,91.43469394799651,29.687731189927526,22.073544433094973,False
2024-02-08,298.0,499.0,358.0,8188.0,315.0,499.0,"8,188",315.0,358.0,315.0,71.74,3.8470933072789446,105.70469798657716,-60.0,43.0,8687.0,87.98882681564247,235.8571428571429,307.2857142857143,271.7142857142857,2024-02,0.717434869739479,0.03847093307278945,3.85,-17.0,-43775.0,False,0,8687.0,Reducing,Thursday,91.16111975682456,29.713001937117323,30.79420202325234,False
2024-02-11,205.0,515.0,226.0,8056.0,347.0,515.0,"8,056",347.0,226.0,347.0,43.88,4.3073485600794434,169.2682926829268,-21.0,-121.0,8571.0,153.53982300884957,236.14285714285717,302.7142857142857,283.2857142857143,2024-02,0.4388349514563107,0.04307348560079444,4.31,-142.0,-43917.0,False,0,8571.0,Reducing,Sunday,98.36669801611757,38.04006582053938,74.49922741958139,False
2024-02-12,213.0,430.0,440.0,8092.0,234.0,430.0,"8,092",234.0,440.0,234.0,102.33,2.8917449332674248,109.85915492957749,-227.0,206.0,8522.0,53.18181818181819,234.8571428571429,324.2857142857143,268.57142857142856,2024-02,1.0232558139534884,0.028917449332674247,2.89,-21.0,-43938.0,False,0,8522.0,Reducing,Monday,89.30567253640697,40.44843688119323,-65.36285040607808,False
2024-02-13,227.0,369.0,349.0,8348.0,160.0,369.0,"8,348",160.0,349.0,160.0,94.58,1.9166267369429804,70.48458149779736,-122.0,189.0,8717.0,45.845272206303726,231.14285714285717,338.7142857142857,242.57142857142856,2024-02,0.94579945799458,0.019166267369429803,1.92,67.0,-43871.0,True,1,8717.0,High,Tuesday,76.15453630781441,36.81682994023296,-13.795214654813515,False
2024-02-14,185.0,322.0,272.0,8512.0,230.0,322.0,"8,512",230.0,272.0,230.0,84.47,2.702067669172932,124.32432432432432,-87.0,42.0,8834.0,84.55882352941177,235.14285714285717,328.2857142857143,240.8571428571429,2024-02,0.84472049689441,0.027020676691729324,2.7,-45.0,-43916.0,False,0,8834.0,Reducing,Wednesday,78.2136643068401,36.82777572790505,84.44393382352942,False
2024-02-15,333.0,508.0,272.0,8463.0,312.0,508.0,"8,463",312.0,272.0,312.0,53.54,3.686635944700461,93.69369369369367,61.0,-40.0,8971.0,114.70588235294116,241.14285714285717,321.0,260.0,2024-02,0.5354330708661418,0.03686635944700461,3.69,21.0,-43895.0,True,1,8971.0,Moderate,Thursday,86.727596195385,37.479167519489096,35.65217391304345,False
2024-02-19,249.0,420.0,371.0,8380.0,218.0,420.0,"8,380",218.0,371.0,218.0,88.33,2.6014319809069213,87.55020080321285,-122.0,153.0,8800.0,58.7601078167116,244.28571428571428,326.85714285714283,259.42857142857144,2024-02,0.8833333333333333,0.026014319809069212,2.6,31.0,-43864.0,True,2,8800.0,Moderate,Monday,85.51150770166849,38.34376170592626,-48.773239339277055,False
2024-02-20,149.0,395.0,273.0,8488.0,192.0,395.0,"8,488",192.0,273.0,192.0,69.11,2.2620169651272386,128.85906040268455,-124.0,81.0,8883.0,70.32967032967034,223.0,314.7142857142857,241.8571428571429,2024-02,0.6911392405063291,0.022620169651272386,2.26,-43.0,-43907.0,False,0,8883.0,Reducing,Tuesday,82.98877106081532,38.732557462357065,19.68948482709949,False
2024-02-21,232.0,430.0,318.0,8573.0,231.0,430.0,"8,573",231.0,318.0,231.0,73.95,2.6945060072320075,99.56896551724138,-86.0,87.0,9003.0,72.64150943396226,226.8571428571429,327.85714285714283,225.28571428571428,2024-02,0.7395348837209302,0.026945060072320073,2.69,1.0,-43906.0,True,1,9003.0,Moderate,Wednesday,71.4318691215457,23.079381348625777,3.287146226415083,False
2024-02-22,165.0,400.0,292.0,8607.0,293.0,400.0,"8,607",293.0,292.0,293.0,73.0,3.40420587893575,177.5757575757576,-127.0,-1.0,9007.0,100.34246575342463,220.0,306.7142857142857,233.7142857142857,2024-02,0.73,0.0340420587893575,3.4,-128.0,-44034.0,False,0,9007.0,Reducing,Thursday,78.16910448891805,23.738059862285667,38.13378402419496,False
2024-02-25,244.0,482.0,366.0,8404.0,329.0,482.0,"8,404",329.0,366.0,329.0,75.93,3.914802475011899,134.8360655737705,-122.0,37.0,8886.0,89.89071038251366,222.42857142857144,309.1428571428572,257.85714285714283,2024-02,0.7593360995850622,0.03914802475011899,3.91,-85.0,-44119.0,False,0,8886.0,Reducing,Sunday,84.46130994266233,19.13285081188051,-10.416083850873736,False
2024-02-26,199.0,438.0,326.0,8404.0,329.0,438.0,"8,404",329.0,326.0,329.0,74.43,3.914802475011899,165.32663316582915,-127.0,-3.0,8842.0,100.920245398773,224.42857142857144,316.85714285714283,272.0,2024-02,0.7442922374429224,0.03914802475011899,3.91,-130.0,-44249.0,False,0,8842.0,Reducing,Monday,86.79865592399965,20.120638761114456,12.269938650306745,False
2024-02-27,197.0,369.0,306.0,8650.0,206.0,369.0,"8,650",206.0,306.0,206.0,82.93,2.3815028901734103,104.56852791878173,-109.0,100.0,9019.0,67.3202614379085,205.0,321.7142857142857,256.85714285714283,2024-02,0.8292682926829268,0.023815028901734103,2.38,-9.0,-44258.0,False,0,9019.0,Reducing,Tuesday,80.02928150756642,16.876335402974252,-33.29360112839461,False
2024-02-28,209.0,447.0,274.0,8699.0,257.0,447.0,"8,699",257.0,274.0,257.0,61.3,2.954362570410392,122.9665071770335,-65.0,17.0,9146.0,93.7956204379562,199.28571428571428,307.85714285714283,262.42857142857144,2024-02,0.6129753914988815,0.02954362570410392,2.95,-48.0,-44306.0,False,0,9146.0,Reducing,Wednesday,85.0343547391728,14.55245232186273,39.32747501948835,False
2024-02-29,262.0,444.0,354.0,8724.0,299.0,444.0,"8,724",299.0,354.0,299.0,79.73,3.4273269142595137,114.12213740458014,-92.0,55.0,9168.0,84.4632768361582,215.42857142857144,319.42857142857144,277.7142857142857,2024-02,0.7972972972972973,0.03427326914259514,3.43,-37.0,-44343.0,False,0,9168.0,Reducing,Thursday,87.05344138295676,13.078000750261449,-9.949658159115382,False
2024-03-03,236.0,468.0,347.0,8594.0,354.0,468.0,"8,594",354.0,347.0,354.0,74.15,4.119152897370258,150.0,-111.0,-7.0,9062.0,102.0172910662824,216.0,323.57142857142856,295.2857142857143,2024-03,0.7414529914529915,0.04119152897370258,4.12,-118.0,-44461.0,False,0,9062.0,Reducing,Sunday,91.24998161614535,12.37700143467964,20.783013503223955,False
2024-03-04,225.0,509.0,340.0,8660.0,229.0,509.0,"8,660",229.0,340.0,229.0,66.8,2.644341801385681,101.77777777777776,-115.0,111.0,9169.0,67.3529411764706,224.57142857142856,330.42857142857144,286.1428571428572,2024-03,0.6679764243614931,0.02644341801385681,2.64,-4.0,-44465.0,False,0,9169.0,Reducing,Monday,86.53719239086622,14.4456659307661,-33.978896643403104,False
2024-03-05,246.0,472.0,345.0,8800.0,214.0,472.0,"8,800",214.0,345.0,214.0,73.09,2.4318181818181817,86.99186991869918,-99.0,131.0,9272.0,62.02898550724638,224.8571428571429,327.42857142857144,269.7142857142857,2024-03,0.7309322033898306,0.02431818181818182,2.43,32.0,-44433.0,True,1,9272.0,Moderate,Tuesday,82.55694598011374,16.983193537522205,-7.904563002341625,False
2024-03-06,230.0,457.0,277.0,8870.0,232.0,457.0,"8,870",232.0,277.0,232.0,60.61,2.6155580608793687,100.8695652173913,-47.0,45.0,9327.0,83.75451263537906,229.28571428571428,320.42857142857144,255.8571428571429,2024-03,0.6061269146608315,0.026155580608793687,2.62,-2.0,-44435.0,False,0,9327.0,Reducing,Wednesday,80.10469844248603,15.015003334728627,35.02479840750361,False
2024-03-07,181.0,424.0,328.0,8902.0,305.0,424.0,"8,902",305.0,328.0,305.0,77.36,3.426196360368457,168.50828729281767,-147.0,23.0,9326.0,92.9878048780488,227.0,323.57142857142856,270.0,2024-03,0.7735849056603774,0.03426196360368457,3.43,-124.0,-44559.0,False,0,9326.0,Reducing,Thursday,83.77149036250607,14.497798751675148,11.024232548360002,False
2024-03-10,190.0,368.0,326.0,8714.0,373.0,368.0,"8,714",373.0,326.0,373.0,88.59,4.280468212072527,196.31578947368425,-136.0,-47.0,9082.0,114.41717791411044,224.28571428571428,331.0,286.57142857142856,2024-03,0.8858695652173914,0.04280468212072527,4.28,-183.0,-44742.0,False,0,9082.0,Reducing,Sunday,86.71742714481381,18.434759689817806,23.045358543699066,False
2024-03-11,178.0,336.0,290.0,8757.0,253.0,336.0,"8,757",253.0,290.0,253.0,86.31,2.889117277606486,142.13483146067415,-112.0,37.0,9093.0,87.24137931034483,212.28571428571428,321.85714285714283,280.0,2024-03,0.8630952380952381,0.02889117277606486,2.89,-75.0,-44817.0,False,0,9093.0,Reducing,Monday,87.11429892684048,18.408028007304132,-23.751502264953327,False
2024-03-12,154.0,294.0,290.0,8843.0,213.0,294.0,"8,843",213.0,290.0,213.0,98.64,2.408684835463078,138.31168831168833,-136.0,77.0,9137.0,73.44827586206897,200.57142857142856,313.7142857142857,259.85714285714283,2024-03,0.9863945578231292,0.02408684835463078,2.41,-59.0,-44876.0,False,0,9137.0,Reducing,Tuesday,83.03301104052427,17.706851812823786,-15.810276679841895,False
2024-03-13,165.0,358.0,167.0,8819.0,239.0,358.0,"8,819",239.0,167.0,239.0,46.65,2.7100578296859057,144.84848484848484,-2.0,-72.0,9177.0,143.11377245508982,192.0,289.0,261.2857142857143,2024-03,0.4664804469273743,0.027100578296859055,2.71,-74.0,-44950.0,False,0,9177.0,Reducing,Wednesday,93.85598693746988,27.1571698853149,94.84973714542744,False
2024-03-14,166.0,301.0,252.0,8695.0,310.0,301.0,"8,695",310.0,252.0,310.0,83.72,3.565267395054629,186.74698795180723,-86.0,-58.0,8996.0,123.01587301587304,180.57142857142856,275.7142857142857,275.0,2024-03,0.8372093023255814,0.03565267395054629,3.57,-144.0,-45094.0,False,0,8996.0,Reducing,Thursday,102.56839943870226,24.936817733369494,-14.043302118615909,False
2024-03-17,127.0,260.0,259.0,8373.0,342.0,260.0,"8,373",342.0,259.0,342.0,99.62,4.084557506270154,269.2913385826772,-132.0,-83.0,8633.0,132.04633204633203,165.85714285714286,273.1428571428572,290.7142857142857,2024-03,0.9961538461538462,0.04084557506270154,4.08,-215.0,-45309.0,False,0,8633.0,Reducing,Sunday,109.46723078312412,25.537222273719173,7.340889276373108,False
2024-03-18,123.0,243.0,188.0,8333.0,283.0,243.0,"8,333",283.0,188.0,283.0,77.37,3.3961358454338173,230.0813008130081,-65.0,-95.0,8576.0,150.531914893617,157.57142857142858,253.14285714285717,287.57142857142856,2024-03,0.7736625514403292,0.033961358454338175,3.4,-160.0,-45469.0,False,0,8576.0,Reducing,Monday,117.68781792820529,28.44465023107346,13.99931566504915,False
2024-03-19,99.0,202.0,256.0,8390.0,197.0,202.0,"8,390",197.0,256.0,197.0,126.73,2.34803337306317,198.989898989899,-157.0,59.0,8592.0,76.953125,144.57142857142858,243.14285714285717,262.42857142857144,2024-03,1.2673267326732673,0.023480333730631704,2.35,-98.0,-45567.0,False,0,8592.0,Reducing,Tuesday,112.33581036904664,32.41064379713596,-48.879196113074194,False
2024-03-20,91.0,181.0,174.0,8365.0,227.0,181.0,"8,365",227.0,174.0,227.0,96.13,2.713687985654513,249.45054945054943,-83.0,-53.0,8546.0,130.45977011494253,132.14285714285714,226.57142857142856,258.7142857142857,2024-03,0.9613259668508287,0.02713687985654513,2.71,-136.0,-45703.0,False,0,8546.0,Reducing,Wednesday,118.5098661982749,30.915513034459234,69.5314779158644,False
2024-03-21,132.0,261.0,141.0,8292.0,235.0,261.0,"8,292",235.0,141.0,235.0,54.02,2.8340569223347805,178.03030303030303,-9.0,-94.0,8553.0,166.66666666666669,129.0,205.28571428571428,261.85714285714283,2024-03,0.5402298850574713,0.028340569223347805,2.83,-103.0,-45806.0,False,0,8553.0,Reducing,Thursday,131.82677917036028,28.230488799300957,27.753303964757727,False
2024-03-24,124.0,264.0,221.0,7899.0,373.0,264.0,"7,899",373.0,221.0,373.0,83.71,4.722116723635903,300.80645161290323,-97.0,-152.0,8163.0,168.77828054298644,123.14285714285714,213.0,281.0,2024-03,0.8371212121212122,0.04722116723635903,4.72,-249.0,-46055.0,False,0,8163.0,Reducing,Sunday,135.49313746863123,31.426329038900157,1.2669683257918507,False
2024-03-25,128.0,242.0,224.0,7899.0,229.0,242.0,"7,899",229.0,224.0,229.0,92.56,2.899101152044562,178.90625,-96.0,-5.0,8141.0,102.23214285714286,117.71428571428572,209.0,269.42857142857144,2024-03,0.9256198347107438,0.028991011520445625,2.9,-101.0,-46156.0,False,0,8141.0,Reducing,Monday,132.5240331602412,33.70110659095632,-39.42814055917273,False
2024-03-26,187.0,276.0,200.0,7919.0,208.0,276.0,"7,919",208.0,200.0,208.0,72.46,2.6265942669528983,111.22994652406418,-13.0,-8.0,8195.0,104.0,126.28571428571428,200.57142857142856,250.28571428571428,2024-03,0.7246376811594203,0.02626594266952898,2.63,-21.0,-46177.0,False,0,8195.0,Reducing,Tuesday,128.51741429647947,35.392110276788465,1.7292576419214,False
2024-03-27,129.0,287.0,185.0,7893.0,215.0,287.0,"7,893",215.0,185.0,215.0,64.46,2.723932598505004,166.66666666666669,-56.0,-30.0,8180.0,116.2162162162162,127.14285714285714,200.14285714285717,240.57142857142856,2024-03,0.6445993031358885,0.027239325985050043,2.72,-86.0,-46263.0,False,0,8180.0,Reducing,Wednesday,123.61517162827938,34.190803282191666,11.746361746361721,False
2024-03-28,161.0,288.0,248.0,7762.0,360.0,288.0,"7,762",360.0,248.0,360.0,86.11,4.637979902087091,223.60248447204967,-87.0,-112.0,8050.0,145.16129032258064,136.0,199.0,263.85714285714283,2024-03,0.8611111111111112,0.04637979902087091,4.64,-199.0,-46462.0,False,0,8050.0,Reducing,Thursday,133.3591952457909,27.797880122796084,24.90622655663919,False
2024-03-31,105.0,254.0,151.0,7257.0,287.0,254.0,"7,257",287.0,151.0,287.0,59.45,3.954802259887006,273.3333333333333,-46.0,-136.0,7511.0,190.0662251655629,138.0,195.7142857142857,272.42857142857144,2024-03,0.594488188976378,0.03954802259887006,3.95,-182.0,-46644.0,False,0,7511.0,Reducing,Sunday,141.87440311016525,34.9667748425704,30.934510669610017,False
2024-04-01,109.0,235.0,171.0,7271.0,172.0,235.0,"7,271",172.0,171.0,172.0,72.77,2.365561820932472,157.7981651376147,-62.0,-1.0,7506.0,100.58479532163742,134.71428571428572,200.0,263.42857142857144,2024-04,0.7276595744680852,0.023655618209324714,2.37,-63.0,-46707.0,False,0,7506.0,Reducing,Monday,132.43413577516105,36.061052177585005,-47.07907981335453,False
2024-04-02,101.0,230.0,175.0,7340.0,132.0,230.0,"7,340",132.0,175.0,132.0,76.09,1.7983651226158035,130.6930693069307,-74.0,43.0,7570.0,75.42857142857143,131.42857142857142,193.42857142857144,229.0,2024-04,0.7608695652173914,0.017983651226158037,1.8,-31.0,-46738.0,False,0,7570.0,Reducing,Tuesday,119.09846304453035,37.608184486549625,-25.009966777408632,False
2024-04-03,124.0,230.0,190.0,7346.0,163.0,230.0,"7,346",163.0,190.0,163.0,82.61,2.218894636536891,131.4516129032258,-66.0,27.0,7576.0,85.78947368421052,130.85714285714286,188.57142857142856,219.57142857142856,2024-04,0.8260869565217391,0.02218894636536891,2.22,-39.0,-46777.0,False,0,7576.0,Reducing,Wednesday,116.74951030554,39.31209780928015,13.73604465709728,False
2024-04-04,95.0,226.0,152.0,7317.0,225.0,226.0,"7,317",225.0,152.0,225.0,67.26,3.075030750307503,236.84210526315783,-57.0,-73.0,7543.0,148.0263157894737,117.71428571428572,181.7142857142857,222.0,2024-04,0.672566371681416,0.03075030750307503,3.08,-130.0,-46907.0,False,0,7543.0,Reducing,Thursday,123.03898398975055,40.43808518108598,72.54601226993869,False
2024-04-07,106.0,239.0,233.0,6982.0,279.0,239.0,"6,982",279.0,233.0,279.0,97.49,3.995989687768548,263.20754716981133,-127.0,-46.0,7221.0,119.74248927038629,114.42857142857144,188.57142857142856,231.14285714285717,2024-04,0.9748953974895398,0.039959896877685475,4.0,-173.0,-47080.0,False,0,7221.0,Reducing,Sunday,123.54273728320341,40.360815866289514,-19.10729613733905,False
2024-04-08,102.0,230.0,167.0,6988.0,199.0,230.0,"6,988",199.0,167.0,199.0,72.61,2.847738981110475,195.09803921568627,-65.0,-32.0,7218.0,119.16167664670658,106.0,177.0,208.14285714285717,2024-04,0.7260869565217392,0.02847738981110475,2.85,-97.0,-47177.0,False,0,7218.0,Reducing,Monday,119.82850675807853,39.21996949340786,-0.4850514025712238,False
2024-04-09,118.0,231.0,217.0,7043.0,130.0,231.0,"7,043",130.0,217.0,130.0,93.94,1.8458043447394576,110.16949152542372,-99.0,87.0,7274.0,59.90783410138248,107.85714285714286,186.42857142857144,185.7142857142857,2024-04,0.9393939393939394,0.018458043447394577,1.85,-12.0,-47189.0,False,0,7274.0,Reducing,Tuesday,101.23445089176703,30.183366202839423,-49.725586457633796,False
2024-04-10,117.0,244.0,142.0,6999.0,227.0,244.0,"6,999",227.0,142.0,227.0,58.2,3.243320474353479,194.017094017094,-25.0,-85.0,7243.0,159.85915492957747,109.0,182.28571428571428,193.57142857142856,2024-04,0.5819672131147541,0.03243320474353479,3.24,-110.0,-47299.0,False,0,7243.0,Reducing,Wednesday,109.7022165500442,37.41819088906906,166.8418201516794,False
2024-04-11,183.0,221.0,220.0,6912.0,285.0,221.0,"6,912",285.0,220.0,285.0,99.55,4.123263888888888,155.7377049180328,-37.0,-65.0,7133.0,129.54545454545453,120.71428571428572,188.7142857142857,215.42857142857144,2024-04,0.995475113122172,0.04123263888888889,4.12,-102.0,-47401.0,False,0,7133.0,Reducing,Thursday,117.43319985245606,34.64443360998401,-18.96275530636765,False
2024-04-14,128.0,245.0,243.0,6630.0,290.0,245.0,"6,630",290.0,243.0,290.0,99.18,4.374057315233785,226.5625,-115.0,-47.0,6875.0,119.34156378600822,121.28571428571428,196.28571428571428,233.57142857142856,2024-04,0.9918367346938776,0.043740573152337855,4.37,-162.0,-47563.0,False,0,6875.0,Reducing,Sunday,122.22635558128431,31.735670611962647,-7.876687603783116,False
2024-04-15,144.0,303.0,176.0,6681.0,191.0,303.0,"6,681",191.0,176.0,191.0,58.09,2.8588534650501423,132.63888888888889,-32.0,-15.0,6984.0,108.52272727272728,128.28571428571428,199.7142857142857,228.7142857142857,2024-04,0.5808580858085809,0.028588534650501422,2.86,-47.0,-47610.0,False,0,6984.0,Reducing,Monday,116.5829857931777,29.83883057154342,-9.065438871473342,False
2024-04-16,219.0,392.0,205.0,6685.0,163.0,392.0,"6,685",163.0,205.0,163.0,52.3,2.43829468960359,74.42922374429224,14.0,42.0,7077.0,79.51219512195122,144.42857142857142,195.7142857142857,212.14285714285717,2024-04,0.5229591836734694,0.0243829468960359,2.44,56.0,-47554.0,True,1,7077.0,High,Tuesday,110.83580091482982,32.85114148156207,-26.732218107521387,False
2024-04-17,182.0,371.0,274.0,6725.0,227.0,371.0,"6,725",227.0,274.0,227.0,73.85,3.37546468401487,124.72527472527472,-92.0,47.0,7096.0,82.84671532846716,155.85714285714286,211.0,216.14285714285717,2024-04,0.738544474393531,0.0337546468401487,3.38,-45.0,-47599.0,False,0,7096.0,Reducing,Wednesday,105.64794929793847,34.158593487621665,4.193721732121269,False
2024-04-18,144.0,322.0,258.0,6728.0,260.0,322.0,"6,728",260.0,258.0,260.0,80.12,3.864447086801427,180.5555555555556,-114.0,-2.0,7050.0,100.7751937984496,159.57142857142858,216.8571428571429,234.7142857142857,2024-04,0.8012422360248447,0.03864447086801427,3.86,-116.0,-47715.0,False,0,7050.0,Reducing,Thursday,111.48614354037663,27.9697785660168,21.640542294163833,False
2024-04-21,208.0,380.0,343.0,6745.0,240.0,380.0,"6,745",240.0,343.0,240.0,90.26,3.558191252779837,115.38461538461536,-135.0,103.0,7125.0,69.97084548104957,172.57142857142858,245.57142857142856,236.57142857142856,2024-04,0.9026315789473685,0.03558191252779837,3.56,-32.0,-47747.0,False,0,7125.0,Reducing,Sunday,98.64495647630122,22.072419531264945,-30.567391791881583,False
2024-04-22,176.0,424.0,251.0,6799.0,214.0,424.0,"6,799",214.0,251.0,214.0,59.2,3.1475216943668185,121.59090909090908,-75.0,37.0,7223.0,85.2589641434263,171.57142857142858,250.0,226.42857142857144,2024-04,0.5919811320754716,0.031475216943668186,3.15,-38.0,-47785.0,False,0,7223.0,Reducing,Monday,92.31831499029717,17.64137884894499,21.849269588313412,False
2024-04-23,252.0,427.0,307.0,6967.0,134.0,427.0,"6,967",134.0,307.0,134.0,71.9,1.9233529496196355,53.17460317460318,-55.0,173.0,7394.0,43.648208469055376,189.28571428571428,259.1428571428572,204.14285714285717,2024-04,0.7189695550351288,0.019233529496196354,1.92,118.0,-47667.0,True,1,7394.0,High,Tuesday,81.50497851644677,21.16339236980209,-48.80513866479954,False
2024-04-24,253.0,411.0,307.0,7128.0,154.0,411.0,"7,128",154.0,307.0,154.0,74.7,2.1604938271604937,60.86956521739131,-54.0,153.0,7539.0,50.1628664495114,204.8571428571429,277.85714285714283,198.8571428571429,2024-04,0.7469586374695864,0.021604938271604937,2.16,99.0,-47568.0,True,2,7539.0,High,Wednesday,73.16785554170166,20.220249603124063,14.925373134328357,False
2024-04-25,145.0,357.0,333.0,7209.0,217.0,357.0,"7,209",217.0,333.0,217.0,93.28,3.010126231100014,149.6551724137931,-188.0,116.0,7566.0,65.16516516516516,194.28571428571428,296.1428571428572,206.57142857142856,2024-04,0.9327731092436975,0.03010126231100014,3.01,-72.0,-47640.0,False,0,7566.0,Reducing,Thursday,71.11827983358936,20.19710395306724,29.907179907179902,False
2024-04-28,158.0,349.0,365.0,7298.0,250.0,349.0,"7,298",250.0,365.0,250.0,104.58,3.4255960537133463,158.22784810126583,-207.0,115.0,7647.0,68.4931506849315,190.8571428571429,309.1428571428572,209.8571428571429,2024-04,1.0458452722063036,0.034255960537133465,3.43,-92.0,-47732.0,False,0,7647.0,Reducing,Sunday,69.06777059879855,19.525372534140914,5.107000820655272,False
2024-04-29,140.0,292.0,255.0,7373.0,187.0,292.0,"7,373",187.0,255.0,187.0,87.33,2.5362810253628103,133.57142857142856,-115.0,68.0,7665.0,73.33333333333333,190.28571428571428,308.7142857142857,199.42857142857144,2024-04,0.8732876712328768,0.025362810253628104,2.54,-47.0,-47779.0,False,0,7665.0,Reducing,Monday,65.14750481806765,14.09903063169821,7.0666666666666655,False
2024-04-30,220.0,443.0,194.0,7431.0,135.0,443.0,"7,431",135.0,194.0,135.0,43.79,1.8167137666532096,61.36363636363637,26.0,59.0,7874.0,69.58762886597938,192.0,287.42857142857144,184.42857142857144,2024-04,0.43792325056433407,0.018167137666532097,1.82,85.0,-47694.0,True,1,7874.0,High,Tuesday,65.09275958734334,14.077908791489866,-5.107778819119013,False
2024-05-01,197.0,437.0,295.0,7508.0,190.0,437.0,"7,508",190.0,295.0,190.0,67.51,2.530633990410229,96.4467005076142,-98.0,105.0,7945.0,64.40677966101694,195.0,293.7142857142857,181.0,2024-05,0.6750572082379863,0.02530633990410229,2.53,7.0,-47687.0,True,2,7945.0,Moderate,Wednesday,62.113876089856284,10.96056286320318,-7.445072190834912,False
2024-05-02,206.0,411.0,293.0,7577.0,194.0,411.0,"7,577",194.0,293.0,194.0,71.29,2.560380097663983,94.1747572815534,-87.0,99.0,7988.0,66.21160409556313,188.42857142857144,291.7142857142857,189.57142857142856,2024-05,0.7128953771289538,0.02560380097663983,2.56,12.0,-47675.0,True,3,7988.0,Moderate,Thursday,65.33721832221453,7.347160197063813,2.802227411532243,False
2024-05-05,150.0,315.0,228.0,7447.0,332.0,315.0,"7,447",332.0,228.0,332.0,72.38,4.458171075600913,221.33333333333331,-78.0,-104.0,7762.0,145.61403508771932,173.71428571428572,280.42857142857144,215.0,2024-05,0.7238095238095238,0.044581710756009134,4.46,-182.0,-47857.0,False,0,7762.0,Reducing,Sunday,78.97309955624425,29.542145413555183,119.92222825104002,False
2024-05-06,173.0,337.0,211.0,7449.0,205.0,337.0,"7,449",205.0,211.0,205.0,62.61,2.752047254665056,118.4971098265896,-38.0,6.0,7786.0,97.1563981042654,177.71428571428572,263.0,213.28571428571428,2024-05,0.6261127596439169,0.02752047254665056,2.75,-32.0,-47889.0,False,0,7786.0,Reducing,Monday,83.54327569040142,29.524559998052016,-33.27813624164907,False
2024-05-07,176.0,334.0,246.0,7566.0,163.0,334.0,"7,566",163.0,246.0,163.0,73.65,2.154374834787206,92.61363636363636,-70.0,83.0,7900.0,66.26016260162602,180.28571428571428,246.0,200.8571428571429,2024-05,0.7365269461077845,0.02154374834787206,2.15,13.0,-47876.0,True,1,7900.0,Moderate,Tuesday,83.22427739278635,29.725649066177954,-31.80051556613127,False
2024-05-08,167.0,374.0,205.0,7583.0,202.0,374.0,"7,583",202.0,205.0,202.0,54.81,2.663853356191481,120.95808383233532,-38.0,3.0,7957.0,98.53658536585364,184.14285714285717,238.8571428571429,203.0,2024-05,0.5481283422459893,0.02663853356191481,2.66,-35.0,-47911.0,False,0,7957.0,Reducing,Wednesday,86.82474196886069,29.854027811344764,48.71165644171776,False
2024-05-09,138.0,285.0,268.0,7570.0,244.0,285.0,"7,570",244.0,268.0,244.0,94.04,3.223249669749009,176.81159420289856,-130.0,24.0,7855.0,91.04477611940298,172.42857142857142,249.42857142857144,218.57142857142856,2024-05,0.9403508771929825,0.03223249669749009,3.22,-106.0,-48017.0,False,0,7855.0,Reducing,Thursday,89.89004871934978,28.87471714479455,-7.603073740209831,False
2024-05-12,138.0,301.0,263.0,7464.0,245.0,301.0,"7,464",245.0,263.0,245.0,87.38,3.282422293676313,177.53623188405797,-125.0,18.0,7765.0,93.15589353612168,164.0,244.8571428571429,226.42857142857144,2024-05,0.8737541528239202,0.03282422293676313,3.28,-107.0,-48124.0,False,0,7765.0,Reducing,Sunday,93.99706498722186,26.601038210463578,2.3187683101664414,False
2024-05-13,112.0,331.0,167.0,7499.0,157.0,331.0,"7,499",157.0,167.0,157.0,50.45,2.093612481664222,140.17857142857142,-55.0,10.0,7830.0,94.01197604790418,150.57142857142858,226.8571428571429,221.14285714285717,2024-05,0.5045317220543807,0.02093612481664222,2.09,-45.0,-48169.0,False,0,7830.0,Reducing,Monday,97.96854669469917,23.675765105396,0.9189783697910237,False
2024-05-14,246.0,419.0,218.0,7546.0,186.0,419.0,"7,546",186.0,218.0,186.0,52.03,2.4648820567187912,75.60975609756098,28.0,32.0,7965.0,85.3211009174312,164.28571428571428,225.42857142857144,200.28571428571428,2024-05,0.5202863961813843,0.024648820567187913,2.46,60.0,-48109.0,True,1,7965.0,High,Tuesday,89.355270384658,11.058908466955428,-9.244434055980822,False
2024-05-15,115.0,285.0,341.0,7589.0,265.0,285.0,"7,589",265.0,341.0,265.0,119.65,3.491896165502701,230.43478260869568,-226.0,76.0,7874.0,77.71260997067448,156.0,244.0,208.8571428571429,2024-05,1.1964912280701754,0.03491896165502701,3.49,-150.0,-48259.0,False,0,7874.0,Reducing,Wednesday,86.57758636557358,11.21369688618606,-8.917478636521315,False
2024-05-16,206.0,340.0,214.0,7565.0,234.0,340.0,"7,565",234.0,214.0,234.0,62.94,3.0931923331130204,113.59223300970874,-8.0,-20.0,7905.0,109.34579439252336,160.28571428571428,239.42857142857144,219.0,2024-05,0.6294117647058823,0.030931923331130203,3.09,-28.0,-48287.0,False,0,7905.0,Reducing,Thursday,92.73267662141606,9.957238766204599,40.70534297302064,False
2024-05-19,143.0,295.0,278.0,7356.0,298.0,295.0,"7,356",298.0,278.0,298.0,94.24,4.051114736269712,208.3916083916084,-135.0,-20.0,7651.0,107.19424460431657,156.85714285714286,249.8571428571429,232.7142857142857,2024-05,0.9423728813559322,0.04051114736269712,4.05,-155.0,-48442.0,False,0,7651.0,Reducing,Sunday,93.96948508405362,11.251839469473287,-1.9676566439156162,False
2024-05-20,111.0,268.0,217.0,7368.0,192.0,268.0,"7,368",192.0,217.0,192.0,80.97,2.6058631921824107,172.97297297297297,-106.0,25.0,7636.0,88.47926267281106,153.0,242.57142857142856,225.28571428571428,2024-05,0.8097014925373134,0.026058631921824105,2.61,-81.0,-48523.0,False,0,7636.0,Reducing,Monday,93.60298316311193,11.403739903144382,-17.45894287569977,False
2024-05-21,196.0,348.0,176.0,7404.0,145.0,348.0,"7,404",145.0,176.0,145.0,50.57,1.958400864397623,73.9795918367347,20.0,31.0,7752.0,82.38636363636364,161.28571428571428,230.14285714285717,211.0,2024-05,0.5057471264367817,0.01958400864397623,1.96,51.0,-48472.0,True,1,7752.0,High,Tuesday,92.06447889171793,12.174532156603147,-6.886245265151514,False
2024-05-22,168.0,349.0,272.0,7474.0,208.0,349.0,"7,474",208.0,272.0,208.0,77.94,2.7829810008027827,123.8095238095238,-104.0,64.0,7823.0,76.47058823529412,169.28571428571428,245.14285714285717,218.28571428571428,2024-05,0.7793696275071633,0.02782981000802783,2.78,-40.0,-48512.0,False,0,7823.0,Reducing,Wednesday,89.55856634705933,13.445785561864,-7.180527383367141,False
2024-05-23,193.0,272.0,314.0,7494.0,227.0,272.0,"7,494",227.0,314.0,227.0,115.44,3.029089938617561,117.61658031088082,-121.0,87.0,7766.0,72.29299363057325,161.71428571428572,258.85714285714283,224.14285714285717,2024-05,1.1544117647058822,0.03029089938617561,3.03,-34.0,-48546.0,False,0,7766.0,Reducing,Thursday,87.69740816322248,14.947861696119562,-5.463008329250362,False
2024-05-27,156.0,344.0,252.0,7365.0,167.0,344.0,"7,365",167.0,252.0,167.0,73.26,2.267481330617787,107.05128205128204,-96.0,85.0,7709.0,66.26984126984127,167.57142857142858,246.14285714285717,210.14285714285717,2024-05,0.7325581395348837,0.02267481330617787,2.27,-11.0,-48557.0,False,0,7709.0,Reducing,Monday,86.06272692024632,16.74002471314063,-8.331585203831903,False
2024-05-28,153.0,348.0,239.0,7418.0,151.0,348.0,"7,418",151.0,239.0,151.0,68.68,2.035589107576166,98.69281045751634,-86.0,88.0,7766.0,63.17991631799163,160.0,249.7142857142857,198.28571428571428,2024-05,0.6867816091954023,0.020355891075761662,2.04,2.0,-48555.0,True,1,7766.0,Moderate,Tuesday,79.46760148102749,15.046719452016584,-4.662641244707233,False
2024-05-29,182.0,462.0,158.0,7491.0,141.0,462.0,"7,491",141.0,158.0,141.0,34.2,1.8822587104525432,77.47252747252747,24.0,17.0,7953.0,89.24050632911393,165.57142857142858,232.57142857142856,175.85714285714286,2024-05,0.341991341991342,0.01882258710452543,1.88,41.0,-48514.0,True,2,7953.0,Moderate,Wednesday,76.90278172742713,10.320831889197557,41.24821862687569,False
2024-05-30,167.0,406.0,339.0,7563.0,190.0,406.0,"7,563",190.0,339.0,190.0,83.5,2.5122305963242098,113.77245508982035,-172.0,149.0,7969.0,56.04719764011799,173.57142857142858,250.0,175.57142857142858,2024-05,0.8349753694581281,0.025122305963242098,2.51,-23.0,-48537.0,False,0,7969.0,Reducing,Thursday,72.26962957989953,11.473122287179535,-37.19533881461956,False
2024-06-02,159.0,330.0,322.0,7546.0,306.0,330.0,"7,546",306.0,322.0,306.0,97.58,4.055128544924464,192.4528301886793,-163.0,16.0,7876.0,95.03105590062113,168.28571428571428,270.85714285714283,198.57142857142856,2024-06,0.9757575757575757,0.040551285449244634,4.06,-147.0,-48684.0,False,0,7876.0,Reducing,Sunday,74.07601418907917,14.039754584689804,69.55541026479244,False
2024-06-03,109.0,244.0,257.0,7596.0,224.0,244.0,"7,596",224.0,257.0,224.0,105.33,2.948920484465508,205.5045871559633,-148.0,33.0,7840.0,87.15953307392996,159.85714285714286,268.7142857142857,200.8571428571429,2024-06,1.0532786885245902,0.02948920484465508,2.95,-115.0,-48799.0,False,0,7840.0,Reducing,Monday,75.6030063088843,14.898606197671242,-8.283105719590045,False
2024-06-04,260.0,356.0,176.0,7565.0,203.0,356.0,"7,565",203.0,176.0,203.0,49.44,2.683410442828817,78.07692307692308,84.0,-27.0,7921.0,115.34090909090908,169.42857142857142,249.0,197.42857142857144,2024-06,0.4943820224719101,0.02683410442828817,2.68,57.0,-48742.0,True,1,7921.0,High,Tuesday,81.7527085175037,20.957193166865693,32.33309659090908,False
2024-06-05,173.0,345.0,291.0,7691.0,198.0,345.0,"7,691",198.0,291.0,198.0,84.35,2.5744376544012484,114.45086705202311,-118.0,93.0,8036.0,68.04123711340206,171.85714285714286,254.57142857142856,201.8571428571429,2024-06,0.8434782608695652,0.025744376544012484,2.57,-25.0,-48767.0,False,0,8036.0,Reducing,Wednesday,82.0057650665838,20.748737628819196,-41.00858260118836,False
2024-06-06,179.0,326.0,282.0,7741.0,238.0,326.0,"7,741",238.0,282.0,238.0,86.5,3.074538173362615,132.9608938547486,-103.0,44.0,8067.0,84.39716312056737,175.57142857142858,260.7142857142857,214.28571428571428,2024-06,0.8650306748466258,0.030745381733626148,3.07,-59.0,-48826.0,False,0,8067.0,Reducing,Thursday,85.03680032409464,19.01778404353535,24.038254889318722,False
2024-06-09,116.0,289.0,166.0,7451.0,312.0,289.0,"7,451",312.0,166.0,312.0,57.44,4.187357401691048,268.9655172413793,-50.0,-146.0,7740.0,187.95180722891567,166.14285714285714,261.85714285714283,238.7142857142857,2024-06,0.5743944636678201,0.041873574016910484,4.19,-196.0,-49022.0,False,0,7740.0,Reducing,Sunday,99.13841473835203,43.49692605610829,122.69920016199252,False
2024-06-10,184.0,334.0,229.0,7439.0,212.0,334.0,"7,439",212.0,229.0,212.0,68.56,2.849845409329211,115.21739130434784,-45.0,17.0,7773.0,92.5764192139738,168.57142857142858,246.14285714285717,241.8571428571429,2024-06,0.6856287425149701,0.02849845409329211,2.85,-28.0,-49050.0,False,0,7773.0,Reducing,Monday,104.35687496318857,39.47040233392347,-50.744597469488305,False
2024-06-11,186.0,352.0,224.0,7493.0,156.0,352.0,"7,493",156.0,224.0,156.0,63.64,2.081943146937141,83.87096774193549,-38.0,68.0,7845.0,69.64285714285714,172.42857142857142,232.14285714285717,220.42857142857144,2024-06,0.6363636363636364,0.020819431469371413,2.08,30.0,-49020.0,True,1,7845.0,Moderate,Tuesday,100.72998942636514,41.58021966346648,-24.772574123989223,False
2024-06-12,152.0,266.0,274.0,7548.0,212.0,266.0,"7,548",212.0,274.0,212.0,103.01,2.808691043985162,139.4736842105263,-122.0,62.0,7814.0,77.37226277372264,178.57142857142858,234.57142857142856,218.7142857142857,2024-06,1.0300751879699248,0.028086910439851617,2.81,-60.0,-49080.0,False,0,7814.0,Reducing,Wednesday,99.33180795490695,42.271404306672565,11.098633726370966,False
2024-06-13,167.0,293.0,230.0,7544.0,259.0,293.0,"7,544",259.0,230.0,259.0,78.5,3.433191940615058,155.08982035928142,-63.0,-29.0,7837.0,112.6086956521739,165.28571428571428,242.28571428571428,226.7142857142857,2024-06,0.7849829351535836,0.03433191940615058,3.43,-92.0,-49172.0,False,0,7837.0,Reducing,Thursday,98.94149174937336,42.11125687372683,45.541427399507775,False
2024-06-16,204.0,315.0,233.0,7307.0,294.0,315.0,"7,307",294.0,233.0,294.0,73.97,4.023539072122622,144.11764705882354,-29.0,-61.0,7622.0,126.1802575107296,169.71428571428572,234.0,240.42857142857144,2024-06,0.7396825396825397,0.04023539072122622,4.02,-90.0,-49262.0,False,0,7622.0,Reducing,Sunday,107.24706609184872,40.71116636426983,12.051966129219348,False
2024-06-17,159.0,310.0,272.0,7318.0,224.0,310.0,"7,318",224.0,272.0,224.0,87.74,3.0609456135556163,140.88050314465409,-113.0,48.0,7628.0,82.35294117647058,166.85714285714286,232.57142857142856,238.42857142857144,2024-06,0.8774193548387097,0.030609456135556164,3.06,-65.0,-49327.0,False,0,7628.0,Reducing,Monday,106.95503438554917,40.909242664542646,-34.73389355742297,False
2024-06-18,160.0,297.0,253.0,7340.0,214.0,297.0,"7,340",214.0,253.0,214.0,85.19,2.915531335149864,133.75,-93.0,39.0,7637.0,84.58498023715416,173.14285714285714,245.0,224.42857142857144,2024-06,0.8518518518518519,0.029155313351498638,2.92,-54.0,-49381.0,False,0,7637.0,Reducing,Tuesday,92.18834481529754,20.227675257064423,2.710333145115773,False
2024-06-19,204.0,321.0,246.0,7433.0,198.0,321.0,"7,433",198.0,246.0,198.0,76.64,2.663796582806404,97.05882352941175,-42.0,48.0,7754.0,80.48780487804879,176.0,247.42857142857144,222.42857142857144,2024-06,0.7663551401869159,0.026637965828064037,2.66,6.0,-49375.0,True,1,7754.0,Moderate,Wednesday,90.46139991016538,20.699552088464156,-4.843856849783446,False
2024-06-20,145.0,247.0,243.0,7431.0,235.0,247.0,"7,431",235.0,243.0,235.0,98.38,3.1624276678778087,162.06896551724137,-98.0,8.0,7678.0,96.70781893004116,170.14285714285714,250.14285714285717,233.7142857142857,2024-06,0.9838056680161943,0.03162427667877809,3.16,-90.0,-49465.0,False,0,7678.0,Reducing,Thursday,94.32782302262025,18.582205528426936,20.152138670657173,False
2024-06-23,102.0,227.0,201.0,7247.0,294.0,227.0,"7,247",294.0,201.0,294.0,88.55,4.056851110804471,288.2352941176471,-99.0,-93.0,7474.0,146.26865671641792,163.0,239.7142857142857,245.42857142857144,2024-06,0.8854625550660793,0.04056851110804471,4.06,-192.0,-49657.0,False,0,7474.0,Reducing,Sunday,104.17016501443388,25.179513776316448,51.24801524293427,False
2024-06-24,116.0,175.0,172.0,7239.0,202.0,175.0,"7,239",202.0,172.0,202.0,98.29,2.790440668600636,174.13793103448276,-56.0,-30.0,7414.0,117.44186046511628,155.71428571428572,231.42857142857144,237.28571428571428,2024-06,0.9828571428571429,0.027904406686006356,2.79,-86.0,-49743.0,False,0,7414.0,Reducing,Monday,104.86061713056847,25.51352424371933,-19.708115804461322,False
2024-06-25,172.0,263.0,191.0,7239.0,202.0,263.0,"7,239",202.0,191.0,202.0,72.62,2.790440668600636,117.44186046511628,-19.0,-11.0,7502.0,105.75916230366492,151.14285714285714,225.42857142857144,224.14285714285717,2024-06,0.7262357414448669,0.027904406686006356,2.79,-30.0,-49773.0,False,0,7502.0,Reducing,Tuesday,101.94331781527353,23.77794982202584,-9.947643979057585,False
2024-06-26,132.0,235.0,197.0,7268.0,187.0,235.0,"7,268",187.0,197.0,187.0,83.83,2.572922399559714,141.66666666666669,-65.0,10.0,7503.0,94.9238578680203,147.28571428571428,214.7142857142857,218.8571428571429,2024-06,0.8382978723404255,0.02572922399559714,2.57,-55.0,-49828.0,False,0,7503.0,Reducing,Wednesday,103.7391630569235,22.49170190170112,-10.245263104990698,False
2024-06-27,174.0,208.0,256.0,7248.0,268.0,208.0,"7,248",268.0,256.0,268.0,123.08,3.69757174392936,154.02298850574712,-82.0,-12.0,7456.0,104.6875,149.28571428571428,215.14285714285717,226.57142857142856,2024-06,1.2307692307692308,0.0369757174392936,3.7,-94.0,-49922.0,False,0,7456.0,Reducing,Thursday,106.6109515944729,20.86283124060418,10.285762032085554,False
2024-06-30,123.0,230.0,167.0,6874.0,273.0,230.0,"6,874",273.0,167.0,273.0,72.61,3.971486761710794,221.95121951219517,-44.0,-106.0,7104.0,163.47305389221555,137.71428571428572,203.8571428571429,237.28571428571428,2024-06,0.7260869565217392,0.03971486761710794,3.97,-150.0,-50072.0,False,0,7104.0,Reducing,Sunday,118.46598716792528,26.390128105221436,56.153364911967095,False
2024-07-01,123.0,233.0,159.0,6825.0,229.0,233.0,"6,825",229.0,159.0,229.0,68.24,3.355311355311355,186.1788617886179,-36.0,-70.0,7058.0,144.0251572327044,134.57142857142858,191.8571428571429,236.42857142857144,2024-07,0.6824034334763949,0.03355311355311355,3.36,-106.0,-50178.0,False,0,7058.0,Reducing,Monday,125.2256069254486,25.944296877888668,-11.896698689151508,False
2024-07-02,141.0,232.0,188.0,6823.0,184.0,232.0,"6,823",184.0,188.0,184.0,81.03,2.6967609555913823,130.49645390070924,-47.0,4.0,7055.0,97.87234042553192,140.14285714285714,190.0,220.7142857142857,2024-07,0.8103448275862069,0.026967609555913822,2.7,-43.0,-50221.0,False,0,7055.0,Reducing,Tuesday,118.31184745532205,25.850306241135776,-32.04496887484902,False
2024-07-04,158.0,226.0,191.0,6790.0,225.0,226.0,"6,790",225.0,191.0,225.0,84.51,3.313696612665685,142.40506329113924,-33.0,-34.0,7016.0,117.80104712041886,146.14285714285714,192.7142857142857,224.0,2024-07,0.8451327433628318,0.03313696612665685,3.31,-67.0,-50288.0,False,0,7016.0,Reducing,Thursday,118.36315983465099,25.848647951295646,20.36193944912361,False
2024-07-07,96.0,160.0,233.0,6599.0,213.0,160.0,"6,599",213.0,233.0,213.0,145.62,3.227761782088195,221.875,-137.0,20.0,6759.0,91.41630901287554,135.28571428571428,198.7142857142857,225.57142857142856,2024-07,1.45625,0.032277617820881954,3.23,-117.0,-50405.0,False,0,6759.0,Reducing,Sunday,116.31418079310963,27.528165622144485,-22.397711015736764,False
2024-07-08,141.0,173.0,129.0,6617.0,123.0,173.0,"6,617",123.0,129.0,123.0,74.57,1.858848420734472,87.2340425531915,12.0,6.0,6790.0,95.34883720930232,136.57142857142858,189.0,216.42857142857144,2024-07,0.7456647398843931,0.018588484207344717,1.86,18.0,-50387.0,True,1,6790.0,Moderate,Monday,116.3748921275785,27.47354282094522,4.3017796702696565,False
2024-07-09,116.0,181.0,182.0,6651.0,130.0,181.0,"6,651",130.0,182.0,130.0,100.55,1.954593294241468,112.06896551724137,-66.0,52.0,6832.0,71.42857142857143,128.28571428571428,178.42857142857142,196.7142857142857,2024-07,1.0055248618784531,0.019545932942414676,1.95,-14.0,-50401.0,False,0,6832.0,Reducing,Tuesday,111.62361661737441,32.2860331196608,-25.087108013937275,False
2024-07-10,150.0,157.0,201.0,6649.0,177.0,157.0,"6,649",177.0,201.0,177.0,128.03,2.662054444277335,118.0,-51.0,24.0,6806.0,88.05970149253731,132.14285714285714,183.28571428571428,183.0,2024-07,1.2802547770700636,0.02662054444277335,2.66,-27.0,-50428.0,False,0,6806.0,Reducing,Wednesday,100.85028056027751,23.483214463817244,23.283582089552233,False
2024-07-11,80.0,176.0,125.0,6640.0,197.0,176.0,"6,640",197.0,125.0,197.0,71.02,2.966867469879518,246.25,-45.0,-72.0,6816.0,157.6,126.0,178.42857142857142,178.42857142857142,2024-07,0.7102272727272727,0.02966867469879518,2.97,-117.0,-50545.0,False,0,6816.0,Reducing,Thursday,102.78954381274832,27.805585938779384,78.96949152542372,False
2024-07-14,116.0,188.0,164.0,6308.0,237.0,188.0,"6,308",237.0,164.0,237.0,87.23,3.7571337983513,204.31034482758625,-48.0,-73.0,6496.0,144.5121951219512,122.42857142857144,175.0,186.0,2024-07,0.8723404255319149,0.037571337983512997,3.76,-121.0,-50666.0,False,0,6496.0,Reducing,Sunday,109.45238019795109,31.740485920034093,-8.3044447195741,False
2024-07-15,105.0,185.0,158.0,6283.0,171.0,185.0,"6,283",171.0,158.0,171.0,85.41,2.7216297946840684,162.85714285714286,-53.0,-13.0,6468.0,108.22784810126582,114.85714285714286,170.28571428571428,178.28571428571428,2024-07,0.8540540540540541,0.027216297946840683,2.72,-66.0,-50732.0,False,0,6468.0,Reducing,Monday,108.08478033807208,31.526331884303765,-25.10815574427174,False
2024-07-16,136.0,246.0,123.0,6239.0,173.0,246.0,"6,239",173.0,123.0,173.0,50.0,2.772880269273922,127.20588235294116,13.0,-50.0,6485.0,140.65040650406505,120.57142857142856,154.57142857142858,172.57142857142858,2024-07,0.5,0.02772880269273922,2.77,-37.0,-50769.0,False,0,6485.0,Reducing,Tuesday,115.11822283681343,32.6594919588426,29.9576855417677,False
2024-07-17,128.0,228.0,177.0,6228.0,187.0,228.0,"6,228",187.0,177.0,187.0,77.63,3.0025690430314707,146.09375,-49.0,-10.0,6456.0,105.64971751412428,118.71428571428572,161.42857142857142,181.7142857142857,2024-07,0.7763157894736842,0.030025690430314708,3.0,-59.0,-50828.0,False,0,6456.0,Reducing,Wednesday,116.58977716607372,31.842110927740084,-24.884882923483897,False
2024-07-21,90.0,196.0,205.0,6058.0,262.0,196.0,"6,058",262.0,205.0,262.0,104.59,4.324859689666557,291.1111111111111,-115.0,-57.0,6254.0,127.8048780487805,115.0,164.71428571428572,200.57142857142856,2024-07,1.0459183673469388,0.04324859689666557,4.32,-172.0,-51000.0,False,0,6254.0,Reducing,Sunday,124.64353525467502,24.885481104127596,20.970392591626474,False
2024-07-22,102.0,189.0,155.0,6002.0,234.0,189.0,"6,002",234.0,155.0,234.0,82.01,3.898700433188937,229.41176470588235,-53.0,-79.0,6191.0,150.96774193548387,108.14285714285714,158.14285714285714,208.7142857142857,2024-07,0.8201058201058201,0.03898700433188937,3.9,-132.0,-51132.0,False,0,6191.0,Reducing,Monday,133.63039817509596,20.432670111402995,18.123614873183946,False
2024-07-23,120.0,257.0,126.0,5965.0,170.0,257.0,"5,965",170.0,126.0,170.0,49.03,2.8499580888516345,141.66666666666669,-6.0,-44.0,6222.0,134.92063492063494,113.85714285714286,158.28571428571428,204.8571428571429,2024-07,0.490272373540856,0.028499580888516344,2.85,-50.0,-51182.0,False,0,6222.0,Reducing,Tuesday,130.39048887804378,17.600226611854282,-10.629493962827286,False
2024-07-24,137.0,272.0,166.0,5927.0,177.0,272.0,"5,927",177.0,166.0,177.0,61.03,2.986333727011979,129.19708029197082,-29.0,-11.0,6199.0,106.6265060240964,116.85714285714286,158.57142857142858,196.28571428571428,2024-07,0.6102941176470589,0.02986333727011979,2.99,-40.0,-51222.0,False,0,6199.0,Reducing,Wednesday,124.97824757835026,18.343326049603903,-20.97094259390503,False
2024-07-25,93.0,198.0,208.0,5954.0,194.0,198.0,"5,954",194.0,208.0,194.0,105.05,3.258313738663084,208.6021505376344,-115.0,14.0,6152.0,93.26923076923076,115.14285714285714,165.71428571428572,199.57142857142856,2024-07,1.0505050505050506,0.03258313738663084,3.26,-101.0,-51323.0,False,0,6152.0,Reducing,Thursday,122.84130224520239,21.259451938034264,-12.527162103433309,False
2024-07-28,152.0,290.0,199.0,5743.0,207.0,290.0,"5,743",207.0,199.0,207.0,68.62,3.604387950548494,136.1842105263158,-47.0,-8.0,6033.0,104.02010050251256,117.42857142857144,176.57142857142858,204.42857142857144,2024-07,0.6862068965517242,0.03604387950548494,3.6,-55.0,-51378.0,False,0,6033.0,Reducing,Sunday,117.60840138783774,20.644516871268177,11.52670569341554,False
2024-07-29,114.0,210.0,219.0,5819.0,163.0,210.0,"5,819",163.0,219.0,163.0,104.29,2.8011685856676403,142.98245614035088,-105.0,56.0,6029.0,74.42922374429224,115.42857142857144,182.57142857142856,201.0,2024-07,1.042857142857143,0.028011685856676405,2.8,-49.0,-51427.0,False,0,6029.0,Reducing,Monday,113.14833084929032,26.265827351041004,-28.447267994617597,False
2024-07-30,125.0,203.0,208.0,5930.0,92.0,203.0,"5,930",92.0,208.0,92.0,102.46,1.551433389544688,73.6,-83.0,116.0,6133.0,44.230769230769226,120.42857142857144,183.0,176.71428571428572,2024-07,1.0246305418719213,0.01551433389544688,1.55,33.0,-51394.0,True,1,6133.0,Moderate,Tuesday,101.20917244671728,35.76863970647051,-40.5733836715432,False
2024-07-31,140.0,261.0,163.0,5963.0,154.0,261.0,"5,963",154.0,163.0,154.0,62.45,2.582592654704008,110.0,-23.0,9.0,6224.0,94.47852760736195,125.85714285714286,184.14285714285717,165.28571428571428,2024-07,0.6245210727969349,0.02582592654704008,2.58,-14.0,-51408.0,False,0,6224.0,Reducing,Wednesday,93.13928468555699,28.254492981202223,113.60362763403575,False
2024-08-01,227.0,298.0,212.0,6016.0,169.0,298.0,"6,016",169.0,212.0,169.0,71.14,2.8091755319148937,74.44933920704845,15.0,43.0,6314.0,79.71698113207547,141.14285714285714,196.42857142857144,165.14285714285714,2024-08,0.7114093959731543,0.028091755319148936,2.81,58.0,-51350.0,True,1,6314.0,High,Thursday,85.2530484300485,21.560095048571007,-15.624234256309721,False
2024-08-04,63.0,167.0,143.0,5943.0,170.0,167.0,"5,943",170.0,143.0,170.0,85.63,2.8605081608615177,269.8412698412699,-80.0,-27.0,6110.0,118.88111888111888,130.57142857142858,193.14285714285717,164.14285714285714,2024-08,0.8562874251497006,0.028605081608615177,2.86,-107.0,-51457.0,False,0,6110.0,Reducing,Sunday,87.00370740962315,23.949930325990277,49.1289775313444,False
2024-08-05,172.0,259.0,138.0,5950.0,150.0,259.0,"5,950",150.0,138.0,150.0,53.28,2.5210084033613445,87.20930232558139,34.0,-12.0,6209.0,108.69565217391305,141.85714285714286,183.14285714285717,157.85714285714286,2024-08,0.5328185328185329,0.025210084033613446,2.52,22.0,-51435.0,True,1,6209.0,Moderate,Monday,89.20748189600634,25.294539287160113,-8.56777493606138,False
2024-08-06,163.0,283.0,200.0,5998.0,143.0,283.0,"5,998",143.0,200.0,143.0,70.67,2.384128042680893,87.73006134969326,-37.0,57.0,6281.0,71.5,143.42857142857142,183.28571428571428,148.71428571428572,2024-08,0.7067137809187279,0.023841280426808935,2.38,20.0,-51415.0,True,2,6281.0,Moderate,Tuesday,84.56175325279025,25.10625416514411,-34.220000000000006,False
2024-08-07,135.0,273.0,207.0,6038.0,174.0,273.0,"6,038",174.0,207.0,174.0,75.82,2.881748923484597,128.88888888888889,-72.0,33.0,6311.0,84.05797101449275,146.42857142857142,181.57142857142856,150.28571428571428,2024-08,0.7582417582417582,0.028817489234845974,2.88,-39.0,-51454.0,False,0,6311.0,Reducing,Wednesday,85.93728857710461,24.719374821965342,17.563595824465384,False
2024-08-08,119.0,230.0,213.0,6084.0,174.0,230.0,"6,084",174.0,213.0,174.0,92.61,2.8599605522682445,146.21848739495798,-94.0,39.0,6314.0,81.69014084507043,145.57142857142858,182.28571428571428,162.0,2024-08,0.9260869565217391,0.028599605522682446,2.86,-55.0,-51509.0,False,0,6314.0,Reducing,Thursday,91.28862737914763,17.05105895335445,-2.8169014084506894,False
2024-08-11,95.0,211.0,140.0,5894.0,249.0,211.0,"5,894",249.0,140.0,249.0,66.35,4.224635222259925,262.10526315789474,-45.0,-109.0,6105.0,177.85714285714283,139.14285714285714,179.0,175.57142857142858,2024-08,0.6635071090047393,0.04224635222259925,4.22,-154.0,-51663.0,False,0,6105.0,Reducing,Sunday,103.19985812911634,37.0477668047832,117.72167487684726,False
2024-08-12,109.0,219.0,155.0,5903.0,148.0,219.0,"5,903",148.0,155.0,148.0,70.78,2.5071997289513805,135.7798165137615,-46.0,7.0,6122.0,95.48387096774194,122.28571428571428,170.85714285714286,172.57142857142858,2024-08,0.7077625570776256,0.025071997289513807,2.51,-39.0,-51702.0,False,0,6122.0,Reducing,Monday,105.45227096278298,35.841780908443205,-46.314289415727416,False
2024-08-13,162.0,239.0,189.0,5981.0,123.0,239.0,"5,981",123.0,189.0,123.0,79.08,2.056512288914897,75.92592592592592,-27.0,66.0,6220.0,65.07936507936508,136.42857142857142,177.42857142857142,165.85714285714286,2024-08,0.7907949790794979,0.02056512288914897,2.06,39.0,-51663.0,True,1,6220.0,Moderate,Tuesday,97.76630613396101,38.174858082559496,-31.842556842556846,False
2024-08-14,109.0,226.0,191.0,5987.0,178.0,226.0,"5,987",178.0,191.0,178.0,84.51,2.9731084015366624,163.30275229357798,-82.0,13.0,6213.0,93.19371727748693,127.42857142857144,185.0,169.85714285714286,2024-08,0.8451327433628318,0.029731084015366626,2.97,-69.0,-51732.0,False,0,6213.0,Reducing,Wednesday,95.55174400590012,37.88369636971685,43.20010215808967,False
2024-08-15,124.0,241.0,156.0,5895.0,220.0,241.0,"5,895",220.0,156.0,220.0,64.73,3.731976251060221,177.4193548387097,-32.0,-64.0,6136.0,141.02564102564102,121.85714285714286,178.71428571428572,180.8571428571429,2024-08,0.6473029045643154,0.037319762510602206,3.73,-96.0,-51828.0,False,0,6136.0,Reducing,Thursday,105.48397843813454,39.60195840804681,51.3252664938058,False
2024-08-18,86.0,244.0,235.0,5821.0,178.0,244.0,"5,821",178.0,235.0,178.0,96.31,3.0578938326747984,206.9767441860465,-149.0,57.0,6065.0,75.74468085106383,114.85714285714286,182.7142857142857,181.42857142857144,2024-08,0.9631147540983607,0.030578938326747983,3.06,-92.0,-51920.0,False,0,6065.0,Reducing,Sunday,104.2963655576447,40.46679650217998,-46.29013539651837,False
2024-08-19,176.0,254.0,162.0,5865.0,158.0,254.0,"5,865",158.0,162.0,158.0,63.78,2.6939471440750213,89.77272727272727,14.0,4.0,6119.0,97.53086419753086,123.0,175.42857142857142,179.14285714285714,2024-08,0.6377952755905512,0.026939471440750214,2.69,18.0,-51902.0,True,1,6119.0,Moderate,Monday,106.55932603656764,39.421342351758334,28.76265778887501,False
2024-08-20,136.0,274.0,245.0,5995.0,112.0,274.0,"5,995",112.0,245.0,112.0,89.42,1.8682235195996664,82.35294117647058,-109.0,133.0,6269.0,45.71428571428572,128.85714285714286,190.42857142857144,159.57142857142858,2024-08,0.8941605839416058,0.018682235195996665,1.87,24.0,-51878.0,True,2,6269.0,Moderate,Tuesday,87.68177501615946,30.13431078142816,-53.128390596745014,False
2024-08-21,134.0,245.0,167.0,6028.0,156.0,245.0,"6,028",156.0,167.0,156.0,68.16,2.5879230258792303,116.4179104477612,-33.0,11.0,6273.0,93.4131736526946,132.42857142857142,192.14285714285717,160.71428571428572,2024-08,0.6816326530612244,0.025879230258792303,2.59,-22.0,-51900.0,False,0,6273.0,Reducing,Wednesday,87.38596111400985,30.055015681442214,104.34131736526938,False
2024-08-22,182.0,307.0,205.0,6054.0,171.0,307.0,"6,054",171.0,205.0,171.0,66.78,2.824578790882061,93.95604395604396,-23.0,34.0,6361.0,83.41463414634146,135.28571428571428,194.42857142857144,167.57142857142858,2024-08,0.6677524429967426,0.028245787908820614,2.82,11.0,-51889.0,True,1,6361.0,Moderate,Thursday,90.00528526643505,28.548161072689624,-10.703564727954962,False
2024-08-27,149.0,285.0,222.0,6152.0,97.0,285.0,"6,152",97.0,222.0,97.0,77.89,1.5767230169050714,65.1006711409396,-73.0,125.0,6437.0,43.69369369369369,141.0,198.8571428571429,156.0,2024-08,0.7789473684210526,0.015767230169050715,1.58,52.0,-51837.0,True,2,6437.0,High,Tuesday,82.93385332589314,33.35302677738225,-47.61867130288183,False
2024-08-28,170.0,285.0,178.0,6227.0,134.0,285.0,"6,227",134.0,178.0,134.0,62.46,2.1519190621487074,78.82352941176471,-8.0,44.0,6512.0,75.28089887640449,147.57142857142858,202.0,143.71428571428572,2024-08,0.624561403508772,0.021519190621487074,2.15,36.0,-51801.0,True,3,6512.0,Moderate,Wednesday,73.54174730457365,21.37356894359661,72.2923665006371,False
2024-08-29,145.0,295.0,188.0,6250.0,169.0,295.0,"6,250",169.0,188.0,169.0,63.73,2.704,116.55172413793105,-43.0,19.0,6545.0,89.8936170212766,156.0,195.28571428571428,142.42857142857142,2024-08,0.6372881355932203,0.02704,2.7,-24.0,-51825.0,False,0,6545.0,Reducing,Thursday,75.56302390031833,22.266972963735288,19.410924102889805,False
2024-09-02,133.0,270.0,198.0,6192.0,129.0,270.0,"6,192",129.0,198.0,129.0,73.33,2.083333333333333,96.99248120300751,-65.0,69.0,6462.0,65.15151515151516,149.85714285714286,200.42857142857144,138.28571428571428,2024-09,0.7333333333333333,0.020833333333333332,2.08,4.0,-51821.0,True,1,6462.0,Moderate,Monday,70.93740260803038,20.211166099177262,-27.523758292989054,False
2024-09-03,131.0,263.0,177.0,6272.0,112.0,263.0,"6,272",112.0,177.0,112.0,67.3,1.7857142857142856,85.49618320610686,-46.0,65.0,6535.0,63.2768361581921,149.14285714285714,190.7142857142857,138.28571428571428,2024-09,0.6730038022813688,0.017857142857142856,1.79,19.0,-51802.0,True,2,6535.0,Moderate,Tuesday,73.4463383857313,17.46120820500731,-2.8774142688214432,False
2024-09-04,121.0,231.0,219.0,6375.0,114.0,231.0,"6,375",114.0,219.0,114.0,94.81,1.7882352941176471,94.21487603305783,-98.0,105.0,6606.0,52.05479452054794,147.28571428571428,198.14285714285717,132.28571428571428,2024-09,0.948051948051948,0.01788235294117647,1.79,7.0,-51795.0,True,3,6606.0,Moderate,Wednesday,67.53799850971033,16.552577994558376,-17.734833659491212,False
2024-09-05,126.0,230.0,175.0,6448.0,121.0,230.0,"6,448",121.0,175.0,121.0,76.09,1.8765508684863523,96.03174603174604,-49.0,54.0,6678.0,69.14285714285714,139.28571428571428,193.8571428571429,125.14285714285714,2024-09,0.7608695652173914,0.018765508684863524,1.88,5.0,-51790.0,True,4,6678.0,Moderate,Thursday,65.49917322349829,15.08496703043453,32.82706766917294,False
2024-09-08,123.0,255.0,164.0,6312.0,221.0,255.0,"6,312",221.0,164.0,221.0,64.31,3.501267427122941,179.67479674796746,-41.0,-57.0,6567.0,134.7560975609756,135.57142857142858,185.57142857142856,142.85714285714286,2024-09,0.6431372549019608,0.03501267427122941,3.5,-98.0,-51888.0,False,0,6567.0,Reducing,Sunday,78.50808806168142,27.391473600825854,94.8951824228986,False
2024-09-09,144.0,275.0,190.0,6353.0,141.0,275.0,"6,353",141.0,190.0,141.0,69.09,2.2194238942232016,97.91666666666666,-46.0,49.0,6628.0,74.21052631578947,131.85714285714286,187.28571428571428,143.85714285714286,2024-09,0.6909090909090909,0.022194238942232016,2.22,3.0,-51885.0,True,1,6628.0,Moderate,Monday,78.35517769587928,27.415468784401128,-44.9297451774232,False
2024-09-10,131.0,251.0,180.0,6396.0,148.0,251.0,"6,396",148.0,180.0,148.0,71.71,2.313946216385241,112.97709923664124,-49.0,32.0,6647.0,82.22222222222221,129.85714285714286,186.14285714285717,140.85714285714286,2024-09,0.7171314741035857,0.023139462163852407,2.31,-17.0,-51902.0,False,0,6647.0,Reducing,Tuesday,77.25926415315722,27.02794491466756,10.795902285263992,False
2024-09-11,93.0,248.0,175.0,6410.0,162.0,248.0,"6,410",162.0,175.0,162.0,70.56,2.527301092043682,174.19354838709677,-82.0,13.0,6658.0,92.57142857142856,124.14285714285714,182.8571428571429,145.57142857142858,2024-09,0.7056451612903226,0.02527301092043682,2.53,-69.0,-51971.0,False,0,6658.0,Reducing,Wednesday,81.17639464171627,26.967623342001712,12.586872586872587,False
2024-09-12,184.0,280.0,210.0,6360.0,220.0,280.0,"6,360",220.0,210.0,220.0,75.0,3.459119496855346,119.56521739130434,-26.0,-10.0,6640.0,104.76190476190476,131.71428571428572,187.57142857142856,161.0,2024-09,0.75,0.03459119496855346,3.46,-36.0,-52007.0,False,0,6640.0,Reducing,Thursday,87.10283301367522,26.9367767299173,13.168724279835399,False
2024-09-13,81.0,200.0,212.0,6326.0,279.0,200.0,"6,326",279.0,212.0,279.0,106.0,4.41036990199178,344.44444444444446,-131.0,-67.0,6526.0,131.60377358490567,126.0,186.57142857142856,184.57142857142856,2024-09,1.06,0.0441036990199178,4.41,-198.0,-52205.0,False,0,6526.0,Reducing,Friday,98.46697288001204,26.46224552320187,25.62178387650087,False
2024-09-15,98.0,220.0,167.0,6234.0,210.0,220.0,"6,234",210.0,167.0,210.0,75.91,3.368623676612127,214.28571428571428,-69.0,-43.0,6454.0,125.74850299401196,122.0,185.42857142857144,197.28571428571428,2024-09,0.759090909090909,0.03368623676612127,3.37,-112.0,-52317.0,False,0,6454.0,Reducing,Sunday,106.55349371589132,24.590438574686516,-4.449166183761532,False
2024-09-16,113.0,209.0,160.0,6229.0,164.0,209.0,"6,229",164.0,160.0,164.0,76.56,2.6328463637823085,145.13274336283186,-47.0,-4.0,6438.0,102.5,120.57142857142856,184.8571428571429,189.14285714285717,2024-09,0.7655502392344498,0.026328463637823086,2.63,-51.0,-52368.0,False,0,6438.0,Reducing,Monday,101.94547977860908,21.215345925026647,-18.488095238095227,False
2024-09-17,159.0,304.0,139.0,6227.0,160.0,304.0,"6,227",160.0,139.0,160.0,45.72,2.5694555965954717,100.62893081761008,20.0,-21.0,6531.0,115.10791366906474,122.71428571428572,177.57142857142858,191.8571428571429,2024-09,0.45723684210526316,0.025694555965954713,2.57,-1.0,-52369.0,False,0,6531.0,Reducing,Tuesday,107.78796368621984,17.63342049996868,12.30040357957536,False
2024-09-18,116.0,213.0,217.0,6245.0,149.0,213.0,"6,245",149.0,217.0,149.0,101.88,2.3859087269815853,128.44827586206898,-101.0,68.0,6458.0,68.66359447004609,120.57142857142856,182.8571428571429,192.0,2024-09,1.0187793427230047,0.02385908726981585,2.39,-33.0,-52402.0,False,0,6458.0,Reducing,Wednesday,105.85101686448037,21.277812779983126,-40.34850230414746,False
2024-09-19,93.0,196.0,169.0,6270.0,188.0,196.0,"6,270",188.0,169.0,188.0,86.22,2.998405103668261,202.1505376344086,-76.0,-19.0,6466.0,111.24260355029584,120.57142857142856,182.0,195.7142857142857,2024-09,0.8622448979591837,0.029984051036682616,3.0,-95.0,-52497.0,False,0,6466.0,Reducing,Thursday,108.51832757574714,20.49142835815633,62.01104006989391,False
2024-09-22,124.0,234.0,161.0,5989.0,197.0,234.0,"5,989",197.0,161.0,197.0,68.8,3.2893638336951074,158.8709677419355,-37.0,-36.0,6223.0,122.36024844720497,112.0,175.0,192.42857142857144,2024-09,0.688034188034188,0.032893638336951074,3.29,-73.0,-52570.0,False,0,6223.0,Reducing,Sunday,111.03237667364716,21.02631992659639,9.994053125412993,False
2024-09-23,92.0,203.0,173.0,6002.0,165.0,203.0,"6,002",165.0,173.0,165.0,85.22,2.749083638787071,179.34782608695653,-81.0,8.0,6205.0,95.3757225433526,113.57142857142856,169.42857142857142,176.14285714285714,2024-09,0.8522167487684729,0.02749083638787071,2.75,-73.0,-52643.0,False,0,6205.0,Reducing,Monday,105.85694081056816,19.52387116241175,-22.053343505178844,False
2024-09-24,186.0,259.0,172.0,6023.0,143.0,259.0,"6,023",143.0,172.0,143.0,66.41,2.374232110244064,76.88172043010752,14.0,29.0,6282.0,83.13953488372093,126.14285714285714,170.14285714285714,166.57142857142858,2024-09,0.6640926640926641,0.023742321102440643,2.37,43.0,-52600.0,True,1,6282.0,Moderate,Tuesday,99.76994536624086,18.921482333453778,-12.82945736434108,False
2024-09-25,154.0,225.0,220.0,6050.0,169.0,225.0,"6,050",169.0,220.0,169.0,97.78,2.793388429752066,109.74025974025976,-66.0,51.0,6275.0,76.81818181818181,132.0,178.71428571428572,167.28571428571428,2024-09,0.9777777777777777,0.02793388429752066,2.79,-15.0,-52615.0,False,0,6275.0,Reducing,Wednesday,96.1011141974097,20.709269095488803,-7.60330578512397,False
2024-09-26,91.0,199.0,172.0,6090.0,185.0,199.0,"6,090",185.0,172.0,185.0,86.43,3.037766830870279,203.2967032967033,-81.0,-13.0,6289.0,107.55813953488372,122.28571428571428,183.42857142857144,170.85714285714286,2024-09,0.864321608040201,0.030377668308702793,3.04,-94.0,-52709.0,False,0,6289.0,Reducing,Thursday,95.02257503538384,19.727752174605257,40.01651300399065,False
2024-09-29,81.0,213.0,153.0,5925.0,177.0,213.0,"5,925",177.0,153.0,177.0,71.83,2.9873417721518987,218.5185185185185,-72.0,-24.0,6138.0,115.68627450980394,117.28571428571428,174.28571428571428,174.85714285714286,2024-09,0.7183098591549296,0.029873417721518986,2.99,-96.0,-52805.0,False,0,6138.0,Reducing,Sunday,101.74010075534925,17.08518750317746,7.55696873343934,False
2024-09-30,209.0,285.0,184.0,5967.0,138.0,285.0,"5,967",138.0,184.0,138.0,64.56,2.3127199597787835,66.02870813397129,25.0,46.0,6252.0,75.0,133.85714285714286,176.42857142857142,167.71428571428572,2024-09,0.6456140350877193,0.023127199597787834,2.31,71.0,-52734.0,True,1,6252.0,High,Monday,96.56258596244984,19.09847552875968,-35.16949152542374,False
2024-10-01,184.0,314.0,217.0,6040.0,137.0,314.0,"6,040",137.0,217.0,137.0,69.11,2.2682119205298013,74.45652173913044,-33.0,80.0,6354.0,63.1336405529954,142.42857142857142,184.42857142857144,159.14285714285714,2024-10,0.6910828025477707,0.022682119205298012,2.27,47.0,-52687.0,True,2,6354.0,Moderate,Tuesday,88.10164197756275,18.88285198638764,-15.821812596006135,False
2024-10-02,107.0,215.0,230.0,6091.0,173.0,215.0,"6,091",173.0,230.0,173.0,106.98,2.8402561155803645,161.6822429906542,-123.0,57.0,6306.0,75.21739130434783,144.57142857142858,192.57142857142856,160.28571428571428,2024-10,1.069767441860465,0.028402561155803644,2.84,-66.0,-52753.0,False,0,6306.0,Reducing,Wednesday,85.22188037199065,19.124212723826847,19.139955569660415,False
2024-10-03,101.0,162.0,178.0,6118.0,193.0,162.0,"6,118",193.0,178.0,193.0,109.88,3.154625694671461,191.08910891089107,-77.0,-15.0,6280.0,108.42696629213484,132.42857142857142,193.42857142857144,167.42857142857142,2024-10,1.0987654320987654,0.03154625694671461,3.15,-92.0,-52845.0,False,0,6280.0,Reducing,Thursday,88.83437057319263,20.96505952567026,44.15145807624863,False
2024-10-07,99.0,190.0,176.0,5968.0,153.0,190.0,"5,968",153.0,176.0,153.0,92.63,2.5636729222520107,154.54545454545453,-77.0,23.0,6158.0,86.93181818181817,124.57142857142856,187.14285714285717,165.14285714285714,2024-10,0.9263157894736842,0.025636729222520107,2.56,-54.0,-52899.0,False,0,6158.0,Reducing,Monday,90.27917576799783,20.338063676018546,-19.82454074422988,False
2024-10-08,167.0,239.0,166.0,6013.0,123.0,239.0,"6,013",123.0,166.0,123.0,69.46,2.045567936138367,73.65269461077844,1.0,43.0,6252.0,74.09638554216868,135.42857142857142,186.28571428571428,156.28571428571428,2024-10,0.694560669456067,0.02045567936138367,2.05,44.0,-52855.0,True,1,6252.0,Moderate,Tuesday,85.49892519760996,19.515743843389128,-14.764942121426872,False
2024-10-09,115.0,216.0,169.0,6047.0,137.0,216.0,"6,047",137.0,169.0,137.0,78.24,2.265586241111295,119.1304347826087,-54.0,32.0,6263.0,81.06508875739645,140.28571428571428,188.57142857142856,150.57142857142858,2024-10,0.7824074074074074,0.022655862411112948,2.27,-22.0,-52877.0,False,0,6263.0,Reducing,Wednesday,80.55304151869461,14.273145157306748,9.404916534372454,False
2024-10-10,84.0,158.0,193.0,6075.0,159.0,158.0,"6,075",159.0,193.0,159.0,122.15,2.617283950617284,189.28571428571428,-109.0,34.0,6233.0,82.38341968911918,122.42857142857144,189.8571428571429,153.57142857142858,2024-10,1.2215189873417722,0.02617283950617284,2.62,-75.0,-52952.0,False,0,6233.0,Reducing,Thursday,81.60781575999735,14.065692359584878,1.626262244241894,False
2024-10-13,130.0,227.0,192.0,5889.0,210.0,227.0,"5,889",210.0,192.0,210.0,84.58,3.565970453387672,161.53846153846155,-62.0,-18.0,6116.0,109.375,114.71428571428572,186.28571428571428,164.0,2024-10,0.8458149779735683,0.03565970453387672,3.57,-80.0,-53032.0,False,0,6116.0,Reducing,Sunday,88.21372425242657,14.78353471091923,32.7633647798742,False
2024-10-14,88.0,214.0,160.0,5935.0,106.0,214.0,"5,935",106.0,160.0,106.0,74.77,1.7860151642796966,120.45454545454544,-72.0,54.0,6149.0,66.25,112.0,176.28571428571428,154.42857142857142,2024-10,0.7476635514018691,0.017860151642796966,1.79,-18.0,-53050.0,False,0,6149.0,Reducing,Monday,86.93266835180545,16.397815782848546,-39.42857142857142,False
2024-10-15,113.0,208.0,159.0,6013.0,107.0,208.0,"6,013",107.0,159.0,107.0,76.44,1.7794777981041077,94.69026548672566,-46.0,52.0,6221.0,67.29559748427673,113.71428571428572,173.57142857142858,142.14285714285714,2024-10,0.7644230769230769,0.017794777981041076,1.78,6.0,-53044.0,True,1,6221.0,Moderate,Tuesday,81.05675852211144,14.692717406429896,1.5782603536252493,False
2024-10-16,174.0,285.0,150.0,6036.0,129.0,285.0,"6,036",129.0,150.0,129.0,52.63,2.137176938369781,74.13793103448276,24.0,21.0,6321.0,86.0,124.42857142857144,169.85714285714286,138.71428571428572,2024-10,0.5263157894736842,0.021371769383697812,2.14,45.0,-52999.0,True,2,6321.0,Moderate,Wednesday,80.92364163899457,14.634724335650338,27.794392523364486,False
2024-10-17,104.0,230.0,206.0,6076.0,160.0,230.0,"6,076",160.0,206.0,160.0,89.57,2.633311389071758,153.84615384615387,-102.0,46.0,6306.0,77.66990291262135,115.42857142857144,175.57142857142858,144.0,2024-10,0.8956521739130435,0.026333113890717578,2.63,-56.0,-53055.0,False,0,6306.0,Reducing,Thursday,81.4341441204878,14.417593642753735,-9.686159403928663,False
2024-10-20,147.0,276.0,214.0,5918.0,195.0,276.0,"5,918",195.0,214.0,195.0,77.54,3.2950321054410274,132.6530612244898,-67.0,19.0,6194.0,91.1214953271028,120.0,182.0,152.28571428571428,2024-10,0.7753623188405797,0.03295032105441027,3.3,-48.0,-53103.0,False,0,6194.0,Reducing,Sunday,82.87077363044584,14.868665484739722,17.318925233644865,False
2024-10-21,108.0,220.0,213.0,5966.0,154.0,220.0,"5,966",154.0,213.0,154.0,96.82,2.5812939993295343,142.59259259259258,-105.0,59.0,6186.0,72.30046948356808,123.42857142857144,184.8571428571429,151.57142857142858,2024-10,0.9681818181818181,0.025812939993295342,2.58,-46.0,-53149.0,False,0,6186.0,Reducing,Monday,81.43035217250998,15.402561463603709,-20.65486938726375,False
2024-10-22,180.0,280.0,146.0,6043.0,109.0,280.0,"6,043",109.0,146.0,109.0,52.14,1.803739864305808,60.55555555555555,34.0,37.0,6323.0,74.65753424657534,130.57142857142858,178.28571428571428,137.14285714285714,2024-10,0.5214285714285715,0.018037398643058082,1.8,71.0,-53078.0,True,1,6323.0,High,Tuesday,76.47071420773503,9.275550811178219,3.2600960683152325,False
2024-10-23,134.0,294.0,186.0,6077.0,138.0,294.0,"6,077",138.0,186.0,138.0,63.27,2.2708573309198616,102.98507462686568,-52.0,48.0,6371.0,74.19354838709677,137.14285714285714,182.0,141.71428571428572,2024-10,0.6326530612244898,0.022708573309198617,2.27,-4.0,-53082.0,False,0,6371.0,Reducing,Wednesday,77.60550683446313,8.245435729574332,-0.6214856466410179,False
2024-10-27,202.0,313.0,158.0,5974.0,192.0,313.0,"5,974",192.0,158.0,192.0,50.48,3.213927017073987,95.04950495049503,44.0,-34.0,6287.0,121.51898734177216,149.85714285714286,181.8571428571429,153.85714285714286,2024-10,0.5047923322683706,0.03213927017073987,3.21,10.0,-53072.0,True,1,6287.0,Moderate,Sunday,85.35170538553392,17.368542722077212,63.786461199779886,False
2024-10-28,110.0,272.0,193.0,6008.0,156.0,272.0,"6,008",156.0,193.0,156.0,70.96,2.596537949400799,141.8181818181818,-83.0,37.0,6280.0,80.82901554404145,140.71428571428572,188.0,157.71428571428572,2024-10,0.7095588235294118,0.02596537949400799,2.6,-46.0,-53118.0,False,0,6280.0,Reducing,Monday,84.61299332039698,17.446165895026276,-33.48445595854922,False
2024-10-29,166.0,277.0,229.0,6106.0,126.0,277.0,"6,106",126.0,229.0,126.0,82.67,2.0635440550278417,75.90361445783132,-63.0,103.0,6383.0,55.021834061135365,149.57142857142858,191.28571428571428,152.85714285714286,2024-10,0.8267148014440433,0.020635440550278415,2.06,40.0,-53078.0,True,1,6383.0,Moderate,Tuesday,81.37755491304183,20.73791212852514,-31.928115552569714,False
2024-10-30,136.0,276.0,178.0,6149.0,160.0,276.0,"6,149",160.0,178.0,160.0,64.49,2.6020491136770207,117.64705882352942,-42.0,18.0,6425.0,89.8876404494382,148.0,186.14285714285717,147.85714285714286,2024-10,0.644927536231884,0.026020491136770206,2.6,-24.0,-53102.0,False,0,6425.0,Reducing,Wednesday,81.20128993051833,20.64633015145849,63.367219546994825,False
2024-10-31,87.0,246.0,173.0,6148.0,177.0,246.0,"6,148",177.0,173.0,177.0,70.33,2.8789850357839946,203.44827586206893,-86.0,-4.0,6394.0,102.3121387283237,145.0,180.42857142857144,151.14285714285714,2024-10,0.7032520325203252,0.028789850357839947,2.88,-90.0,-53192.0,False,0,6394.0,Reducing,Thursday,85.4886712511977,21.584707374090613,13.82225433526012,False
2024-11-03,84.0,171.0,157.0,5990.0,184.0,171.0,"5,990",184.0,157.0,184.0,91.81,3.0717863105175294,219.0476190476191,-73.0,-27.0,6161.0,117.19745222929936,131.28571428571428,182.0,161.85714285714286,2024-11,0.9181286549707602,0.030717863105175294,3.07,-100.0,-53292.0,False,0,6161.0,Reducing,Sunday,91.56580239158686,23.89215406980797,14.548922235416883,False
2024-11-04,167.0,209.0,157.0,6007.0,132.0,209.0,"6,007",132.0,157.0,132.0,75.12,2.1974363242883306,79.04191616766467,10.0,25.0,6216.0,84.07643312101911,136.0,177.85714285714286,161.0,2024-11,0.7511961722488039,0.021974363242883304,2.2,35.0,-53257.0,True,1,6216.0,Moderate,Monday,92.97764306786146,22.96864725657118,-28.260869565217394,False
2024-11-05,109.0,245.0,159.0,6045.0,126.0,245.0,"6,045",126.0,159.0,126.0,64.9,2.0843672456575684,115.59633027522936,-50.0,33.0,6290.0,79.24528301886792,122.71428571428572,178.0,151.57142857142858,2024-11,0.6489795918367347,0.020843672456575684,2.08,-17.0,-53274.0,False,0,6290.0,Reducing,Tuesday,86.93854245030373,19.510795159138418,-5.746140651801035,False
2024-11-06,156.0,256.0,176.0,6086.0,137.0,256.0,"6,086",137.0,176.0,137.0,68.75,2.2510680249753534,87.82051282051282,-20.0,39.0,6342.0,77.8409090909091,129.28571428571428,175.57142857142858,148.85714285714286,2024-11,0.6875,0.022510680249753532,2.25,19.0,-53255.0,True,1,6342.0,Moderate,Wednesday,86.51167009985625,19.698527187540975,-1.7721861471861389,False
2024-11-07,125.0,232.0,192.0,6084.0,177.0,232.0,"6,084",177.0,192.0,177.0,82.76,2.9092702169625246,141.6,-67.0,15.0,6316.0,92.1875,123.42857142857144,170.28571428571428,156.14285714285714,2024-11,0.8275862068965517,0.029092702169625246,2.91,-52.0,-53307.0,False,0,6316.0,Reducing,Thursday,91.82105094826547,13.973012300534986,18.430656934306565,False
2024-11-11,118.0,139.0,168.0,5963.0,145.0,139.0,"5,963",145.0,168.0,145.0,120.86,2.4316619151433843,122.8813559322034,-50.0,23.0,6102.0,86.30952380952381,120.85714285714286,168.85714285714286,154.0,2024-11,1.20863309352518,0.024316619151433842,2.43,-27.0,-53334.0,False,0,6102.0,Reducing,Monday,91.30989142827771,14.120200089265749,-6.376109765940274,False
2024-11-12,142.0,235.0,139.0,5975.0,138.0,235.0,"5,975",138.0,139.0,138.0,59.15,2.309623430962344,97.1830985915493,3.0,1.0,6210.0,99.28057553956836,128.71428571428572,164.0,148.42857142857142,2024-11,0.5914893617021276,0.02309623430962343,2.31,4.0,-53330.0,True,1,6210.0,Moderate,Tuesday,90.87681097274124,13.768622251029333,15.028528901017136,False
2024-11-13,148.0,245.0,175.0,5966.0,151.0,245.0,"5,966",151.0,175.0,151.0,71.43,2.531009051290647,102.02702702702702,-27.0,24.0,6211.0,86.28571428571429,137.85714285714286,166.57142857142858,143.71428571428572,2024-11,0.7142857142857143,0.02531009051290647,2.53,-3.0,-53333.0,False,0,6211.0,Reducing,Wednesday,86.46084840937192,7.407728928343231,-13.089026915113877,False
2024-11-14,119.0,219.0,210.0,6025.0,172.0,219.0,"6,025",172.0,210.0,172.0,95.89,2.854771784232365,144.53781512605042,-91.0,38.0,6244.0,81.9047619047619,131.0,174.14285714285714,149.42857142857142,2024-11,0.958904109589041,0.028547717842323652,2.85,-53.0,-53386.0,False,0,6244.0,Reducing,Thursday,86.15060966419232,7.567974615355189,-5.077262693156747,False
2024-11-17,105.0,210.0,149.0,5816.0,195.0,210.0,"5,816",195.0,149.0,195.0,70.95,3.3528198074277857,185.7142857142857,-44.0,-46.0,6026.0,130.8724832214765,130.42857142857142,172.71428571428572,159.28571428571428,2024-11,0.7095238095238096,0.03352819807427786,3.35,-90.0,-53476.0,False,0,6026.0,Reducing,Sunday,93.52592397885068,17.866360608636505,59.78617137505853,False
2024-11-18,143.0,203.0,163.0,5819.0,138.0,203.0,"5,819",138.0,163.0,138.0,80.3,2.371541501976284,96.5034965034965,-20.0,25.0,6022.0,84.66257668711657,128.57142857142858,170.85714285714286,159.42857142857142,2024-11,0.8029556650246306,0.023715415019762844,2.37,5.0,-53471.0,True,1,6022.0,Moderate,Monday,94.50044792116604,17.0349268815912,-35.30910806984425,False
2024-11-19,119.0,209.0,152.0,5844.0,146.0,209.0,"5,844",146.0,152.0,146.0,72.73,2.4982888432580426,122.6890756302521,-33.0,6.0,6053.0,96.05263157894736,127.71428571428572,165.14285714285714,155.0,2024-11,0.7272727272727273,0.024982888432580425,2.5,-27.0,-53498.0,False,0,6053.0,Reducing,Tuesday,95.05260957530137,17.01008412551374,13.45347063310447,False
2024-11-20,155.0,212.0,181.0,5879.0,148.0,212.0,"5,879",148.0,181.0,148.0,85.38,2.517434937914611,95.48387096774194,-26.0,33.0,6091.0,81.76795580110497,133.0,167.0,155.42857142857142,2024-11,0.8537735849056604,0.025174349379146112,2.52,7.0,-53491.0,True,1,6091.0,Moderate,Wednesday,94.40381414552726,17.479281546862765,-14.871717248164673,False
2024-11-21,109.0,214.0,173.0,5850.0,210.0,214.0,"5,850",210.0,173.0,210.0,80.84,3.589743589743589,192.6605504587156,-64.0,-37.0,6064.0,121.38728323699422,128.28571428571428,171.85714285714286,165.71428571428572,2024-11,0.8084112149532711,0.035897435897435895,3.59,-101.0,-53592.0,False,0,6064.0,Reducing,Thursday,97.56191524515953,20.279962545142283,48.45336666145914,False
2024-11-24,191.0,283.0,192.0,5664.0,207.0,283.0,"5,664",207.0,192.0,207.0,67.84,3.6546610169491527,108.37696335078536,-1.0,-15.0,5947.0,107.8125,134.42857142857142,174.28571428571428,173.71428571428572,2024-11,0.6784452296819788,0.036546610169491525,3.65,-16.0,-53608.0,False,0,5947.0,Reducing,Sunday,100.63717034720035,19.913909322942374,-11.183035714285715,False
2024-11-25,170.0,297.0,196.0,5715.0,129.0,297.0,"5,715",129.0,196.0,129.0,65.99,2.257217847769029,75.88235294117646,-26.0,67.0,6012.0,65.81632653061224,141.71428571428572,172.28571428571428,167.57142857142858,2024-11,0.6599326599326599,0.02257217847769029,2.26,41.0,-53567.0,True,1,6012.0,Moderate,Monday,98.33882243660754,23.108418103050024,-38.952972493345165,False
2024-11-26,152.0,272.0,214.0,5826.0,112.0,272.0,"5,826",112.0,214.0,112.0,78.68,1.9224167524888431,73.68421052631578,-62.0,102.0,6098.0,52.33644859813084,148.42857142857142,181.57142857142856,155.71428571428572,2024-11,0.7867647058823529,0.01922416752488843,1.92,40.0,-53527.0,True,2,6098.0,Moderate,Tuesday,87.11938891898673,23.736903121749926,-20.481054843150037,False
2024-11-27,239.0,367.0,224.0,5862.0,211.0,367.0,"5,862",211.0,224.0,211.0,61.04,3.5994541112248384,88.28451882845188,15.0,13.0,6229.0,94.19642857142856,162.14285714285714,190.28571428571428,166.14285714285714,2024-11,0.6103542234332425,0.03599454111224838,3.6,28.0,-53499.0,True,3,6229.0,Moderate,Wednesday,88.48136775960272,23.845709181568417,79.98246173469383,False
2024-11-28,113.0,280.0,237.0,5963.0,143.0,280.0,"5,963",143.0,237.0,143.0,84.64,2.398121750796579,126.54867256637168,-124.0,94.0,6243.0,60.337552742616026,161.28571428571428,202.42857142857144,165.71428571428572,2024-11,0.8464285714285714,0.02398121750796579,2.4,-30.0,-53529.0,False,0,6243.0,Reducing,Thursday,83.37921364012684,25.704193981746972,-35.94496770452137,False
2024-12-01,196.0,306.0,187.0,5986.0,149.0,306.0,"5,986",149.0,187.0,149.0,61.11,2.489141329769462,76.0204081632653,9.0,38.0,6292.0,79.67914438502673,167.14285714285714,203.28571428571428,165.85714285714286,2024-12,0.6111111111111112,0.02489141329769462,2.49,47.0,-53482.0,True,1,6292.0,Moderate,Sunday,83.0808120092585,25.738118894754965,32.0556448898695,False
2024-12-02,236.0,330.0,222.0,6061.0,115.0,330.0,"6,061",115.0,222.0,115.0,67.27,1.8973766705164163,48.72881355932204,14.0,107.0,6391.0,51.80180180180181,185.28571428571428,210.28571428571428,152.28571428571428,2024-12,0.6727272727272727,0.018973766705164163,1.9,121.0,-53361.0,True,2,6391.0,High,Monday,73.14002894708815,21.579161058206672,-34.98700042324202,False
2024-12-03,81.0,230.0,242.0,6192.0,107.0,230.0,"6,192",107.0,242.0,107.0,105.22,1.7280361757105942,132.0987654320988,-161.0,135.0,6422.0,44.214876033057855,169.57142857142858,217.42857142857144,138.0,2024-12,1.0521739130434782,0.01728036175710594,1.73,-26.0,-53387.0,False,0,6422.0,Reducing,Tuesday,64.05465409466785,17.56244630159386,-14.646065397053542,False
2024-12-04,118.0,245.0,160.0,6269.0,115.0,245.0,"6,269",115.0,160.0,115.0,65.31,1.8344233530068592,97.45762711864408,-42.0,45.0,6514.0,71.875,162.14285714285714,212.28571428571428,136.0,2024-12,0.6530612244897959,0.01834423353006859,1.83,3.0,-53384.0,True,1,6514.0,Moderate,Wednesday,64.92017887600896,17.81126754265344,62.558411214953246,False
2024-12-05,218.0,283.0,208.0,6310.0,150.0,283.0,"6,310",150.0,208.0,150.0,73.5,2.3771790808240887,68.80733944954129,10.0,58.0,6593.0,72.11538461538461,171.57142857142858,211.42857142857144,141.42857142857142,2024-12,0.734982332155477,0.02377179080824089,2.38,68.0,-53316.0,True,2,6593.0,High,Thursday,67.74574116418808,17.034189204218983,0.33444816053511683,False
2024-12-08,132.0,243.0,183.0,6286.0,172.0,243.0,"6,286",172.0,183.0,172.0,75.31,2.736239261851734,130.3030303030303,-51.0,11.0,6529.0,93.98907103825135,156.28571428571428,205.57142857142856,135.85714285714286,2024-12,0.7530864197530864,0.02736239261851734,2.74,-40.0,-53356.0,False,0,6529.0,Reducing,Sunday,67.71611865944847,16.9806211467888,30.331511839708547,False
2024-12-09,224.0,315.0,152.0,6268.0,174.0,315.0,"6,268",174.0,152.0,174.0,48.25,2.7760051052967456,77.67857142857143,72.0,-22.0,6583.0,114.4736842105263,172.14285714285714,193.42857142857144,140.28571428571428,2024-12,0.48253968253968255,0.027760051052967454,2.78,50.0,-53306.0,True,1,6583.0,Moderate,Monday,75.44985172629279,23.955518774089512,21.794675642594854,False
2024-12-10,167.0,326.0,213.0,6310.0,149.0,326.0,"6,310",149.0,213.0,149.0,65.34,2.361331220285261,89.22155688622755,-46.0,64.0,6636.0,69.95305164319248,168.0,197.14285714285717,140.28571428571428,2024-12,0.6533742331288344,0.023613312202852614,2.36,18.0,-53288.0,True,2,6636.0,Moderate,Tuesday,74.06040990603076,23.95139290720419,-38.89158707031461,False
2024-12-11,209.0,353.0,232.0,6402.0,152.0,353.0,"6,402",152.0,232.0,152.0,65.72,2.374258044361137,72.72727272727273,-23.0,80.0,6755.0,65.51724137931035,164.14285714285714,198.57142857142856,145.57142857142858,2024-12,0.6572237960339944,0.023742580443611373,2.37,57.0,-53231.0,True,3,6755.0,High,Wednesday,76.0197584171034,22.333390923290295,-6.341124739643589,False
2024-12-12,153.0,253.0,286.0,6481.0,194.0,253.0,"6,481",194.0,286.0,194.0,113.04,2.993365221416448,126.79738562091502,-133.0,92.0,6734.0,67.83216783216784,174.42857142857142,204.8571428571429,158.0,2024-12,1.1304347826086956,0.02993365221416448,2.99,-41.0,-53272.0,False,0,6734.0,Reducing,Thursday,79.3936572455477,18.113005657936096,3.5333087964666943,False
2024-12-15,180.0,337.0,219.0,6408.0,224.0,337.0,"6,408",224.0,219.0,224.0,64.99,3.495630461922597,124.44444444444444,-39.0,-5.0,6745.0,102.28310502283104,183.28571428571428,213.28571428571428,173.57142857142858,2024-12,0.6498516320474778,0.03495630461922597,3.5,-44.0,-53316.0,False,0,6745.0,Reducing,Sunday,83.73767224880928,19.595021443041688,50.7884950336581,False
2024-12-16,133.0,287.0,189.0,6454.0,149.0,287.0,"6,454",149.0,189.0,149.0,65.85,2.30864580105361,112.03007518796991,-56.0,40.0,6741.0,78.83597883597884,171.14285714285714,210.57142857142856,173.42857142857142,2024-12,0.6585365853658537,0.0230864580105361,2.31,-16.0,-53332.0,False,0,6741.0,Reducing,Monday,84.69775713746559,19.08876580454644,-22.923752834467116,False
2024-12-17,187.0,310.0,247.0,6506.0,151.0,310.0,"6,506",151.0,247.0,151.0,79.68,2.320934521979711,80.74866310160428,-60.0,96.0,6816.0,61.1336032388664,179.0,219.7142857142857,170.42857142857142,2024-12,0.7967741935483871,0.02320934521979711,2.32,36.0,-53296.0,True,1,6816.0,Moderate,Tuesday,80.00411888041059,20.4165579615428,-22.454691193652685,False
2024-12-18,168.0,285.0,210.0,6598.0,134.0,285.0,"6,598",134.0,210.0,134.0,73.68,2.030918460139436,79.76190476190477,-42.0,76.0,6883.0,63.8095238095238,171.0,228.0,164.71428571428572,2024-12,0.7368421052631579,0.020309184601394362,2.03,34.0,-53262.0,True,2,6883.0,Moderate,Wednesday,72.76638168026737,14.191753068811492,4.37716808577735,False
2024-12-19,269.0,412.0,204.0,6600.0,238.0,412.0,"6,600",238.0,204.0,238.0,49.51,3.6060606060606064,88.47583643122677,65.0,-34.0,7012.0,116.66666666666669,185.57142857142856,226.7142857142857,177.42857142857142,2024-12,0.49514563106796117,0.036060606060606064,3.61,31.0,-53231.0,True,3,7012.0,Moderate,Thursday,79.4397552550494,21.664171354666486,82.83582089552243,False
2024-12-22,100.0,255.0,236.0,6595.0,268.0,255.0,"6,595",268.0,236.0,268.0,92.55,4.063684609552691,268.0,-136.0,-32.0,6850.0,113.55932203389833,170.0,227.28571428571428,194.0,2024-12,0.9254901960784314,0.04063684609552692,4.06,-168.0,-53399.0,False,0,6850.0,Reducing,Sunday,86.30290963427626,24.002104599495038,-2.66343825665859,False
2024-12-23,205.0,294.0,177.0,6548.0,231.0,294.0,"6,548",231.0,177.0,231.0,60.2,3.527794746487477,112.68292682926828,28.0,-54.0,6842.0,130.5084745762712,177.42857142857142,211.7142857142857,199.28571428571428,2024-12,0.6020408163265306,0.03527794746487477,3.53,-26.0,-53425.0,False,0,6842.0,Reducing,Monday,95.25666774057675,27.41161958844099,14.925373134328357,False
2024-12-24,161.0,304.0,211.0,6622.0,155.0,304.0,"6,622",155.0,211.0,155.0,69.41,2.340682573240713,96.27329192546584,-50.0,56.0,6926.0,73.45971563981043,174.71428571428572,210.57142857142856,189.42857142857144,2024-12,0.694078947368421,0.023406825732407127,2.34,6.0,-53419.0,True,1,6926.0,Moderate,Tuesday,91.13904068585951,28.329706619371223,-43.71268541884656,False
2024-12-25,57.0,162.0,193.0,6689.0,107.0,162.0,"6,689",107.0,193.0,107.0,119.14,1.5996412019733892,187.71929824561403,-136.0,86.0,6851.0,55.44041450777202,163.85714285714286,211.14285714285717,183.42857142857144,2024-12,1.191358024691358,0.015996412019733893,1.6,-50.0,-53469.0,False,0,6851.0,Reducing,Wednesday,87.7968172104014,31.2523786791752,-24.529500250710345,False
2024-12-26,80.0,122.0,152.0,6707.0,135.0,122.0,"6,707",135.0,152.0,135.0,124.59,2.0128224243327866,168.75,-72.0,17.0,6829.0,88.81578947368422,148.57142857142858,197.57142857142856,181.14285714285717,2024-12,1.2459016393442623,0.020128224243327865,2.01,-55.0,-53524.0,False,0,6829.0,Reducing,Thursday,91.7514152439468,28.985359650958355,60.20044269552387,False
2024-12-29,107.0,170.0,133.0,6465.0,216.0,170.0,"6,465",216.0,133.0,216.0,78.24,3.341067285382831,201.86915887850463,-26.0,-83.0,6635.0,162.406015037594,139.85714285714286,186.57142857142856,192.8571428571429,2024-12,0.7823529411764706,0.03341067285382831,3.34,-109.0,-53633.0,False,0,6635.0,Reducing,Sunday,105.83662827652824,36.20192682815701,82.85714285714285,False
2024-12-30,99.0,156.0,139.0,6454.0,177.0,156.0,"6,454",177.0,139.0,177.0,89.1,2.742485280446235,178.78787878787878,-40.0,-38.0,6610.0,127.33812949640289,115.57142857142856,177.28571428571428,184.14285714285717,2024-12,0.8910256410256411,0.02742485280446235,2.74,-78.0,-53711.0,False,0,6610.0,Reducing,Monday,107.36112296649057,36.950943314945164,-21.592725819344516,False
2025-01-01,25.0,66.0,94.0,6405.0,144.0,66.0,"6,405",144.0,94.0,144.0,142.42,2.2482435597189694,576.0,-69.0,-50.0,6471.0,153.19148936170214,104.85714285714286,157.0,166.42857142857142,2025-01,1.4242424242424243,0.022482435597189696,2.25,-119.0,-53830.0,False,0,6471.0,Reducing,Wednesday,113.02286115617683,40.88571700102212,20.302921024161556,False
2025-01-02,35.0,70.0,53.0,6292.0,170.0,70.0,"6,292",170.0,53.0,170.0,75.71,2.70184361093452,485.71428571428567,-18.0,-117.0,6362.0,320.7547169811321,80.57142857142857,139.28571428571428,157.71428571428572,2025-01,0.7571428571428571,0.0270184361093452,2.7,-135.0,-53965.0,False,0,6362.0,Reducing,Thursday,140.20089578544267,89.16848229780341,109.38155136268347,False
2025-01-05,43.0,73.0,64.0,5882.0,185.0,73.0,"5,882",185.0,64.0,185.0,87.67,3.1451887113226795,430.2325581395348,-21.0,-121.0,5955.0,289.0625,63.71428571428572,118.28571428571428,162.0,2025-01,0.8767123287671232,0.031451887113226794,3.15,-142.0,-54107.0,False,0,5955.0,Reducing,Sunday,171.00129355118406,98.97040801519641,-9.880514705882359,False
2025-01-06,41.0,60.0,71.0,5769.0,190.0,60.0,"5,769",190.0,71.0,190.0,118.33,3.29346507193621,463.4146341463414,-30.0,-119.0,5829.0,267.6056338028169,61.42857142857143,100.85714285714286,173.85714285714286,2025-01,1.1833333333333333,0.03293465071936211,3.29,-149.0,-54256.0,False,0,5829.0,Reducing,Monday,201.31061059333334,89.73883298160584,-7.422915873620095,False
2025-01-07,65.0,83.0,65.0,5703.0,133.0,83.0,"5,703",133.0,65.0,133.0,78.31,2.332105909170612,204.61538461538456,,-68.0,5786.0,204.61538461538456,59.285714285714285,88.42857142857143,173.57142857142858,2025-01,0.7831325301204819,0.02332105909170612,2.33,-68.0,-54324.0,False,0,5786.0,Reducing,Tuesday,217.85340989929048,75.00948402241995,-23.538461538461565,False
2025-01-08,38.0,80.0,82.0,5605.0,184.0,80.0,"5,605",184.0,82.0,184.0,102.5,3.2827832292595893,484.2105263157895,-44.0,-102.0,5685.0,224.39024390243904,49.42857142857143,81.14285714285714,169.0,2025-01,1.025,0.03282783229259589,3.28,-146.0,-54470.0,False,0,5685.0,Reducing,Wednesday,226.70829973712551,70.92013024453699,9.664404914725889,False
2025-01-09,56.0,82.0,68.0,5507.0,164.0,82.0,"5,507",164.0,68.0,164.0,82.93,2.978027964408934,292.85714285714283,-12.0,-96.0,5589.0,241.17647058823528,43.285714285714285,71.0,167.14285714285714,2025-01,0.8292682926829268,0.02978027964408934,2.98,-108.0,-54578.0,False,0,5589.0,Reducing,Thursday,242.97091989310155,55.76973010686648,7.480818414322243,False
2025-01-12,74.0,103.0,80.0,5092.0,235.0,103.0,"5,092",235.0,80.0,235.0,77.67,4.615082482325216,317.5675675675676,-6.0,-155.0,5195.0,293.75,50.285714285714285,69.0,180.14285714285714,2025-01,0.7766990291262136,0.04615082482325216,4.62,-161.0,-54739.0,False,0,5195.0,Reducing,Sunday,263.0507071271441,41.547885264206336,21.79878048780488,False
2025-01-13,68.0,107.0,102.0,5019.0,181.0,107.0,"5,019",181.0,102.0,181.0,95.33,3.6062960749153214,266.1764705882353,-34.0,-79.0,5126.0,177.45098039215685,55.0,76.0,181.7142857142857,2025-01,0.9532710280373832,0.03606296074915322,3.61,-113.0,-54852.0,False,0,5126.0,Reducing,Monday,242.57874475729048,43.62952437003396,-39.59115561118065,False
2025-01-14,92.0,124.0,93.0,4957.0,139.0,124.0,"4,957",139.0,93.0,139.0,75.0,2.80411539237442,151.08695652173913,-1.0,-46.0,5081.0,149.46236559139786,62.0,80.14285714285714,175.14285714285714,2025-01,0.75,0.0280411539237442,2.8,-47.0,-54899.0,False,0,5081.0,Reducing,Tuesday,222.63586841320446,50.2445763738169,-15.772589556228823,False
2025-01-15,113.0,162.0,107.0,4903.0,164.0,162.0,"4,903",164.0,107.0,164.0,66.05,3.344890883132776,145.13274336283186,6.0,-57.0,5065.0,153.27102803738316,72.28571428571429,85.28571428571429,171.42857142857142,2025-01,0.6604938271604939,0.033448908831327756,3.34,-51.0,-54950.0,False,0,5065.0,Reducing,Wednesday,206.30235330385682,51.75071658164303,2.5482417804074453,False
2025-01-16,106.0,196.0,131.0,4881.0,159.0,196.0,"4,881",159.0,131.0,159.0,66.84,3.257529194837124,150.0,-25.0,-28.0,5077.0,121.3740458015267,78.14285714285714,94.71428571428572,175.14285714285714,2025-01,0.6683673469387755,0.032575291948371235,3.26,-53.0,-55003.0,False,0,5077.0,Reducing,Thursday,194.4107334733057,60.9493193792668,-20.810835970955132,False
2025-01-19,86.0,152.0,168.0,4628.0,176.0,152.0,"4,628",176.0,168.0,176.0,110.53,3.802938634399308,204.6511627906977,-82.0,-8.0,4780.0,104.76190476190476,85.0,107.0,174.0,2025-01,1.105263157894737,0.03802938634399308,3.8,-90.0,-55093.0,False,0,4780.0,Reducing,Sunday,177.32097073894366,67.55570381583044,-13.686732554657077,False
2025-01-20,84.0,118.0,136.0,4638.0,127.0,118.0,"4,638",127.0,136.0,127.0,115.25,2.738249245364381,151.19047619047618,-52.0,9.0,4756.0,93.38235294117648,89.0,116.71428571428572,168.71428571428572,2025-01,1.152542372881356,0.02738249245364381,2.74,-43.0,-55136.0,False,0,4756.0,Reducing,Monday,156.2075253607924,67.36760147993584,-10.862299465240632,False
2025-01-21,59.0,64.0,117.0,4728.0,54.0,64.0,"4,728",54.0,117.0,54.0,182.81,1.1421319796954317,91.52542372881356,-58.0,63.0,4792.0,46.15384615384615,86.85714285714286,122.0,142.85714285714286,2025-01,1.828125,0.011421319796954314,1.14,5.0,-55131.0,True,1,4792.0,Moderate,Tuesday,120.83664623991328,44.09563229236001,-50.57540884312539,False
2025-01-22,62.0,97.0,52.0,4717.0,83.0,97.0,"4,717",83.0,52.0,83.0,53.61,1.7595929616281536,133.8709677419355,10.0,-31.0,4814.0,159.6153846153846,86.0,114.85714285714286,128.85714285714286,2025-01,0.5360824742268041,0.017595929616281536,1.76,-21.0,-55152.0,False,0,4814.0,Reducing,Wednesday,118.28870398608865,40.6606123375102,245.83333333333334,False
2025-01-23,91.0,75.0,97.0,4621.0,174.0,75.0,"4,621",174.0,97.0,174.0,129.33,3.765418740532352,191.2087912087912,-6.0,-77.0,4696.0,179.3814432989691,85.85714285714286,115.42857142857144,133.85714285714286,2025-01,1.2933333333333332,0.03765418740532352,3.77,-83.0,-55235.0,False,0,4696.0,Reducing,Thursday,122.56285794431312,45.73904103430446,12.383554837908338,False
2025-01-26,29.0,51.0,11.0,4241.0,182.0,51.0,"4,241",182.0,11.0,182.0,21.57,4.291440697948597,627.5862068965517,18.0,-171.0,4292.0,1654.5454545454547,73.85714285714286,101.71428571428572,136.42857142857142,2025-01,0.21568627450980393,0.042914406979485974,4.29,-153.0,-55388.0,False,0,4292.0,Reducing,Sunday,337.03063315975186,582.6097976040966,822.3615464994775,False
2025-01-27,33.0,53.0,34.0,4161.0,127.0,53.0,"4,161",127.0,34.0,127.0,64.15,3.052150925258351,384.8484848484849,-1.0,-93.0,4214.0,373.5294117647059,63.42857142857143,87.85714285714286,131.85714285714286,2025-01,0.6415094339622641,0.030521509252583512,3.05,-94.0,-55482.0,False,0,4214.0,Reducing,Monday,373.052828297349,574.7965241365357,-77.4240465416936,False
2025-01-28,32.0,49.0,39.0,4096.0,101.0,49.0,"4,096",101.0,39.0,101.0,79.59,2.4658203125,315.625,-7.0,-62.0,4145.0,258.974358974359,55.71428571428572,69.42857142857143,121.14285714285714,2025-01,0.7959183673469388,0.024658203125,2.47,-69.0,-55551.0,False,0,4145.0,Reducing,Tuesday,395.08317889912814,565.6828893816116,-30.668281849384204,False
2025-01-29,32.0,50.0,39.0,4036.0,99.0,50.0,"4,036",99.0,39.0,99.0,78.0,2.4529236868186324,309.375,-7.0,-60.0,4086.0,253.84615384615384,48.285714285714285,55.57142857142857,117.14285714285714,2025-01,0.78,0.024529236868186324,2.45,-67.0,-55618.0,False,0,4086.0,Reducing,Wednesday,418.0065790284106,554.5612261031938,-1.980198019801993,False
2025-01-30,47.0,42.0,47.0,3923.0,159.0,42.0,"3,923",159.0,47.0,159.0,111.9,4.053020647463676,338.2978723404255,,-112.0,3965.0,338.2978723404255,46.57142857142857,45.57142857142857,132.14285714285714,2025-01,1.119047619047619,0.04053020647463676,4.05,-112.0,-55730.0,False,0,3965.0,Reducing,Thursday,459.7414399122076,532.465234180775,33.268858800773685,False
2025-02-02,20.0,22.0,41.0,3483.0,168.0,22.0,"3,483",168.0,41.0,168.0,186.36,4.823428079242033,840.0,-21.0,-127.0,3505.0,409.7560975609756,40.57142857142857,44.0,144.28571428571428,2025-02,1.8636363636363635,0.04823428079242033,4.82,-148.0,-55878.0,False,0,3505.0,Reducing,Sunday,495.47582747586347,517.1395063016067,21.122871606074554,False
2025-02-03,23.0,45.0,11.0,3403.0,102.0,45.0,"3,403",102.0,11.0,102.0,24.44,2.9973552747575667,443.4782608695653,12.0,-91.0,3448.0,927.2727272727274,30.857142857142858,31.714285714285715,134.0,2025-02,0.24444444444444444,0.02997355274757567,3.0,-79.0,-55957.0,False,0,3448.0,Reducing,Monday,602.3174394721146,518.2062984397121,126.2987012987013,False
2025-02-04,34.0,54.0,29.0,3359.0,74.0,54.0,"3,359",74.0,29.0,74.0,53.7,2.203036618041084,217.6470588235294,5.0,-45.0,3413.0,255.17241379310343,31.571428571428573,34.285714285714285,118.57142857142856,2025-02,0.5370370370370371,0.022030366180410838,2.2,-40.0,-55997.0,False,0,3413.0,Reducing,Tuesday,402.4070050789216,239.72317616683807,-72.4814063556457,False
2025-02-05,26.0,36.0,36.0,3290.0,104.0,36.0,"3,290",104.0,36.0,104.0,100.0,3.1610942249240126,400.0,-10.0,-68.0,3326.0,288.88888888888886,30.571428571428573,34.57142857142857,115.28571428571428,2025-02,1.0,0.031610942249240125,3.16,-78.0,-56075.0,False,0,3326.0,Reducing,Wednesday,390.31550181094775,243.52694009009141,13.213213213213205,False
2025-02-06,25.0,32.0,27.0,3181.0,145.0,32.0,"3,181",145.0,27.0,145.0,84.38,4.558314995284501,580.0,-2.0,-118.0,3213.0,537.0370370370371,29.571428571428573,32.857142857142854,121.57142857142856,2025-02,0.84375,0.045583149952845015,4.56,-120.0,-56195.0,False,0,3213.0,Reducing,Thursday,430.03874153418747,241.19956674110048,85.89743589743593,False
2025-02-09,15.0,13.0,23.0,2878.0,99.0,13.0,"2,878",99.0,23.0,99.0,176.92,3.439888811674774,660.0,-8.0,-76.0,2891.0,430.4347826086956,27.142857142857142,30.571428571428573,121.57142857142856,2025-02,1.7692307692307692,0.03439888811674774,3.44,-84.0,-56279.0,False,0,2891.0,Reducing,Sunday,455.2656885002649,228.6062564382589,-19.85007496251875,False
2025-02-10,16.0,18.0,15.0,2834.0,63.0,18.0,"2,834",63.0,15.0,63.0,83.33,2.2230063514467187,393.75,1.0,-48.0,2852.0,420.0,22.714285714285715,26.0,107.85714285714286,2025-02,0.8333333333333334,0.022230063514467185,2.22,-47.0,-56326.0,False,0,2852.0,Reducing,Monday,466.9374210230613,223.6714541032225,-2.4242424242424176,False
2025-02-11,11.0,22.0,12.0,2799.0,50.0,22.0,"2,799",50.0,12.0,50.0,54.55,1.7863522686673812,454.54545454545456,-1.0,-38.0,2821.0,416.6666666666667,21.428571428571427,21.857142857142858,91.0,2025-02,0.5454545454545454,0.01786352268667381,1.79,-39.0,-56365.0,False,0,2821.0,Reducing,Tuesday,467.9246451810171,223.39208393682273,-0.7936507936507908,False
2025-02-12,16.0,20.0,20.0,2752.0,66.0,20.0,"2,752",66.0,20.0,66.0,100.0,2.3982558139534884,412.5,-4.0,-46.0,2772.0,330.0,20.428571428571427,23.142857142857142,85.85714285714286,2025-02,1.0,0.023982558139534885,2.4,-50.0,-56415.0,False,0,2772.0,Reducing,Wednesday,382.5999698563418,97.02627194559768,-20.800000000000008,False
2025-02-13,15.0,10.0,23.0,2703.0,72.0,10.0,"2,703",72.0,23.0,72.0,230.0,2.6637069922308543,480.0,-8.0,-49.0,2713.0,313.0434782608696,17.714285714285715,22.285714285714285,85.57142857142857,2025-02,2.3,0.026637069922308545,2.66,-57.0,-56472.0,False,0,2713.0,Reducing,Thursday,390.86726478030835,86.22303540553884,-5.138339920948598,False
2025-02-17,8.0,17.0,14.0,2532.0,15.0,17.0,"2,532",15.0,14.0,15.0,82.35,0.5924170616113744,187.5,-6.0,-1.0,2549.0,107.14285714285714,15.142857142857142,19.142857142857142,72.85714285714286,2025-02,0.8235294117647058,0.005924170616113744,0.59,-7.0,-56479.0,False,0,2549.0,Reducing,Monday,364.9035459594467,135.3930195652508,-65.77380952380953,False
2025-02-18,18.0,19.0,11.0,2536.0,9.0,19.0,"2,536",9.0,11.0,9.0,57.89,0.3548895899053628,50.0,7.0,2.0,2555.0,81.81818181818183,14.142857142857142,16.857142857142858,53.42857142857143,2025-02,0.5789473684210527,0.003548895899053628,0.35,9.0,-56470.0,True,1,2555.0,Moderate,Tuesday,299.8722809281817,147.69989003688374,-23.636363636363622,False
2025-02-19,12.0,17.0,17.0,2528.0,19.0,17.0,"2,528",19.0,17.0,19.0,100.0,0.7515822784810127,158.33333333333331,-5.0,-2.0,2545.0,111.76470588235294,13.714285714285714,16.0,42.0,2025-02,1.0,0.007515822784810127,0.75,-7.0,-56477.0,False,0,2545.0,Reducing,Wednesday,254.34798425298987,149.84559104380128,36.60130718954247,False
2025-02-20,13.0,25.0,15.0,2520.0,32.0,25.0,"2,520",32.0,15.0,32.0,60.0,1.2698412698412698,246.15384615384616,-2.0,-17.0,2545.0,213.33333333333331,13.285714285714286,16.0,37.57142857142857,2025-02,0.6,0.012698412698412698,1.27,-19.0,-56496.0,False,0,2545.0,Reducing,Thursday,224.82417472918036,130.9339724816946,90.87719298245611,False
2025-02-23,7.0,16.0,8.0,2423.0,35.0,16.0,"2,423",35.0,8.0,35.0,50.0,1.4444903012794057,500.0,-1.0,-27.0,2439.0,437.5,12.714285714285714,15.428571428571429,35.42857142857143,2025-02,0.5,0.014444903012794058,1.44,-28.0,-56524.0,False,0,2439.0,Reducing,Sunday,227.80036520537084,136.15413561634765,105.078125,False
2025-02-24,20.0,22.0,14.0,2413.0,24.0,22.0,"2,413",24.0,14.0,24.0,63.64,0.9946125155408204,120.0,6.0,-10.0,2435.0,171.42857142857142,13.285714285714286,14.571428571428571,29.428571428571427,2025-02,0.6363636363636364,0.009946125155408206,0.99,-4.0,-56528.0,False,0,2435.0,Reducing,Monday,205.14730398088105,129.3371417228269,-60.816326530612244,False
2025-02-25,11.0,7.0,7.0,2413.0,23.0,7.0,"2,413",23.0,7.0,23.0,100.0,0.9531703273932864,209.0909090909091,4.0,-16.0,2420.0,328.57142857142856,12.714285714285714,12.285714285714286,22.428571428571427,2025-02,1.0,0.009531703273932863,0.95,-12.0,-56540.0,False,0,2420.0,Reducing,Tuesday,207.36558259667513,131.60930954960847,91.66666666666667,False
2025-02-26,12.0,21.0,1.0,2411.0,23.0,21.0,"2,411",23.0,1.0,23.0,4.76,0.953961012028204,191.66666666666669,11.0,-22.0,2432.0,2300.0,13.285714285714286,10.428571428571429,23.571428571428573,2025-02,0.047619047619047616,0.00953961012028204,0.95,-11.0,-56551.0,False,0,2432.0,Reducing,Wednesday,520.6308887191242,794.3607711261058,600.0,False
2025-02-27,10.0,15.0,17.0,2391.0,37.0,15.0,"2,391",37.0,17.0,37.0,113.33,1.547469677959013,370.0,-7.0,-20.0,2406.0,217.6470588235294,12.142857142857142,11.285714285714286,27.571428571428573,2025-02,1.1333333333333333,0.01547469677959013,1.55,-27.0,-56578.0,False,0,2406.0,Reducing,Thursday,540.0350140056023,783.4391251737331,-90.53708439897699,False
2025-03-02,12.0,24.0,4.0,2297.0,31.0,24.0,"2,297",31.0,4.0,31.0,16.67,1.349586417065738,258.33333333333337,8.0,-27.0,2321.0,775.0,12.142857142857142,9.428571428571429,29.285714285714285,2025-03,0.16666666666666666,0.013495864170657379,1.35,-19.0,-56597.0,False,0,2321.0,Reducing,Sunday,634.7829131652662,762.847091949525,256.0810810810811,False
2025-03-03,8.0,29.0,18.0,2287.0,25.0,29.0,"2,287",25.0,18.0,25.0,62.07,1.0931351114997814,312.5,-10.0,-7.0,2316.0,138.88888888888889,11.428571428571429,9.857142857142858,28.285714285714285,2025-03,0.6206896551724138,0.010931351114997814,1.09,-17.0,-56614.0,False,0,2316.0,Reducing,Monday,624.1479925303456,770.185425551234,-82.07885304659499,False
2025-03-04,4.0,25.0,10.0,2272.0,30.0,25.0,"2,272",30.0,10.0,30.0,40.0,1.3204225352112675,750.0,-6.0,-20.0,2297.0,300.0,11.0,10.142857142857142,27.571428571428573,2025-03,0.4,0.013204225352112676,1.32,-26.0,-56640.0,False,0,2297.0,Reducing,Tuesday,604.5051353874885,777.4581546593482,116.00000000000001,False
2025-03-05,5.0,20.0,4.0,2238.0,40.0,20.0,"2,238",40.0,4.0,40.0,20.0,1.7873100983020551,800.0,1.0,-36.0,2258.0,1000.0,8.857142857142858,8.714285714285714,29.857142857142858,2025-03,0.2,0.017873100983020553,1.79,-35.0,-56675.0,False,0,2258.0,Reducing,Wednesday,722.8724823262639,763.4823911321346,233.33333333333334,False
2025-03-06,7.0,27.0,6.0,2218.0,33.0,27.0,"2,218",33.0,6.0,33.0,22.22,1.4878268710550049,471.4285714285714,1.0,-27.0,2245.0,550.0,8.285714285714286,8.571428571428571,31.285714285714285,2025-03,0.2222222222222222,0.014878268710550046,1.49,-26.0,-56701.0,False,0,2245.0,Reducing,Thursday,754.5051353874885,748.8701901741358,-44.99999999999999,False
2025-03-09,12.0,25.0,15.0,2137.0,30.0,25.0,"2,137",30.0,15.0,30.0,60.0,1.4038371548900328,250.0,-3.0,-15.0,2162.0,200.0,8.285714285714286,10.571428571428571,32.285714285714285,2025-03,0.6,0.014038371548900327,1.4,-18.0,-56719.0,False,0,2162.0,Reducing,Sunday,454.50513538748845,330.09113363234735,-63.63636363636363,False
2025-03-10,6.0,28.0,8.0,2125.0,23.0,28.0,"2,125",23.0,8.0,23.0,28.57,1.0823529411764703,383.33333333333337,-2.0,-15.0,2153.0,287.5,7.714285714285714,9.285714285714286,30.285714285714285,2025-03,0.2857142857142857,0.010823529411764706,1.08,-17.0,-56736.0,False,0,2153.0,Reducing,Monday,464.48412698412716,322.7106144095005,43.75,False
2025-03-11,3.0,11.0,7.0,2116.0,20.0,11.0,"2,116",20.0,7.0,20.0,63.64,0.945179584120983,666.6666666666667,-4.0,-13.0,2127.0,285.7142857142857,6.428571428571429,9.714285714285714,28.714285714285715,2025-03,0.6363636363636364,0.00945179584120983,0.95,-17.0,-56753.0,False,0,2127.0,Reducing,Tuesday,394.58616780045367,296.1394153046503,-0.6211180124223614,False
2025-03-12,6.0,18.0,2.0,2113.0,8.0,18.0,"2,113",8.0,2.0,8.0,11.11,0.3786086133459536,133.33333333333331,4.0,-6.0,2131.0,400.0,6.142857142857143,7.428571428571429,26.285714285714285,2025-03,0.1111111111111111,0.003786086133459536,0.38,-2.0,-56755.0,False,0,2131.0,Reducing,Wednesday,431.88775510204096,274.1956941102655,39.99999999999999,False
2025-03-13,4.0,20.0,9.0,2116.0,6.0,20.0,"2,116",6.0,9.0,6.0,45.0,0.2835538752362949,150.0,-5.0,3.0,2136.0,66.66666666666666,6.142857142857143,7.285714285714286,22.857142857142858,2025-03,0.45,0.002835538752362949,0.28,-2.0,-56757.0,False,0,2136.0,Reducing,Thursday,398.5544217687076,305.3178556100586,-83.33333333333334,False
2025-03-16,1.0,9.0,8.0,2117.0,5.0,9.0,"2,117",5.0,8.0,5.0,88.89,0.2361832782239017,500.0,-7.0,3.0,2126.0,62.5,5.571428571428571,7.857142857142857,17.857142857142858,2025-03,0.8888888888888888,0.0023618327822390174,0.24,-4.0,-56761.0,False,0,2126.0,Reducing,Sunday,264.6258503401362,175.57131164097203,-6.249999999999989,False
2025-03-17,5.0,14.0,,2111.0,8.0,14.0,"2,111",8.0,,8.0,,0.3789673140691615,160.0,5.0,-8.0,2125.0,inf,5.285714285714286,7.0,14.285714285714286,2025-03,,0.0037896731406916154,0.38,-3.0,-56764.0,False,0,2125.0,Reducing,Monday,217.0634920634922,134.1195287680973,inf,False
2025-03-18,19.0,34.0,6.0,2109.0,8.0,34.0,"2,109",8.0,6.0,8.0,17.65,0.3793266951161688,42.10526315789473,13.0,-2.0,2143.0,133.33333333333331,6.285714285714286,5.714285714285714,11.142857142857142,2025-03,0.17647058823529413,0.003793266951161688,0.38,11.0,-56753.0,True,1,2143.0,Moderate,Tuesday,205.95238095238108,138.50565040006012,-100.0,False
2025-03-19,6.0,22.0,14.0,2119.0,9.0,22.0,"2,119",9.0,14.0,9.0,63.64,0.4247286455875413,150.0,-8.0,5.0,2141.0,64.28571428571429,6.285714285714286,6.571428571428571,9.142857142857142,2025-03,0.6363636363636364,0.004247286455875413,0.42,-3.0,-56756.0,False,0,2141.0,Reducing,Wednesday,168.75000000000014,142.15090808339613,-51.78571428571428,False
2025-03-20,9.0,20.0,11.0,2124.0,7.0,20.0,"2,124",7.0,11.0,7.0,55.0,0.3295668549905838,77.77777777777779,-2.0,4.0,2144.0,63.63636363636363,7.142857142857143,7.142857142857143,7.285714285714286,2025-03,0.55,0.003295668549905838,0.33,2.0,-56754.0,True,1,2144.0,Moderate,Thursday,131.73701298701312,134.3003116272357,-1.0101010101010277,False
2025-03-23,15.0,29.0,9.0,2136.0,2.0,29.0,"2,136",2.0,9.0,2.0,31.03,0.0936329588014981,13.333333333333334,6.0,7.0,2165.0,22.22222222222222,8.428571428571429,8.142857142857142,6.428571428571429,2025-03,0.3103448275862069,0.0009363295880149813,0.09,13.0,-56741.0,True,2,2165.0,Moderate,Sunday,68.77405002405017,35.847787883037434,-65.07936507936508,False
2025-03-24,7.0,13.0,11.0,2139.0,7.0,13.0,"2,139",7.0,11.0,7.0,84.62,0.3272557269752221,100.0,-4.0,4.0,2152.0,63.63636363636363,8.857142857142858,8.428571428571429,6.571428571428571,2025-03,0.8461538461538461,0.0032725572697522207,0.33,0.0,-56741.0,False,0,2152.0,Balanced,Monday,68.26899951899968,35.90471774367139,186.36363636363637,False
2025-03-25,12.0,19.0,7.0,2145.0,6.0,19.0,"2,145",6.0,7.0,6.0,36.84,0.2797202797202797,50.0,5.0,1.0,2164.0,85.71428571428571,10.428571428571429,8.285714285714286,6.714285714285714,2025-03,0.3684210526315789,0.002797202797202797,0.28,6.0,-56735.0,True,1,2164.0,Moderate,Tuesday,72.13804713804728,36.40599747123553,34.6938775510204,False
2025-03-26,9.0,21.0,15.0,2159.0,2.0,21.0,"2,159",2.0,15.0,2.0,71.43,0.0926354793886058,22.22222222222222,-6.0,13.0,2180.0,13.333333333333334,11.0,10.428571428571429,5.857142857142857,2025-03,0.7142857142857143,0.0009263547938860583,0.09,7.0,-56728.0,True,2,2180.0,Moderate,Wednesday,63.737373737373865,39.9812006446756,-84.44444444444444,False
2025-03-27,1.0,19.0,13.0,2159.0,2.0,19.0,"2,159",2.0,13.0,2.0,68.42,0.0926354793886058,200.0,-12.0,11.0,2178.0,15.384615384615383,8.428571428571429,11.428571428571429,5.0,2025-03,0.6842105263157895,0.0009263547938860583,0.09,-1.0,-56729.0,False,0,2178.0,Reducing,Thursday,46.88755688755701,29.1489158834139,15.384615384615374,False
2025-03-30,9.0,20.0,5.0,2188.0,2.0,20.0,"2,188",2.0,5.0,2.0,25.0,0.0914076782449725,22.22222222222222,4.0,3.0,2208.0,40.0,8.857142857142858,10.142857142857142,4.0,2025-03,0.25,0.0009140767824497258,0.09,7.0,-56722.0,True,1,2208.0,Moderate,Sunday,43.41816913245497,28.161562996193762,160.0,False
2025-03-31,9.0,25.0,8.0,2193.0,5.0,25.0,"2,193",5.0,8.0,5.0,32.0,0.2279981760145918,55.55555555555556,1.0,3.0,2218.0,62.5,8.857142857142858,9.714285714285714,3.7142857142857135,2025-03,0.32,0.002279981760145919,0.23,4.0,-56718.0,True,2,2218.0,Moderate,Monday,43.25583147011731,28.028551478730154,56.25,False
2025-04-01,17.0,36.0,7.0,2191.0,12.0,36.0,"2,191",12.0,7.0,12.0,19.44,0.5476951163852123,70.58823529411765,10.0,-5.0,2227.0,171.42857142857142,9.142857142857142,9.428571428571429,5.142857142857143,2025-04,0.19444444444444445,0.005476951163852123,0.55,5.0,-56713.0,True,3,2227.0,Moderate,Tuesday,64.57102421388149,54.03559728936821,174.28571428571428,False
2025-04-02,5.0,31.0,16.0,2208.0,3.0,31.0,"2,208",3.0,16.0,3.0,51.61,0.1358695652173913,60.0,-11.0,13.0,2239.0,18.75,8.857142857142858,10.142857142857142,4.571428571428571,2025-04,0.5161290322580645,0.001358695652173913,0.14,2.0,-56711.0,True,4,2239.0,Moderate,Wednesday,58.15868655154382,56.75964058503741,-89.0625,False
2025-04-03,12.0,26.0,18.0,2223.0,8.0,26.0,"2,223",8.0,18.0,8.0,69.23,0.3598740440845704,66.66666666666666,-6.0,10.0,2249.0,44.44444444444444,8.857142857142858,11.714285714285714,4.857142857142857,2025-04,0.6923076923076923,0.003598740440845704,0.36,4.0,-56707.0,True,5,2249.0,Moderate,Thursday,52.262994941566504,55.55087147604809,137.037037037037,False
2025-04-06,7.0,14.0,7.0,2234.0,11.0,14.0,"2,234",11.0,7.0,11.0,50.0,0.4923903312444047,157.14285714285714,,-4.0,2248.0,157.14285714285714,8.571428571428571,10.571428571428571,6.142857142857143,2025-04,0.5,0.004923903312444047,0.49,-4.0,-56711.0,False,0,2248.0,Reducing,Sunday,72.80721262864132,64.60806026895726,253.57142857142856,False
2025-04-07,12.0,22.0,9.0,2237.0,5.0,22.0,"2,237",5.0,9.0,5.0,40.91,0.2235136343316942,41.66666666666667,3.0,4.0,2259.0,55.55555555555556,10.142857142857142,10.0,6.571428571428571,2025-04,0.4090909090909091,0.002235136343316942,0.22,7.0,-56704.0,True,1,2259.0,Moderate,Monday,78.54591836734707,60.297795016253644,-64.64646464646464,False
2025-04-08,12.0,34.0,12.0,2243.0,9.0,34.0,"2,243",9.0,12.0,9.0,35.29,0.4012483281319661,75.0,,3.0,2277.0,75.0,10.571428571428571,11.0,7.571428571428571,2025-04,0.35294117647058826,0.004012483281319661,0.4,3.0,-56701.0,True,2,2277.0,Moderate,Tuesday,83.54591836734707,57.97518178384405,34.999999999999986,False
2025-04-09,6.0,19.0,10.0,2251.0,5.0,19.0,"2,251",5.0,10.0,5.0,52.63,0.2221235006663705,83.33333333333334,-4.0,5.0,2270.0,50.0,10.142857142857142,11.285714285714286,7.571428571428571,2025-04,0.5263157894736842,0.002221235006663705,0.22,1.0,-56700.0,True,3,2270.0,Moderate,Wednesday,81.76020408163278,58.91633439014857,-33.333333333333336,False
2025-04-10,18.0,25.0,17.0,2265.0,6.0,25.0,"2,265",6.0,17.0,6.0,68.0,0.2649006622516556,33.33333333333333,1.0,11.0,2290.0,35.294117647058826,10.285714285714286,12.714285714285714,6.714285714285714,2025-04,0.68,0.0026490066225165563,0.26,12.0,-56688.0,True,4,2290.0,Moderate,Thursday,62.31242496998812,45.27319855993401,-29.411764705882348,False
2025-04-11,8.0,22.0,8.0,2267.0,9.0,22.0,"2,267",9.0,8.0,9.0,36.36,0.3970004411116012,112.5,,-1.0,2289.0,112.5,10.714285714285714,11.571428571428571,7.571428571428571,2025-04,0.36363636363636365,0.003970004411116012,0.4,-1.0,-56689.0,False,0,2289.0,Reducing,Friday,75.70528211284525,44.08987508122411,218.74999999999994,False
2025-04-13,5.0,26.0,10.0,2283.0,3.0,26.0,"2,283",3.0,10.0,3.0,38.46,0.1314060446780552,60.0,-5.0,7.0,2309.0,30.0,9.714285714285714,10.428571428571429,6.857142857142857,2025-04,0.38461538461538464,0.001314060446780552,0.13,2.0,-56687.0,True,1,2309.0,Moderate,Sunday,73.6417900493532,46.08945894106315,-73.33333333333334,False
2025-04-14,5.0,26.0,9.0,2282.0,13.0,26.0,"2,282",13.0,9.0,13.0,34.62,0.5696757230499562,260.0,-4.0,-4.0,2308.0,144.44444444444443,9.428571428571429,10.714285714285714,7.142857142857143,2025-04,0.34615384615384615,0.0056967572304995615,0.57,-8.0,-56695.0,False,0,2308.0,Reducing,Monday,71.8277310924371,42.353632955592644,381.4814814814814,False
2025-04-15,4.0,19.0,12.0,2286.0,7.0,19.0,"2,286",7.0,12.0,7.0,63.16,0.3062117235345581,175.0,-8.0,5.0,2305.0,58.333333333333336,8.285714285714286,11.142857142857142,7.428571428571429,2025-04,0.631578947368421,0.0030621172353455816,0.31,-3.0,-56698.0,False,0,2305.0,Reducing,Tuesday,72.2245564892625,42.188454440820735,-59.615384615384606,False
2025-04-16,11.0,30.0,5.0,2291.0,8.0,30.0,"2,291",8.0,5.0,8.0,16.67,0.3491924923614142,72.72727272727273,6.0,-3.0,2321.0,160.0,8.142857142857142,10.142857142857142,7.285714285714286,2025-04,0.16666666666666666,0.003491924923614142,0.35,3.0,-56695.0,True,1,2321.0,Moderate,Wednesday,84.36741363211965,53.76472925055638,174.28571428571428,False
2025-04-17,7.0,26.0,10.0,2288.0,14.0,26.0,"2,288",14.0,10.0,14.0,38.46,0.6118881118881119,200.0,-3.0,-4.0,2314.0,140.0,8.285714285714286,10.142857142857142,8.571428571428571,2025-04,0.38461538461538464,0.006118881118881119,0.61,-7.0,-56702.0,False,0,2314.0,Reducing,Thursday,97.2245564892625,54.925099540782874,-12.5,False
2025-04-20,4.0,15.0,6.0,2305.0,4.0,15.0,"2,305",4.0,6.0,4.0,40.0,0.1735357917570499,100.0,-2.0,2.0,2320.0,66.66666666666666,6.285714285714286,8.571428571428571,8.285714285714286,2025-04,0.4,0.0017353579175704988,0.17,0.0,-56702.0,False,0,2320.0,Balanced,Sunday,101.70634920634934,50.09723789940736,-52.380952380952394,False
2025-04-21,10.0,25.0,5.0,2308.0,6.0,25.0,"2,308",6.0,5.0,6.0,20.0,0.2599653379549393,60.0,5.0,-1.0,2333.0,120.0,6.571428571428571,8.142857142857142,7.857142857142857,2025-04,0.2,0.0025996533795493936,0.26,4.0,-56698.0,True,1,2333.0,Moderate,Monday,102.7777777777779,50.44554575400744,80.00000000000003,False
2025-04-22,7.0,19.0,14.0,2305.0,17.0,19.0,"2,305",17.0,14.0,17.0,73.68,0.737527114967462,242.85714285714283,-7.0,-3.0,2324.0,121.42857142857142,6.857142857142857,8.714285714285714,9.857142857142858,2025-04,0.7368421052631579,0.00737527114967462,0.74,-10.0,-56708.0,False,0,2324.0,Reducing,Tuesday,115.83900226757382,38.99913799868089,1.1904761904761862,False
2025-04-23,3.0,23.0,4.0,2300.0,11.0,23.0,"2,300",11.0,4.0,11.0,17.39,0.4782608695652173,366.6666666666666,-1.0,-7.0,2323.0,275.0,6.571428571428571,8.0,9.571428571428571,2025-04,0.17391304347826086,0.004782608695652174,0.48,-8.0,-56716.0,False,0,2323.0,Reducing,Wednesday,134.4897959183675,72.11632239913592,126.47058823529416,False
2025-04-24,3.0,9.0,7.0,2294.0,13.0,9.0,"2,294",13.0,7.0,13.0,77.78,0.5666957279860506,433.3333333333333,-4.0,-6.0,2303.0,185.7142857142857,6.428571428571429,7.285714285714286,10.428571428571429,2025-04,0.7777777777777778,0.005666957279860506,0.57,-10.0,-56726.0,False,0,2303.0,Reducing,Thursday,152.6870748299321,65.46085163559749,-32.46753246753248,False
2025-04-27,9.0,40.0,12.0,2301.0,4.0,40.0,"2,301",4.0,12.0,4.0,30.0,0.1738374619730552,44.44444444444444,-3.0,8.0,2341.0,33.33333333333333,6.142857142857143,8.285714285714286,9.857142857142858,2025-04,0.3,0.001738374619730552,0.17,5.0,-56721.0,True,1,2341.0,Moderate,Sunday,134.591836734694,79.17334549768691,-82.05128205128204,False
2025-04-28,6.0,26.0,12.0,2307.0,8.0,26.0,"2,307",8.0,12.0,8.0,46.15,0.3467706978760295,133.33333333333331,-6.0,4.0,2333.0,66.66666666666666,6.0,8.571428571428571,9.0,2025-04,0.46153846153846156,0.0034677069787602947,0.35,-2.0,-56723.0,False,0,2333.0,Reducing,Monday,124.11564625850352,83.09315891855843,100.0,False
2025-04-29,11.0,25.0,11.0,2304.0,15.0,25.0,"2,304",15.0,11.0,15.0,44.0,0.6510416666666667,136.36363636363637,,-4.0,2329.0,136.36363636363637,7.0,9.285714285714286,10.571428571428571,2025-04,0.44,0.006510416666666667,0.65,-4.0,-56727.0,False,0,2329.0,Reducing,Tuesday,134.0723562152135,79.14387094370888,104.54545454545459,False
2025-04-30,7.0,34.0,9.0,2309.0,12.0,34.0,"2,309",12.0,9.0,12.0,26.47,0.5197055002165439,171.42857142857142,-2.0,-3.0,2343.0,133.33333333333331,6.571428571428571,9.857142857142858,11.428571428571429,2025-04,0.2647058823529412,0.00519705500216544,0.52,-5.0,-56732.0,False,0,2343.0,Reducing,Wednesday,135.9771181199754,78.90884188701747,-2.2222222222222476,False
2025-05-01,13.0,32.0,14.0,2306.0,16.0,32.0,"2,306",16.0,14.0,16.0,43.75,0.6938421509106678,123.07692307692308,-1.0,-2.0,2338.0,114.28571428571428,7.428571428571429,9.857142857142858,11.285714285714286,2025-05,0.4375,0.006938421509106678,0.69,-3.0,-56735.0,False,0,2338.0,Reducing,Thursday,134.95670995671009,79.17406996341812,-14.28571428571428,False
2025-05-04,9.0,31.0,10.0,2335.0,5.0,31.0,"2,335",5.0,10.0,5.0,32.26,0.2141327623126338,55.55555555555556,-1.0,5.0,2366.0,50.0,8.285714285714286,10.714285714285714,10.428571428571429,2025-05,0.3225806451612903,0.0021413276231263384,0.21,4.0,-56731.0,True,1,2366.0,Moderate,Sunday,102.81385281385293,54.748784995361504,-56.25,False
2025-05-05,15.0,44.0,20.0,2331.0,17.0,44.0,"2,331",17.0,20.0,17.0,45.45,0.7293007293007293,113.33333333333331,-5.0,3.0,2375.0,85.0,10.0,12.571428571428571,11.0,2025-05,0.45454545454545453,0.007293007293007293,0.73,-2.0,-56733.0,False,0,2375.0,Reducing,Monday,88.42609771181212,40.78475174553643,70.0,False
2025-05-06,10.0,33.0,16.0,2339.0,16.0,33.0,"2,339",16.0,16.0,16.0,48.48,0.6840530141085934,160.0,-6.0,,2372.0,100.0,10.142857142857142,13.142857142857142,12.714285714285714,2025-05,0.48484848484848486,0.006840530141085934,0.68,-6.0,-56739.0,False,0,2372.0,Reducing,Tuesday,97.94990723562164,32.77244203611616,17.647058823529417,False
2025-05-07,10.0,30.0,15.0,2335.0,10.0,30.0,"2,335",10.0,15.0,10.0,50.0,0.4282655246252677,100.0,-5.0,5.0,2365.0,66.66666666666666,10.714285714285714,13.571428571428571,13.0,2025-05,0.5,0.004282655246252677,0.43,0.0,-56739.0,False,0,2365.0,Balanced,Wednesday,97.94990723562164,32.77244203611616,-33.33333333333335,False
2025-05-08,15.0,24.0,16.0,2361.0,11.0,24.0,"2,361",11.0,16.0,11.0,66.67,0.4659042778483693,73.33333333333333,-1.0,5.0,2385.0,68.75,11.285714285714286,14.285714285714286,12.428571428571429,2025-05,0.6666666666666666,0.004659042778483694,0.47,4.0,-56735.0,True,1,2385.0,Moderate,Thursday,88.29081632653073,29.348854261513544,3.125000000000022,False
2025-05-11,15.0,20.0,12.0,2385.0,3.0,20.0,"2,385",3.0,12.0,3.0,60.0,0.1257861635220125,20.0,3.0,9.0,2405.0,25.0,12.428571428571429,14.714285714285714,11.142857142857142,2025-05,0.6,0.0012578616352201257,0.13,12.0,-56723.0,True,2,2405.0,Moderate,Sunday,72.81462585034026,30.189521554574096,-63.63636363636363,False
2025-05-12,7.0,33.0,14.0,2392.0,7.0,33.0,"2,392",7.0,14.0,7.0,42.42,0.2926421404682274,100.0,-7.0,7.0,2425.0,50.0,11.571428571428571,14.714285714285714,9.857142857142858,2025-05,0.42424242424242425,0.002926421404682274,0.29,0.0,-56723.0,False,0,2425.0,Balanced,Monday,63.63095238095251,24.761260866168136,100.0,False
2025-05-13,18.0,29.0,12.0,2394.0,11.0,29.0,"2,394",11.0,12.0,11.0,41.38,0.4594820384294068,61.11111111111112,6.0,1.0,2423.0,91.66666666666666,12.857142857142858,15.0,10.714285714285714,2025-05,0.41379310344827586,0.004594820384294068,0.46,7.0,-56716.0,True,1,2423.0,Moderate,Tuesday,69.58333333333346,25.919435364789898,83.3333333333333,False
2025-05-14,7.0,30.0,14.0,2394.0,11.0,30.0,"2,394",11.0,14.0,11.0,46.67,0.4594820384294068,157.14285714285714,-7.0,3.0,2424.0,78.57142857142857,11.714285714285714,14.142857142857142,9.857142857142858,2025-05,0.4666666666666667,0.004594820384294068,0.46,-4.0,-56720.0,False,0,2424.0,Reducing,Wednesday,68.66496598639468,25.390651930016887,-14.28571428571428,False
2025-05-15,15.0,31.0,14.0,2410.0,14.0,31.0,"2,410",14.0,14.0,14.0,45.16,0.5809128630705395,93.33333333333331,1.0,,2441.0,100.0,12.428571428571429,13.857142857142858,9.571428571428571,2025-05,0.45161290322580644,0.005809128630705394,0.58,1.0,-56719.0,True,1,2441.0,Moderate,Thursday,68.66496598639468,25.390651930016887,27.27272727272727,False
2025-05-18,13.0,28.0,14.0,2437.0,9.0,28.0,"2,437",9.0,14.0,9.0,50.0,0.3693065244152647,69.23076923076923,-1.0,5.0,2465.0,64.28571428571429,12.857142857142858,13.714285714285714,9.428571428571429,2025-05,0.5,0.0036930652441526466,0.37,4.0,-56715.0,True,2,2465.0,Moderate,Sunday,68.32482993197291,25.437786952110187,-35.71428571428571,False
2025-05-19,7.0,27.0,17.0,2457.0,6.0,27.0,"2,457",6.0,17.0,6.0,62.96,0.2442002442002442,85.71428571428571,-10.0,11.0,2484.0,35.294117647058826,11.714285714285714,13.857142857142858,8.714285714285714,2025-05,0.6296296296296297,0.002442002442002442,0.24,1.0,-56714.0,True,3,2484.0,Moderate,Monday,63.54541816726703,28.323823237901788,-45.09803921568628,False
2025-05-21,14.0,62.0,13.0,2467.0,18.0,62.0,"2,467",18.0,13.0,18.0,20.97,0.7296311309282529,128.57142857142858,1.0,-5.0,2529.0,138.46153846153845,11.571428571428571,14.0,10.857142857142858,2025-05,0.20967741935483872,0.007296311309282529,0.73,-4.0,-56718.0,False,0,2529.0,Reducing,Wednesday,79.75420937605824,34.40212010902925,292.30769230769226,False
2025-05-22,18.0,36.0,17.0,2473.0,15.0,36.0,"2,473",15.0,17.0,15.0,47.22,0.606550748079256,83.33333333333334,1.0,2.0,2509.0,88.23529411764706,13.142857142857142,14.428571428571429,12.0,2025-05,0.4722222222222222,0.00606550748079256,0.61,3.0,-56715.0,True,1,2509.0,Moderate,Thursday,85.21639425000782,31.829762763792157,-36.27450980392156,False
2025-05-27,6.0,24.0,7.0,2504.0,11.0,24.0,"2,504",11.0,7.0,11.0,29.17,0.4392971246006389,183.3333333333333,-1.0,-4.0,2528.0,157.14285714285714,11.428571428571429,13.714285714285714,12.0,2025-05,0.2916666666666667,0.00439297124600639,0.44,-5.0,-56720.0,False,0,2528.0,Reducing,Tuesday,94.57013574660645,42.02809670471797,78.09523809523809,False
2025-05-28,12.0,39.0,12.0,2499.0,14.0,39.0,"2,499",14.0,12.0,14.0,30.77,0.5602240896358543,116.66666666666669,,-2.0,2538.0,116.66666666666669,12.142857142857142,13.428571428571429,12.428571428571429,2025-05,0.3076923076923077,0.0056022408963585435,0.56,-2.0,-56722.0,False,0,2538.0,Reducing,Wednesday,100.01231261735477,42.07759201662112,-25.757575757575747,False
2025-05-29,13.0,38.0,15.0,2506.0,11.0,38.0,"2,506",11.0,15.0,11.0,39.47,0.4389465283320032,84.61538461538461,-2.0,4.0,2544.0,73.33333333333333,11.857142857142858,13.571428571428571,12.0,2025-05,0.39473684210526316,0.004389465283320032,0.44,2.0,-56720.0,True,1,2544.0,Moderate,Thursday,96.20278880783096,43.269163349805076,-37.14285714285715,False
2025-06-01,8.0,24.0,16.0,2528.0,12.0,24.0,"2,528",12.0,16.0,12.0,66.67,0.4746835443037975,150.0,-8.0,4.0,2552.0,75.0,11.142857142857142,13.857142857142858,12.428571428571429,2025-06,0.6666666666666666,0.004746835443037975,0.47,-4.0,-56724.0,False,0,2552.0,Reducing,Sunday,97.73340105272891,42.12636184192784,2.2727272727272707,False
2025-06-02,10.0,19.0,5.0,2518.0,16.0,19.0,"2,518",16.0,5.0,16.0,26.32,0.6354249404289118,160.0,5.0,-11.0,2537.0,320.0,11.571428571428571,12.142857142857142,13.857142857142858,2025-06,0.2631578947368421,0.006354249404289118,0.64,-6.0,-56730.0,False,0,2537.0,Reducing,Monday,138.40566996029193,86.18964058107754,326.6666666666667,False
2025-06-03,5.0,23.0,11.0,2519.0,15.0,23.0,"2,519",15.0,11.0,15.0,47.83,0.5954743946010321,300.0,-6.0,-4.0,2542.0,136.36363636363637,10.285714285714286,11.857142857142858,13.428571428571429,2025-06,0.4782608695652174,0.0059547439460103215,0.6,-10.0,-56740.0,False,0,2542.0,Reducing,Tuesday,138.10596966059163,86.19306130136475,-57.38636363636363,False
2025-06-04,4.0,16.0,9.0,2516.0,16.0,16.0,"2,516",16.0,9.0,16.0,56.25,0.6359300476947536,400.0,-5.0,-7.0,2532.0,177.77777777777777,8.285714285714286,10.714285714285714,13.571428571428571,2025-06,0.5625,0.006359300476947536,0.64,-12.0,-56752.0,False,0,2532.0,Reducing,Wednesday,150.8977530406103,84.17919668272451,30.37037037037036,False
2025-06-05,8.0,26.0,5.0,2503.0,21.0,26.0,"2,503",21.0,5.0,21.0,19.23,0.8389932081502196,262.5,3.0,-16.0,2529.0,420.0,8.571428571428571,10.428571428571429,15.0,2025-06,0.19230769230769232,0.008389932081502197,0.84,-13.0,-56765.0,False,0,2529.0,Reducing,Thursday,188.44877344877358,132.30223416000794,136.25000000000003,False
2025-06-08,10.0,16.0,15.0,2507.0,13.0,16.0,"2,507",13.0,15.0,13.0,93.75,0.5185480654168328,130.0,-5.0,2.0,2523.0,86.66666666666667,8.285714285714286,10.857142857142858,14.857142857142858,2025-06,0.9375,0.005185480654168329,0.52,-3.0,-56768.0,False,0,2523.0,Reducing,Sunday,184.16305916305927,135.46318193561697,-79.36507936507937,False
2025-06-09,8.0,21.0,14.0,2516.0,9.0,21.0,"2,516",9.0,14.0,9.0,66.67,0.3577106518282989,112.5,-6.0,5.0,2537.0,64.28571428571429,7.571428571428571,10.714285714285714,14.571428571428571,2025-06,0.6666666666666666,0.003577106518282989,0.36,-1.0,-56769.0,False,0,2537.0,Reducing,Monday,182.87054215625656,136.734107819149,-25.82417582417582,False
2025-06-10,17.0,28.0,7.0,2511.0,12.0,28.0,"2,511",12.0,7.0,12.0,25.0,0.4778972520908005,70.58823529411765,10.0,-5.0,2539.0,171.42857142857142,8.857142857142858,9.428571428571429,14.571428571428571,2025-06,0.25,0.0047789725209080045,0.48,5.0,-56764.0,True,1,2539.0,Moderate,Tuesday,196.64605236033822,128.67517858673003,166.6666666666666,False
2025-06-17,7.0,24.0,10.0,2523.0,14.0,24.0,"2,523",14.0,10.0,14.0,41.67,0.5548949663099485,200.0,-3.0,-4.0,2547.0,140.0,8.428571428571429,10.142857142857142,14.285714285714286,2025-06,0.4166666666666667,0.005548949663099485,0.55,-7.0,-56771.0,False,0,2547.0,Reducing,Tuesday,170.9317666460525,117.40799016471821,-18.333333333333325,False
2025-06-19,8.0,19.0,7.0,2501.0,18.0,19.0,"2,501",18.0,7.0,18.0,36.84,0.7197121151539384,225.0,1.0,-11.0,2520.0,257.1428571428572,8.857142857142858,9.571428571428571,14.714285714285714,2025-06,0.3684210526315789,0.007197121151539384,0.72,-10.0,-56781.0,False,0,2520.0,Reducing,Thursday,188.18594104308403,120.31989838320965,83.67346938775515,False
2025-06-22,7.0,13.0,5.0,2508.0,7.0,13.0,"2,508",7.0,5.0,7.0,38.46,0.2791068580542264,100.0,2.0,-2.0,2521.0,140.0,9.285714285714286,9.0,13.428571428571429,2025-06,0.38461538461538464,0.0027910685805422647,0.28,0.0,-56781.0,False,0,2521.0,Balanced,Sunday,182.78911564625864,121.70383632872803,-45.55555555555557,False
2025-06-23,3.0,15.0,5.0,2495.0,17.0,15.0,"2,495",17.0,5.0,17.0,33.33,0.6813627254509018,566.6666666666667,-2.0,-12.0,2510.0,340.0,8.571428571428571,9.0,12.857142857142858,2025-06,0.3333333333333333,0.006813627254509018,0.68,-14.0,-56795.0,False,0,2510.0,Reducing,Monday,171.36054421768722,96.95610299846571,142.85714285714283,False
2025-06-24,5.0,20.0,5.0,2489.0,16.0,20.0,"2,489",16.0,5.0,16.0,25.0,0.6428284451586983,320.0,,-11.0,2509.0,320.0,7.857142857142857,7.571428571428571,13.285714285714286,2025-06,0.25,0.0064282844515869825,0.64,-11.0,-56806.0,False,0,2509.0,Reducing,Tuesday,204.69387755102053,102.9124001232373,-5.882352941176472,False
2025-06-25,6.0,12.0,2.0,2470.0,24.0,12.0,"2,470",24.0,2.0,24.0,16.67,0.97165991902834,400.0,4.0,-22.0,2482.0,1200.0,7.571428571428571,5.857142857142857,15.428571428571429,2025-06,0.16666666666666666,0.009716599190283401,0.97,-18.0,-56824.0,False,0,2482.0,Reducing,Wednesday,366.9387755102042,376.43099174375834,275.0,False
2025-06-26,3.0,9.0,7.0,2447.0,35.0,9.0,"2,447",35.0,7.0,35.0,77.78,1.4303228442991418,1166.6666666666663,-4.0,-28.0,2456.0,500.0,5.571428571428571,5.857142857142857,18.714285714285715,2025-06,0.7777777777777778,0.014303228442991417,1.43,-32.0,-56856.0,False,0,2456.0,Reducing,Thursday,413.87755102040825,368.3883952001922,-58.33333333333333,False
2025-06-29,5.0,17.0,7.0,2413.0,20.0,17.0,"2,413",20.0,7.0,20.0,41.18,0.8288437629506838,400.0,-2.0,-13.0,2430.0,285.7142857142857,5.285714285714286,5.428571428571429,19.571428571428573,2025-06,0.4117647058823529,0.008288437629506838,0.83,-15.0,-56871.0,False,0,2430.0,Reducing,Sunday,434.69387755102053,354.1759759823793,-42.85714285714286,False
2025-06-30,9.0,22.0,8.0,2407.0,16.0,22.0,"2,407",16.0,8.0,16.0,36.36,0.6647278770253428,177.77777777777777,1.0,-8.0,2429.0,200.0,5.428571428571429,5.571428571428571,19.285714285714285,2025-06,0.36363636363636365,0.006647278770253427,0.66,-7.0,-56878.0,False,0,2429.0,Reducing,Monday,426.530612244898,359.56782178683443,-30.000000000000004,False
2025-07-01,7.0,14.0,6.0,2391.0,22.0,14.0,"2,391",22.0,6.0,22.0,42.86,0.9201171058134672,314.2857142857143,1.0,-16.0,2405.0,366.6666666666666,5.428571428571429,5.714285714285714,21.428571428571427,2025-07,0.42857142857142855,0.009201171058134672,0.92,-15.0,-56893.0,False,0,2405.0,Reducing,Tuesday,458.9115646258505,339.08659869180104,83.33333333333329,False
2025-07-02,8.0,20.0,9.0,2373.0,38.0,20.0,"2,373",38.0,9.0,38.0,45.0,1.6013485040033713,475.0,-1.0,-29.0,2393.0,422.22222222222223,6.142857142857143,6.285714285714286,24.428571428571427,2025-07,0.45,0.016013485040033713,1.6,-30.0,-56923.0,False,0,2393.0,Reducing,Wednesday,470.6575963718822,335.68802264554074,15.151515151515182,False
2025-07-06,4.0,17.0,2.0,2332.0,8.0,17.0,"2,332",8.0,2.0,8.0,11.76,0.3430531732418524,200.0,2.0,-6.0,2349.0,400.0,6.0,5.857142857142857,23.285714285714285,2025-07,0.11764705882352941,0.003430531732418525,0.34,-4.0,-56927.0,False,0,2349.0,Reducing,Sunday,482.08616780045367,331.0335305655737,-5.263157894736848,False
2025-07-07,3.0,18.0,8.0,2317.0,20.0,18.0,"2,317",20.0,8.0,20.0,44.44,0.8631851532153647,666.6666666666667,-5.0,-12.0,2335.0,250.0,5.571428571428571,6.714285714285714,22.714285714285715,2025-07,0.4444444444444444,0.008631851532153647,0.86,-17.0,-56944.0,False,0,2335.0,Reducing,Monday,346.371882086168,105.69952502616516,-37.5,False
2025-07-08,5.0,16.0,8.0,2306.0,20.0,16.0,"2,306",20.0,8.0,20.0,50.0,0.8673026886383347,400.0,-3.0,-12.0,2322.0,250.0,5.857142857142857,6.857142857142857,20.571428571428573,2025-07,0.5,0.008673026886383347,0.87,-15.0,-56959.0,False,0,2322.0,Reducing,Tuesday,310.6575963718822,85.43194870680588,0.0,False
2025-07-09,2.0,18.0,,2281.0,32.0,18.0,"2,281",32.0,,32.0,,1.4028934677772906,1600.0,2.0,-32.0,2299.0,inf,5.428571428571429,5.857142857142857,22.285714285714285,2025-07,,0.014028934677772907,1.4,-30.0,-56989.0,False,0,2299.0,Reducing,Wednesday,314.81481481481495,92.80715879866052,inf,False
2025-07-10,2.0,12.0,3.0,2252.0,39.0,12.0,"2,252",39.0,3.0,39.0,25.0,1.7317939609236237,1950.0,-1.0,-36.0,2264.0,1300.0,4.428571428571429,5.142857142857143,25.571428571428573,2025-07,0.25,0.017317939609236235,1.73,-37.0,-57026.0,False,0,2264.0,Reducing,Thursday,498.14814814814827,399.70153473864474,-100.0,False
2025-07-13,1.0,13.0,4.0,2204.0,10.0,13.0,"2,204",10.0,4.0,10.0,30.77,0.4537205081669692,1000.0,-3.0,-6.0,2217.0,250.0,3.571428571428572,4.857142857142857,23.857142857142858,2025-07,0.3076923076923077,0.004537205081669692,0.45,-9.0,-57035.0,False,0,2217.0,Reducing,Sunday,478.70370370370387,410.08003835846773,-80.76923076923077,False
2025-07-14,2.0,9.0,1.0,2181.0,26.0,9.0,"2,181",26.0,1.0,26.0,11.11,1.192113709307657,1300.0,1.0,-25.0,2190.0,2600.0,2.7142857142857144,3.7142857142857135,22.142857142857142,2025-07,0.1111111111111111,0.01192113709307657,1.19,-24.0,-57059.0,False,0,2190.0,Reducing,Monday,841.6666666666669,953.6334026588345,940.0,False
2025-07-15,,8.0,5.0,2171.0,17.0,8.0,"2,171",17.0,5.0,17.0,62.5,0.7830492860432979,inf,-5.0,-12.0,2179.0,340.0,2.142857142857143,4.142857142857143,23.428571428571427,2025-07,0.625,0.00783049286043298,0.78,,,False,0,2179.0,High,Tuesday,831.6666666666669,959.4877105344636,-86.92307692307692,False
2025-07-16,1.0,9.0,,2164.0,11.0,9.0,"2,164",11.0,,11.0,,0.5083179297597042,1100.0,1.0,-11.0,2173.0,inf,1.8571428571428568,3.0,22.142857142857142,2025-07,,0.005083179297597043,0.51,-10.0,-57069.0,False,0,2173.0,Reducing,Wednesday,948.0000000000002,1024.3388111362374,inf,False
2025-07-17,3.0,16.0,2.0,2153.0,17.0,16.0,"2,153",17.0,2.0,17.0,12.5,0.7895959126799814,566.6666666666667,1.0,-15.0,2169.0,850.0,1.5714285714285714,2.142857142857143,21.714285714285715,2025-07,0.125,0.007895959126799815,0.79,-14.0,-57083.0,False,0,2169.0,Reducing,Thursday,1068.0000000000002,954.9188447192779,-100.0,False
2025-07-21,4.0,18.0,7.0,2121.0,16.0,18.0,"2,121",16.0,7.0,16.0,38.89,0.7543611504007544,400.0,-3.0,-9.0,2139.0,228.57142857142856,1.8571428571428568,3.142857142857143,19.428571428571427,2025-07,0.3888888888888889,0.007543611504007544,0.75,-12.0,-57095.0,False,0,2139.0,Reducing,Monday,928.0952380952382,920.2912878115108,-73.109243697479,False
2025-07-22,5.0,13.0,3.0,2117.0,16.0,13.0,"2,117",16.0,3.0,16.0,23.08,0.7557864903164856,320.0,2.0,-13.0,2130.0,533.3333333333333,2.2857142857142856,3.142857142857143,16.142857142857142,2025-07,0.23076923076923078,0.007557864903164856,0.76,-11.0,-57106.0,False,0,2130.0,Reducing,Tuesday,800.3174603174604,911.5087622913661,133.33333333333331,False
2025-07-23,6.0,21.0,5.0,2111.0,14.0,21.0,"2,111",14.0,5.0,14.0,23.81,0.6631927996210327,233.33333333333331,1.0,-9.0,2132.0,280.0,3.0,3.2857142857142856,16.714285714285715,2025-07,0.23809523809523808,0.006631927996210327,0.66,-8.0,-57114.0,False,0,2132.0,Reducing,Wednesday,805.3174603174604,907.9616810252119,-47.5,False
2025-07-24,6.0,18.0,7.0,2096.0,29.0,18.0,"2,096",29.0,7.0,29.0,38.89,1.383587786259542,483.3333333333333,-1.0,-22.0,2114.0,414.28571428571433,3.571428571428572,4.142857142857143,17.142857142857142,2025-07,0.3888888888888889,0.01383587786259542,1.38,-23.0,-57137.0,False,0,2114.0,Reducing,Thursday,441.0317460317462,227.05417389600578,47.95918367346941,False
2025-07-27,1.0,12.0,2.0,2088.0,4.0,12.0,"2,088",4.0,2.0,4.0,16.67,0.1915708812260536,400.0,-1.0,-2.0,2100.0,200.0,3.7142857142857135,3.7142857142857135,15.285714285714286,2025-07,0.16666666666666666,0.0019157088122605363,0.19,-3.0,-57140.0,False,0,2100.0,Reducing,Sunday,417.6984126984128,245.9228381587242,-51.724137931034484,False
2025-07-28,2.0,9.0,3.0,2080.0,14.0,9.0,"2,080",14.0,3.0,14.0,33.33,0.6730769230769231,700.0,-1.0,-11.0,2089.0,466.6666666666667,3.857142857142857,4.142857142857143,15.714285714285714,2025-07,0.3333333333333333,0.006730769230769231,0.67,-12.0,-57152.0,False,0,2089.0,Reducing,Monday,424.69387755102053,225.25746226536026,133.33333333333334,False
2025-07-29,2.0,8.0,3.0,2072.0,12.0,8.0,"2,072",12.0,3.0,12.0,37.5,0.5791505791505791,600.0,-1.0,-9.0,2080.0,400.0,3.7142857142857135,4.285714285714286,15.0,2025-07,0.375,0.005791505791505791,0.58,-10.0,-57162.0,False,0,2080.0,Reducing,Tuesday,360.4081632653062,125.99038601200753,-14.28571428571429,False
2025-07-30,4.0,15.0,4.0,2063.0,16.0,15.0,"2,063",16.0,4.0,16.0,26.67,0.7755695588948134,400.0,,-12.0,2078.0,400.0,3.7142857142857135,3.857142857142857,15.0,2025-07,0.26666666666666666,0.007755695588948134,0.78,-12.0,-57174.0,False,0,2078.0,Reducing,Wednesday,384.8979591836736,111.9745524640516,0.0,False
2025-07-31,2.0,9.0,6.0,2058.0,15.0,9.0,"2,058",15.0,6.0,15.0,66.67,0.7288629737609329,750.0,-4.0,-9.0,2067.0,250.0,3.2857142857142856,4.285714285714286,14.857142857142858,2025-07,0.6666666666666666,0.007288629737609329,0.73,-13.0,-57187.0,False,0,2067.0,Reducing,Thursday,344.42176870748307,99.93827054892796,-37.5,False
2025-08-03,5.0,26.0,3.0,2049.0,5.0,26.0,"2,049",5.0,3.0,5.0,11.54,0.2440214738897023,100.0,2.0,-2.0,2075.0,166.66666666666669,3.142857142857143,4.0,13.571428571428571,2025-08,0.11538461538461539,0.002440214738897023,0.24,0.0,-57187.0,False,0,2075.0,Balanced,Sunday,328.2312925170069,119.39970610313094,-33.33333333333333,False
2025-08-04,5.0,22.0,11.0,2040.0,14.0,22.0,"2,040",14.0,11.0,14.0,50.0,0.6862745098039216,280.0,-6.0,-3.0,2062.0,127.27272727272728,3.0,4.571428571428571,11.428571428571429,2025-08,0.5,0.006862745098039216,0.69,-9.0,-57196.0,False,0,2062.0,Reducing,Monday,287.2294372294374,133.38456643918576,-23.636363636363644,False
2025-08-05,2.0,21.0,10.0,2042.0,14.0,21.0,"2,042",14.0,10.0,14.0,47.62,0.6856023506366308,700.0,-8.0,-4.0,2063.0,140.0,3.142857142857143,5.714285714285714,12.857142857142858,2025-08,0.47619047619047616,0.0068560235063663075,0.69,-12.0,-57208.0,False,0,2063.0,Reducing,Tuesday,278.6580086580088,141.59914202792336,9.999999999999986,False
2025-08-06,4.0,17.0,3.0,2036.0,13.0,17.0,"2,036",13.0,3.0,13.0,17.65,0.6385068762278978,325.0,1.0,-10.0,2053.0,433.3333333333333,3.4285714285714284,5.714285714285714,12.714285714285714,2025-08,0.17647058823529413,0.0063850687622789785,0.64,-9.0,-57217.0,False,0,2053.0,Reducing,Wednesday,273.896103896104,134.6107800021569,209.5238095238095,False
2025-08-07,4.0,18.0,6.0,2031.0,17.0,18.0,"2,031",17.0,6.0,17.0,33.33,0.8370260955194485,425.0,-2.0,-11.0,2049.0,283.33333333333337,3.7142857142857135,6.142857142857143,13.428571428571429,2025-08,0.3333333333333333,0.008370260955194485,0.84,-13.0,-57230.0,False,0,2049.0,Reducing,Thursday,257.22943722943734,123.12784467046079,-34.615384615384606,False
2025-08-10,,18.0,8.0,2006.0,12.0,18.0,"2,006",12.0,8.0,12.0,44.44,0.5982053838484547,inf,-8.0,-4.0,2024.0,150.0,3.142857142857143,6.714285714285714,12.857142857142858,2025-08,0.4444444444444444,0.005982053838484547,0.6,,,False,0,2024.0,High,Sunday,221.51515151515164,110.41508349957284,-47.058823529411775,False
2025-08-11,6.0,23.0,4.0,1999.0,16.0,23.0,"1,999",16.0,4.0,16.0,17.39,0.80040020010005,266.66666666666663,2.0,-12.0,2022.0,400.0,3.7142857142857135,6.428571428571429,13.0,2025-08,0.17391304347826086,0.0080040020010005,0.8,-10.0,-57240.0,False,0,2022.0,Reducing,Monday,242.94372294372306,129.73056233110913,166.66666666666666,False
2025-08-12,8.0,38.0,9.0,1999.0,9.0,38.0,"1,999",9.0,9.0,9.0,23.68,0.4502251125562781,112.5,-1.0,,2037.0,100.0,4.142857142857143,7.285714285714286,13.571428571428571,2025-08,0.23684210526315788,0.004502251125562781,0.45,-1.0,-57241.0,False,0,2037.0,Reducing,Tuesday,233.41991341991357,138.41959808030117,-75.0,False
2025-08-13,6.0,22.0,12.0,1997.0,17.0,22.0,"1,997",17.0,12.0,17.0,54.55,0.8512769153730596,283.33333333333337,-6.0,-5.0,2019.0,141.66666666666669,4.285714285714286,7.428571428571429,14.0,2025-08,0.5454545454545454,0.008512769153730596,0.85,-11.0,-57252.0,False,0,2019.0,Reducing,Wednesday,235.4761904761906,136.6758610921867,41.6666666666667,False
2025-08-14,3.0,27.0,4.0,1994.0,11.0,27.0,"1,994",11.0,4.0,11.0,14.81,0.551654964894684,366.6666666666666,-1.0,-7.0,2021.0,275.0,4.428571428571429,6.571428571428571,13.571428571428571,2025-08,0.14814814814814814,0.005516549648946841,0.55,-8.0,-57260.0,False,0,2021.0,Reducing,Thursday,254.76190476190487,130.33585025783802,94.11764705882351,False
2025-08-17,4.0,14.0,2.0,1991.0,3.0,14.0,"1,991",3.0,2.0,3.0,14.29,0.1506780512305374,75.0,2.0,-1.0,2005.0,150.0,4.428571428571429,6.428571428571429,12.142857142857142,2025-08,0.14285714285714285,0.0015067805123053742,0.15,1.0,-57259.0,True,1,2005.0,Moderate,Sunday,214.28571428571442,107.65968821062121,-45.45454545454546,False
2025-08-18,4.0,20.0,6.0,1985.0,14.0,20.0,"1,985",14.0,6.0,14.0,30.0,0.7052896725440806,350.0,-2.0,-8.0,2005.0,233.33333333333331,4.428571428571429,6.428571428571429,11.714285714285714,2025-08,0.3,0.007052896725440806,0.71,-10.0,-57269.0,False,0,2005.0,Reducing,Monday,207.14285714285728,103.90841001553905,55.555555555555536,False
2025-08-19,5.0,35.0,3.0,1980.0,11.0,35.0,"1,980",11.0,3.0,11.0,8.57,0.5555555555555556,220.00000000000003,2.0,-8.0,2015.0,366.6666666666666,5.142857142857143,5.714285714285714,11.571428571428571,2025-08,0.08571428571428572,0.005555555555555556,0.56,-6.0,-57275.0,False,0,2015.0,Reducing,Tuesday,238.09523809523822,115.65605367347816,57.14285714285712,False
2025-08-20,10.0,38.0,10.0,1983.0,10.0,38.0,"1,983",10.0,10.0,10.0,26.32,0.5042864346949066,100.0,,,2021.0,100.0,5.714285714285714,6.571428571428571,10.714285714285714,2025-08,0.2631578947368421,0.005042864346949067,0.5,0.0,-57275.0,False,0,2021.0,Balanced,Wednesday,195.23809523809535,100.21471657391001,-72.72727272727272,False
2025-08-21,6.0,49.0,8.0,1972.0,21.0,49.0,"1,972",21.0,8.0,21.0,16.33,1.0649087221095337,350.0,-2.0,-13.0,2021.0,262.5,5.428571428571429,6.428571428571429,12.428571428571429,2025-08,0.16326530612244897,0.010649087221095335,1.06,-15.0,-57290.0,False,0,2021.0,Reducing,Thursday,218.45238095238105,93.04074745954264,162.5,False
2025-08-24,4.0,21.0,5.0,1981.0,5.0,21.0,"1,981",5.0,5.0,5.0,23.81,0.2523977788995457,125.0,-1.0,,2002.0,100.0,5.142857142857143,5.428571428571429,10.714285714285714,2025-08,0.23809523809523808,0.002523977788995457,0.25,-1.0,-57291.0,False,0,2002.0,Reducing,Sunday,212.50000000000014,99.855219266769,-61.904761904761905,False
2025-08-25,8.0,30.0,8.0,1980.0,11.0,30.0,"1,980",11.0,8.0,11.0,26.67,0.5555555555555556,137.5,,-3.0,2010.0,137.5,5.857142857142857,6.0,10.714285714285714,2025-08,0.26666666666666666,0.005555555555555556,0.56,-3.0,-57294.0,False,0,2010.0,Reducing,Monday,192.85714285714297,99.032188396622,37.5,False
2025-08-26,10.0,21.0,20.0,1989.0,15.0,21.0,"1,989",15.0,20.0,15.0,95.24,0.7541478129713424,150.0,-10.0,5.0,2010.0,75.0,6.714285714285714,8.571428571428571,12.428571428571429,2025-08,0.9523809523809523,0.007541478129713424,0.75,-5.0,-57299.0,False,0,2010.0,Reducing,Tuesday,182.14285714285728,108.08503290754011,-45.45454545454546,False
2025-08-27,5.0,19.0,9.0,1988.0,19.0,19.0,"1,988",19.0,9.0,19.0,47.37,0.9557344064386318,380.0,-4.0,-10.0,2007.0,211.11111111111111,6.857142857142857,9.0,13.142857142857142,2025-08,0.47368421052631576,0.009557344064386318,0.96,-14.0,-57313.0,False,0,2007.0,Reducing,Wednesday,178.96825396825406,106.64770210049247,181.4814814814815,False
2025-08-28,8.0,33.0,6.0,1984.0,17.0,33.0,"1,984",17.0,6.0,17.0,18.18,0.8568548387096774,212.5,2.0,-11.0,2017.0,283.33333333333337,7.285714285714286,9.428571428571429,14.0,2025-08,0.18181818181818182,0.008568548387096774,0.86,-9.0,-57322.0,False,0,2017.0,Reducing,Thursday,167.0634920634922,84.56920868850999,34.210526315789494,False
2025-09-01,10.0,29.0,17.0,2010.0,5.0,29.0,"2,010",5.0,17.0,5.0,58.62,0.2487562189054726,50.0,-7.0,12.0,2039.0,29.411764705882355,7.285714285714286,10.428571428571429,13.285714285714286,2025-09,0.5862068965517241,0.0024875621890547263,0.25,5.0,-57317.0,True,1,2039.0,Moderate,Monday,156.97945845004682,97.16856340793258,-89.61937716262976,False
2025-09-02,6.0,35.0,9.0,2020.0,9.0,35.0,"2,020",9.0,9.0,9.0,25.71,0.4455445544554455,150.0,-3.0,,2055.0,100.0,7.285714285714286,10.571428571428571,11.571428571428571,2025-09,0.2571428571428571,0.004455445544554455,0.45,-3.0,-57320.0,False,0,2055.0,Reducing,Tuesday,133.7651727357611,86.59304326971288,240.0,False
2025-09-03,4.0,29.0,11.0,2019.0,10.0,29.0,"2,019",10.0,11.0,10.0,37.93,0.4952947003467062,250.0,-7.0,1.0,2048.0,90.9090909090909,7.285714285714286,11.428571428571429,12.285714285714286,2025-09,0.3793103448275862,0.004952947003467063,0.5,-6.0,-57326.0,False,0,2048.0,Reducing,Wednesday,132.46647143705982,87.24952849966002,-9.090909090909093,False
2025-09-04,11.0,40.0,2.0,2015.0,14.0,40.0,"2,015",14.0,2.0,14.0,5.0,0.6947890818858561,127.27272727272728,9.0,-12.0,2055.0,700.0,7.714285714285714,10.571428571428571,12.714285714285714,2025-09,0.05,0.006947890818858561,0.69,-3.0,-57329.0,False,0,2055.0,Reducing,Thursday,212.82361429420266,231.855902849393,670.0,False
2025-09-07,4.0,19.0,9.0,2026.0,7.0,19.0,"2,026",7.0,9.0,7.0,47.37,0.3455083909180652,175.0,-5.0,2.0,2045.0,77.77777777777779,6.857142857142857,9.0,11.571428571428571,2025-09,0.47368421052631576,0.0034550839091806516,0.35,-3.0,-57332.0,False,0,2045.0,Reducing,Sunday,213.22043969102808,231.58291716185872,-88.88888888888889,False
2025-09-08,7.0,25.0,5.0,2025.0,6.0,25.0,"2,025",6.0,5.0,6.0,20.0,0.2962962962962963,85.71428571428571,2.0,-1.0,2050.0,120.0,7.142857142857143,8.428571428571429,9.714285714285714,2025-09,0.2,0.002962962962962963,0.3,1.0,-57331.0,True,1,2050.0,Moderate,Monday,200.20456667515506,234.26608645717056,54.28571428571427,False
2025-09-09,18.0,42.0,11.0,2023.0,14.0,42.0,"2,023",14.0,11.0,14.0,26.19,0.6920415224913495,77.77777777777779,7.0,-3.0,2065.0,127.27272727272728,8.571428571428571,9.142857142857142,9.285714285714286,2025-09,0.2619047619047619,0.006920415224913495,0.69,4.0,-57327.0,True,2,2065.0,Moderate,Tuesday,177.91019438078277,232.45536621190388,6.060606060606077,False
2025-09-10,10.0,47.0,14.0,2025.0,18.0,47.0,"2,025",18.0,14.0,18.0,29.79,0.8888888888888888,180.0,-4.0,-4.0,2072.0,128.57142857142858,8.571428571428571,8.714285714285714,11.142857142857142,2025-09,0.2978723404255319,0.008888888888888889,0.89,-8.0,-57335.0,False,0,2072.0,Reducing,Wednesday,192.07586064728937,224.79281244979148,1.0204081632653184,False
2025-09-11,12.0,38.0,29.0,2047.0,6.0,38.0,"2,047",6.0,29.0,6.0,76.32,0.2931118710307767,50.0,-17.0,23.0,2085.0,20.689655172413797,9.428571428571429,11.571428571428571,10.714285714285714,2025-09,0.7631578947368421,0.0029311187103077674,0.29,6.0,-57329.0,True,1,2085.0,Moderate,Thursday,180.74581138620562,232.0874577875942,-83.9080459770115,False
2025-09-14,7.0,39.0,13.0,2083.0,5.0,39.0,"2,083",5.0,13.0,5.0,33.33,0.2400384061449832,71.42857142857143,-6.0,8.0,2122.0,38.46153846153847,9.857142857142858,11.857142857142858,10.0,2025-09,0.3333333333333333,0.002400384061449832,0.24,2.0,-57327.0,True,2,2122.0,Moderate,Sunday,173.2533038936981,236.2797574450644,85.89743589743588,False
2025-09-15,9.0,47.0,10.0,2086.0,10.0,47.0,"2,086",10.0,10.0,10.0,21.28,0.4793863854266539,111.11111111111111,-1.0,,2133.0,100.0,9.571428571428571,13.0,9.428571428571429,2025-09,0.2127659574468085,0.004793863854266539,0.48,-1.0,-57328.0,False,0,2133.0,Reducing,Monday,87.53901817941241,43.67328686519334,159.99999999999997,False
2025-09-16,7.0,28.0,17.0,2095.0,12.0,28.0,"2,095",12.0,17.0,12.0,60.71,0.5727923627684964,171.42857142857142,-10.0,5.0,2123.0,70.58823529411765,10.0,14.142857142857142,10.142857142857142,2025-09,0.6071428571428571,0.005727923627684964,0.57,-5.0,-57333.0,False,0,2123.0,Reducing,Tuesday,86.51194068174667,44.02423371015716,-29.411764705882348,False
2025-09-17,7.0,38.0,5.0,2096.0,13.0,38.0,"2,096",13.0,5.0,13.0,13.16,0.6202290076335878,185.7142857142857,2.0,-8.0,2134.0,260.0,10.0,14.142857142857142,11.142857142857142,2025-09,0.13157894736842105,0.006202290076335878,0.62,-6.0,-57339.0,False,0,2134.0,Reducing,Wednesday,106.51194068174667,79.37826689519643,268.3333333333333,False
2025-09-18,20.0,52.0,11.0,2096.0,14.0,52.0,"2,096",14.0,11.0,14.0,21.15,0.6679389312977099,70.0,9.0,-3.0,2148.0,127.27272727272728,10.285714285714286,14.142857142857142,11.142857142857142,2025-09,0.21153846153846154,0.006679389312977099,0.67,6.0,-57333.0,True,1,2148.0,Moderate,Thursday,106.51194068174667,79.37826689519643,-51.04895104895104,False
2025-09-21,8.0,35.0,13.0,2134.0,5.0,35.0,"2,134",5.0,13.0,5.0,37.14,0.2343017806935332,62.5,-5.0,8.0,2169.0,38.46153846153847,10.0,14.0,9.285714285714286,2025-09,0.37142857142857144,0.0023430178069353325,0.23,3.0,-57330.0,True,2,2169.0,Moderate,Sunday,93.63909923747664,82.45172470415852,-69.78021978021978,False
2025-09-22,17.0,40.0,14.0,2141.0,10.0,40.0,"2,141",10.0,14.0,10.0,35.0,0.4670714619336758,58.82352941176471,3.0,4.0,2181.0,71.42857142857143,10.714285714285714,11.857142857142858,9.857142857142858,2025-09,0.35,0.004670714619336758,0.47,7.0,-57323.0,True,3,2181.0,Moderate,Monday,100.88751584549917,77.02124251683894,85.7142857142857,False
2025-09-23,11.0,36.0,10.0,2145.0,15.0,36.0,"2,145",15.0,10.0,15.0,27.78,0.6993006993006993,136.36363636363637,1.0,-5.0,2181.0,150.0,11.285714285714286,11.428571428571429,11.285714285714286,2025-09,0.2777777777777778,0.006993006993006993,0.7,-4.0,-57327.0,False,0,2181.0,Reducing,Tuesday,116.82158177956511,73.40686053334476,110.00000000000001,False
2025-09-24,3.0,38.0,12.0,2138.0,17.0,38.0,"2,138",17.0,12.0,17.0,31.58,0.7951356407857811,566.6666666666667,-9.0,-5.0,2176.0,141.66666666666669,10.428571428571429,11.714285714285714,12.285714285714286,2025-09,0.3157894736842105,0.007951356407857811,0.8,-14.0,-57341.0,False,0,2176.0,Reducing,Wednesday,122.77396273194607,73.50476151995916,-5.5555555555555465,False
2025-09-25,6.0,35.0,12.0,2132.0,18.0,35.0,"2,132",18.0,12.0,18.0,34.29,0.8442776735459663,300.0,-6.0,-6.0,2167.0,150.0,10.285714285714286,11.0,13.142857142857142,2025-09,0.34285714285714286,0.008442776735459663,0.84,-12.0,-57353.0,False,0,2167.0,Reducing,Thursday,134.1185005470721,70.16019406338472,5.88235294117645,False
2025-09-28,11.0,29.0,12.0,2146.0,9.0,29.0,"2,146",9.0,12.0,9.0,41.38,0.4193849021435228,81.81818181818183,-1.0,3.0,2175.0,75.0,10.857142857142858,12.0,12.571428571428571,2025-09,0.41379310344827586,0.004193849021435228,0.42,2.0,-57351.0,True,1,2175.0,Moderate,Sunday,107.68992911850069,45.26639017012088,-50.0,False
2025-09-29,8.0,35.0,12.0,2148.0,13.0,35.0,"2,148",13.0,12.0,13.0,34.29,0.6052141527001862,162.5,-4.0,-1.0,2183.0,108.33333333333331,9.142857142857142,12.142857142857142,12.428571428571429,2025-09,0.34285714285714286,0.006052141527001862,0.61,-5.0,-57356.0,False,0,2183.0,Reducing,Monday,104.98430141287297,44.45964745449134,44.44444444444442,False
2025-09-30,8.0,32.0,12.0,2159.0,7.0,32.0,"2,159",7.0,12.0,7.0,37.5,0.3242241778601204,87.5,-4.0,5.0,2191.0,58.333333333333336,9.142857142857142,12.0,12.714285714285714,2025-09,0.375,0.003242241778601204,0.32,1.0,-57355.0,True,1,2191.0,Moderate,Tuesday,107.82312925170082,39.90527061733244,-46.153846153846146,False
2025-10-01,4.0,33.0,12.0,2163.0,14.0,33.0,"2,163",14.0,12.0,14.0,36.36,0.6472491909385114,350.0,-8.0,-2.0,2196.0,116.66666666666669,7.285714285714286,11.714285714285714,13.285714285714286,2025-10,0.36363636363636365,0.006472491909385114,0.65,-10.0,-57365.0,False,0,2196.0,Reducing,Wednesday,114.28571428571442,36.551044252914394,100.00000000000004,False
2025-10-02,20.0,51.0,15.0,2164.0,16.0,51.0,"2,164",16.0,15.0,16.0,29.41,0.7393715341959335,80.0,5.0,-1.0,2215.0,106.66666666666669,8.571428571428571,12.428571428571429,13.428571428571429,2025-10,0.29411764705882354,0.0073937153419593345,0.74,4.0,-57361.0,True,1,2215.0,Moderate,Thursday,108.09523809523823,32.99029839755101,-8.571428571428575,False
2025-10-05,8.0,28.0,13.0,2180.0,16.0,28.0,"2,180",16.0,13.0,16.0,46.43,0.7339449541284404,200.0,-5.0,-3.0,2208.0,123.07692307692308,9.285714285714286,12.571428571428571,13.285714285714286,2025-10,0.4642857142857143,0.007339449541284404,0.73,-8.0,-57369.0,False,0,2208.0,Reducing,Sunday,105.43956043956057,30.490983454251385,15.384615384615374,False
2025-10-06,5.0,33.0,15.0,2187.0,10.0,33.0,"2,187",10.0,15.0,10.0,45.45,0.4572473708276178,200.0,-10.0,5.0,2220.0,66.66666666666666,9.142857142857142,13.0,12.142857142857142,2025-10,0.45454545454545453,0.004572473708276178,0.46,-5.0,-57374.0,False,0,2220.0,Reducing,Monday,93.53479853479867,26.152888488290024,-45.833333333333336,False
2025-10-07,11.0,45.0,4.0,2189.0,10.0,45.0,"2,189",10.0,4.0,10.0,8.89,0.4568296025582457,90.9090909090909,7.0,-6.0,2234.0,250.0,9.142857142857142,11.857142857142858,12.285714285714286,2025-10,0.08888888888888889,0.0045682960255824575,0.46,1.0,-57373.0,True,1,2234.0,Moderate,Tuesday,118.53479853479867,63.069620223086474,275.00000000000006,False
2025-10-08,8.0,49.0,15.0,2192.0,17.0,49.0,"2,192",17.0,15.0,17.0,30.61,0.7755474452554745,212.5,-7.0,-2.0,2241.0,113.33333333333331,9.142857142857142,12.285714285714286,12.857142857142858,2025-10,0.30612244897959184,0.007755474452554745,0.78,-9.0,-57382.0,False,0,2241.0,Reducing,Wednesday,119.24908424908439,62.963052512194366,-54.66666666666667,False
2025-10-09,11.0,55.0,13.0,2192.0,12.0,55.0,"2,192",12.0,13.0,12.0,23.64,0.5474452554744526,109.09090909090908,-2.0,1.0,2247.0,92.3076923076923,9.571428571428571,12.428571428571429,13.571428571428571,2025-10,0.23636363636363636,0.005474452554744526,0.55,-1.0,-57383.0,False,0,2247.0,Reducing,Thursday,124.10256410256423,58.64624442822835,-18.552036199095014,False
2025-10-13,8.0,24.0,7.0,2223.0,6.0,24.0,"2,223",6.0,7.0,6.0,29.17,0.2699055330634278,75.0,1.0,1.0,2247.0,85.71428571428571,10.142857142857142,11.714285714285714,12.428571428571429,2025-10,0.2916666666666667,0.002699055330634278,0.27,2.0,-57381.0,True,1,2247.0,Moderate,Monday,119.68079539508122,60.43977028226043,-7.142857142857151,False
2025-10-14,7.0,30.0,16.0,2235.0,8.0,30.0,"2,235",8.0,16.0,8.0,53.33,0.3579418344519016,114.28571428571428,-9.0,8.0,2265.0,50.0,8.285714285714286,11.857142857142858,11.285714285714286,2025-10,0.5333333333333333,0.0035794183445190158,0.36,-1.0,-57382.0,False,0,2265.0,Reducing,Tuesday,111.58555729984313,66.01150219499087,-41.666666666666664,False
2025-10-15,8.0,29.0,10.0,2225.0,15.0,29.0,"2,225",15.0,10.0,15.0,34.48,0.6741573033707865,187.5,-2.0,-5.0,2254.0,150.0,8.285714285714286,11.428571428571429,11.142857142857142,2025-10,0.3448275862068966,0.006741573033707865,0.67,-7.0,-57389.0,False,0,2254.0,Reducing,Wednesday,115.43171114599697,67.55883627984169,200.0,False
2025-10-16,9.0,33.0,15.0,2233.0,9.0,33.0,"2,233",9.0,15.0,9.0,45.45,0.4030452306314375,100.0,-6.0,6.0,2266.0,60.0,8.857142857142858,11.428571428571429,11.0,2025-10,0.45454545454545453,0.004030452306314375,0.4,0.0,-57389.0,False,0,2266.0,Balanced,Thursday,114.47933019361604,68.40257547304256,-60.0,False
2025-10-19,9.0,34.0,17.0,2237.0,7.0,34.0,"2,237",7.0,17.0,7.0,50.0,0.3129190880643719,77.77777777777779,-8.0,10.0,2271.0,41.17647058823529,8.571428571428571,13.285714285714286,10.571428571428571,2025-10,0.5,0.0031291908806437194,0.31,2.0,-57387.0,True,1,2271.0,Moderate,Sunday,84.64739742050679,38.408596647911246,-31.372549019607852,False
2025-10-20,10.0,39.0,6.0,2243.0,7.0,39.0,"2,243",7.0,6.0,7.0,15.38,0.3120820329915292,70.0,4.0,-1.0,2282.0,116.66666666666669,8.857142857142858,12.0,9.142857142857142,2025-10,0.15384615384615385,0.003120820329915292,0.31,3.0,-57384.0,True,2,2282.0,Moderate,Monday,85.12358789669727,38.84174120935626,183.3333333333334,False
2025-10-21,13.0,39.0,17.0,2251.0,9.0,39.0,"2,251",9.0,17.0,9.0,43.59,0.3998223011994669,69.23076923076923,-4.0,8.0,2290.0,52.94117647058824,9.142857142857142,12.571428571428571,8.714285714285714,2025-10,0.4358974358974359,0.003998223011994669,0.4,4.0,-57380.0,True,3,2290.0,Moderate,Tuesday,79.49979991996813,40.44500890428974,-54.6218487394958,False
2025-10-22,12.0,42.0,13.0,2261.0,12.0,42.0,"2,261",12.0,13.0,12.0,30.95,0.5307386112339673,100.0,-1.0,1.0,2303.0,92.3076923076923,9.714285714285714,13.428571428571429,9.571428571428571,2025-10,0.30952380952380953,0.005307386112339673,0.53,0.0,-57380.0,False,0,2303.0,Balanced,Wednesday,80.44171514759763,40.68989292044551,74.35897435897434,False
2025-10-23,4.0,27.0,26.0,2266.0,18.0,27.0,"2,266",18.0,26.0,18.0,96.3,0.7943512797881729,450.0,-22.0,8.0,2293.0,69.23076923076923,9.285714285714286,14.857142857142858,11.0,2025-10,0.9629629629629629,0.00794351279788173,0.79,-14.0,-57394.0,False,0,2293.0,Reducing,Thursday,83.18896789485039,38.901927584815766,-25.0,False
2025-10-26,4.0,35.0,12.0,2276.0,10.0,35.0,"2,276",10.0,12.0,10.0,34.29,0.4393673110720563,250.0,-8.0,2.0,2311.0,83.33333333333334,8.714285714285714,15.142857142857142,10.285714285714286,2025-10,0.34285714285714286,0.004393673110720563,0.44,-6.0,-57400.0,False,0,2311.0,Reducing,Sunday,73.66515837104086,25.760260138403517,20.370370370370395,False
2025-10-27,2.0,31.0,8.0,2282.0,11.0,31.0,"2,282",11.0,8.0,11.0,25.81,0.4820333041191936,550.0,-6.0,-3.0,2313.0,137.5,7.714285714285714,14.142857142857142,10.571428571428571,2025-10,0.25806451612903225,0.004820333041191937,0.48,-9.0,-57409.0,False,0,2313.0,Reducing,Monday,84.73658694246943,34.1849400384446,64.99999999999999,False
2025-10-28,6.0,22.0,11.0,2286.0,6.0,22.0,"2,286",6.0,11.0,6.0,50.0,0.2624671916010498,100.0,-5.0,5.0,2308.0,54.54545454545454,7.285714285714286,13.285714285714286,10.428571428571429,2025-10,0.5,0.0026246719160104987,0.26,0.0,-57409.0,False,0,2308.0,Balanced,Tuesday,86.64644179350076,31.623168385293962,-60.33057851239669,False
2025-10-29,6.0,25.0,4.0,2280.0,17.0,25.0,"2,280",17.0,4.0,17.0,16.0,0.7456140350877193,283.33333333333337,2.0,-13.0,2305.0,425.0,6.714285714285714,13.0,11.857142857142858,2025-10,0.16,0.007456140350877193,0.75,-11.0,-57420.0,False,0,2305.0,Reducing,Wednesday,130.6940608411198,132.91646243384244,679.1666666666667,False
2025-10-30,3.0,17.0,14.0,2287.0,12.0,17.0,"2,287",12.0,14.0,12.0,82.35,0.524704853519895,400.0,-11.0,2.0,2304.0,85.71428571428571,5.285714285714286,12.571428571428571,12.285714285714286,2025-10,0.8235294117647058,0.005247048535198951,0.52,-9.0,-57429.0,False,0,2304.0,Reducing,Thursday,135.37593359021943,130.2721161844278,-79.83193277310924,False
2025-11-02,5.0,21.0,10.0,2277.0,7.0,21.0,"2,277",7.0,10.0,7.0,47.62,0.3074220465524813,140.0,-5.0,3.0,2298.0,70.0,4.285714285714286,12.142857142857142,11.571428571428571,2025-11,0.47619047619047616,0.0030742204655248135,0.31,-2.0,-57431.0,False,0,2298.0,Reducing,Sunday,132.18912040340624,131.76557110301587,-18.333333333333325,False
2025-11-03,3.0,28.0,5.0,2269.0,12.0,28.0,"2,269",12.0,5.0,12.0,17.86,0.5288673424416042,400.0,-2.0,-7.0,2297.0,240.0,4.142857142857143,9.142857142857142,10.714285714285714,2025-11,0.17857142857142858,0.005288673424416042,0.53,-9.0,-57440.0,False,0,2297.0,Reducing,Monday,156.58472479901064,133.95671412117298,242.85714285714283,False
2025-11-04,6.0,33.0,6.0,2270.0,8.0,33.0,"2,270",8.0,6.0,8.0,18.18,0.3524229074889868,133.33333333333331,,-2.0,2303.0,133.33333333333331,4.428571428571429,8.285714285714286,10.428571428571429,2025-11,0.18181818181818182,0.003524229074889868,0.35,-2.0,-57442.0,False,0,2303.0,Reducing,Tuesday,163.72758194186778,130.69310460332852,-44.44444444444445,False
2025-11-05,8.0,41.0,8.0,2272.0,7.0,41.0,"2,272",7.0,8.0,7.0,19.51,0.3080985915492957,87.5,,1.0,2313.0,87.5,5.285714285714286,8.285714285714286,9.857142857142858,2025-11,0.1951219512195122,0.0030809859154929575,0.31,1.0,-57441.0,True,1,2313.0,Moderate,Wednesday,156.58472479901064,133.69725806349666,-34.374999999999986,False
2025-11-06,6.0,33.0,9.0,2264.0,19.0,33.0,"2,264",19.0,9.0,19.0,27.27,0.8392226148409895,316.66666666666663,-3.0,-10.0,2297.0,211.11111111111111,5.285714285714286,8.0,11.714285714285714,2025-11,0.2727272727272727,0.008392226148409895,0.84,-13.0,-57454.0,False,0,2297.0,Reducing,Thursday,178.951247165533,126.69453142181298,141.26984126984127,False
2025-11-09,11.0,33.0,5.0,2294.0,4.0,33.0,"2,294",4.0,5.0,4.0,15.15,0.1743679163034001,36.36363636363637,6.0,1.0,2327.0,80.0,6.0,8.142857142857142,9.857142857142858,2025-11,0.15151515151515152,0.0017436791630340018,0.17,7.0,-57447.0,True,1,2327.0,Moderate,Sunday,129.66553287981873,68.98890595451168,-62.10526315789473,False
2025-11-11,11.0,39.0,12.0,2294.0,14.0,39.0,"2,294",14.0,12.0,14.0,30.77,0.6102877070619006,127.27272727272728,-1.0,-2.0,2333.0,116.66666666666669,7.142857142857143,7.857142857142857,10.142857142857142,2025-11,0.3076923076923077,0.006102877070619006,0.61,-3.0,-57450.0,False,0,2333.0,Reducing,Tuesday,134.0873015873017,66.65484352831767,45.83333333333335,False
2025-11-12,14.0,48.0,20.0,2302.0,7.0,48.0,"2,302",7.0,20.0,7.0,41.67,0.3040834057341442,50.0,-6.0,13.0,2350.0,35.0,8.428571428571429,9.285714285714286,10.142857142857142,2025-11,0.4166666666666667,0.0030408340573414424,0.3,7.0,-57443.0,True,1,2350.0,Moderate,Wednesday,129.0873015873017,73.24993754925458,-70.0,False
2025-11-13,6.0,26.0,16.0,2317.0,5.0,26.0,"2,317",5.0,16.0,5.0,61.54,0.2157962883038411,83.33333333333334,-10.0,11.0,2343.0,31.25,8.857142857142858,10.857142857142858,9.142857142857142,2025-11,0.6153846153846154,0.0021579628830384117,0.22,1.0,-57442.0,True,2,2343.0,Moderate,Thursday,99.26587301587314,62.23424540158851,-10.71428571428571,False
2025-11-16,5.0,22.0,3.0,2340.0,5.0,22.0,"2,340",5.0,3.0,5.0,13.64,0.2136752136752137,100.0,2.0,-2.0,2362.0,166.66666666666669,8.714285714285714,10.428571428571429,8.714285714285714,2025-11,0.13636363636363635,0.002136752136752137,0.21,0.0,-57442.0,False,0,2362.0,Balanced,Sunday,104.02777777777793,66.41053226933188,433.33333333333337,False
2025-11-17,1.0,35.0,6.0,2343.0,8.0,35.0,"2,343",8.0,6.0,8.0,17.14,0.3414425949637217,800.0,-5.0,-2.0,2378.0,133.33333333333331,7.714285714285714,10.142857142857142,8.857142857142858,2025-11,0.17142857142857143,0.0034144259496372174,0.34,-7.0,-57449.0,False,0,2378.0,Reducing,Monday,110.57539682539696,66.76788364622467,-20.000000000000018,False
2025-11-18,2.0,38.0,8.0,2345.0,12.0,38.0,"2,345",12.0,8.0,12.0,21.05,0.511727078891258,600.0,-6.0,-4.0,2383.0,150.0,7.142857142857143,10.0,7.857142857142857,2025-11,0.21052631578947367,0.00511727078891258,0.51,-10.0,-57459.0,False,0,2383.0,Reducing,Tuesday,101.84523809523822,54.2541265833524,12.500000000000021,False
2025-11-19,7.0,32.0,3.0,2340.0,10.0,32.0,"2,340",10.0,3.0,10.0,9.38,0.4273504273504274,142.85714285714286,4.0,-7.0,2372.0,333.33333333333337,6.571428571428571,9.714285714285714,8.714285714285714,2025-11,0.09375,0.004273504273504274,0.43,-3.0,-57462.0,False,0,2372.0,Reducing,Wednesday,138.03571428571442,101.32647839961383,122.22222222222223,False
2025-11-20,18.0,57.0,8.0,2340.0,9.0,57.0,"2,340",9.0,8.0,9.0,14.04,0.3846153846153846,50.0,10.0,-1.0,2397.0,112.5,7.571428571428571,9.142857142857142,8.0,2025-11,0.14035087719298245,0.0038461538461538464,0.38,9.0,-57453.0,True,1,2397.0,Moderate,Thursday,137.44047619047632,101.48504626989042,-66.25000000000001,False
2025-11-23,3.0,46.0,22.0,2375.0,1.0,46.0,"2,375",1.0,22.0,1.0,47.83,0.0421052631578947,33.33333333333333,-19.0,21.0,2421.0,4.545454545454546,6.0,9.428571428571429,7.142857142857143,2025-11,0.4782608695652174,0.0004210526315789474,0.04,2.0,-57451.0,True,2,2421.0,Moderate,Sunday,133.08982683982697,107.10573145721001,-95.95959595959596,False
2025-11-24,9.0,40.0,9.0,2371.0,13.0,40.0,"2,371",13.0,9.0,13.0,22.5,0.5482918599746942,144.44444444444443,,-4.0,2411.0,144.44444444444443,6.428571428571429,8.428571428571429,8.285714285714286,2025-11,0.225,0.005482918599746942,0.55,-4.0,-57455.0,False,0,2411.0,Reducing,Monday,149.26046176046188,97.25994142839582,3077.7777777777774,False
2025-11-25,6.0,47.0,14.0,2375.0,11.0,47.0,"2,375",11.0,14.0,11.0,29.79,0.4631578947368421,183.3333333333333,-8.0,3.0,2422.0,78.57142857142857,6.571428571428571,10.0,9.142857142857142,2025-11,0.2978723404255319,0.0046315789473684215,0.46,-5.0,-57460.0,False,0,2422.0,Reducing,Tuesday,136.67542774685643,100.28481034535929,-45.6043956043956,False
2025-11-27,4.0,24.0,8.0,2389.0,7.0,24.0,"2,389",7.0,8.0,7.0,33.33,0.2930096274591879,175.0,-4.0,1.0,2413.0,87.5,7.0,10.285714285714286,9.0,2025-11,0.3333333333333333,0.0029300962745918793,0.29,-3.0,-57463.0,False,0,2413.0,Reducing,Thursday,130.1278086992374,102.02059678376737,11.363636363636376,False
2025-11-30,4.0,18.0,10.0,2415.0,,18.0,"2,415",,10.0,,55.56,,,-6.0,10.0,2433.0,,7.285714285714286,10.571428571428571,7.285714285714286,2025-11,0.5555555555555556,,,,,False,0,2433.0,High,Sunday,126.81577681577697,111.34495200988665,,False
2025-12-01,4.0,26.0,4.0,2410.0,9.0,26.0,"2,410",9.0,4.0,9.0,15.38,0.3734439834024896,225.0,,-5.0,2436.0,225.0,6.857142857142857,10.714285714285714,7.142857142857143,2025-12,0.15384615384615385,0.0037344398340248964,0.37,-5.0,-57468.0,False,0,2436.0,Reducing,Monday,108.7602212602214,73.51613932220387,,False
2025-12-02,7.0,34.0,6.0,2407.0,8.0,34.0,"2,407",8.0,6.0,8.0,17.65,0.3323639385126714,114.28571428571428,1.0,-2.0,2441.0,133.33333333333331,5.285714285714286,10.428571428571429,7.0,2025-12,0.17647058823529413,0.0033236393851267137,0.33,-1.0,-57469.0,False,0,2441.0,Reducing,Tuesday,112.23244348244361,74.21674694188732,-40.74074074074075,False
2025-12-03,4.0,32.0,8.0,2419.0,7.0,32.0,"2,419",7.0,8.0,7.0,25.0,0.2893757751136833,175.0,-4.0,1.0,2451.0,87.5,5.428571428571429,8.428571428571429,7.857142857142857,2025-12,0.25,0.0028937577511368336,0.29,-3.0,-57472.0,False,0,2451.0,Reducing,Wednesday,126.05820105820119,55.51382597554613,-34.374999999999986,False
2025-12-04,16.0,39.0,7.0,2418.0,13.0,39.0,"2,418",13.0,7.0,13.0,17.95,0.5376344086021506,81.25,9.0,-6.0,2457.0,185.7142857142857,6.428571428571429,8.142857142857142,7.857142857142857,2025-12,0.1794871794871795,0.005376344086021506,0.54,3.0,-57469.0,True,1,2457.0,Moderate,Thursday,132.9365079365081,60.573677830851395,112.24489795918365,False
2025-12-07,4.0,24.0,13.0,2429.0,12.0,24.0,"2,429",12.0,13.0,12.0,54.17,0.4940304652120214,300.0,-9.0,1.0,2453.0,92.3076923076923,6.142857142857143,8.0,8.0,2025-12,0.5416666666666666,0.004940304652120214,0.49,-8.0,-57477.0,False,0,2453.0,Reducing,Sunday,135.22588522588538,58.325883695952875,-50.29585798816567,False
2025-12-08,9.0,27.0,9.0,2440.0,4.0,27.0,"2,440",4.0,9.0,4.0,33.33,0.1639344262295081,44.44444444444444,,5.0,2467.0,44.44444444444444,6.857142857142857,8.142857142857142,7.571428571428571,2025-12,0.3333333333333333,0.001639344262295082,0.16,5.0,-57472.0,True,1,2467.0,Moderate,Monday,128.04995929995945,67.32620579976673,-51.85185185185186,False
2025-12-09,4.0,30.0,7.0,2443.0,8.0,30.0,"2,443",8.0,7.0,8.0,23.33,0.3274662300450266,200.0,-3.0,-1.0,2473.0,114.28571428571428,6.857142857142857,7.714285714285714,8.714285714285714,2025-12,0.23333333333333334,0.003274662300450266,0.33,-4.0,-57476.0,False,0,2473.0,Reducing,Tuesday,126.0836385836387,61.67992576959819,157.1428571428571,False
2025-12-10,10.0,54.0,5.0,2439.0,9.0,54.0,"2,439",9.0,5.0,9.0,9.26,0.3690036900369003,90.0,5.0,-4.0,2493.0,180.0,7.714285714285714,7.857142857142857,8.714285714285714,2025-12,0.09259259259259259,0.0036900369003690036,0.37,1.0,-57475.0,True,1,2493.0,Moderate,Wednesday,119.65506715506727,51.087704352255194,57.500000000000014,False
2025-12-11,7.0,47.0,9.0,2437.0,10.0,47.0,"2,437",10.0,9.0,10.0,19.15,0.4103405826836274,142.85714285714286,-2.0,-1.0,2484.0,111.11111111111111,7.714285714285714,8.285714285714286,9.0,2025-12,0.19148936170212766,0.004103405826836274,0.41,-3.0,-57478.0,False,0,2484.0,Reducing,Thursday,116.48046398046412,50.78562575165791,-38.27160493827161,False
2025-12-14,8.0,35.0,4.0,2462.0,8.0,35.0,"2,462",8.0,4.0,8.0,11.43,0.3249390739236393,100.0,4.0,-4.0,2497.0,200.0,8.285714285714286,7.714285714285714,9.142857142857142,2025-12,0.11428571428571428,0.003249390739236393,0.32,0.0,-57478.0,False,0,2497.0,Balanced,Sunday,132.55189255189268,57.449526525514344,80.0,False
2025-12-15,11.0,42.0,9.0,2470.0,7.0,42.0,"2,470",7.0,9.0,7.0,21.43,0.2834008097165992,63.63636363636363,2.0,2.0,2512.0,77.77777777777779,7.571428571428571,8.0,8.285714285714286,2025-12,0.21428571428571427,0.002834008097165992,0.28,4.0,-57474.0,True,1,2512.0,Moderate,Monday,117.13239141810583,55.24539963361308,-61.11111111111111,False
2025-12-16,8.0,54.0,15.0,2468.0,9.0,54.0,"2,468",9.0,15.0,9.0,27.78,0.3646677471636953,112.5,-7.0,6.0,2522.0,60.0,8.142857142857142,8.285714285714286,7.857142857142857,2025-12,0.2777777777777778,0.003646677471636953,0.36,-1.0,-57475.0,False,0,2522.0,Reducing,Tuesday,112.51700680272121,58.89405335184426,-22.857142857142865,False
2025-12-17,7.0,31.0,11.0,2481.0,10.0,31.0,"2,481",10.0,11.0,10.0,35.48,0.4030632809351068,142.85714285714286,-4.0,1.0,2512.0,90.9090909090909,7.857142857142857,8.571428571428571,8.714285714285714,2025-12,0.3548387096774194,0.004030632809351068,0.4,-3.0,-57478.0,False,0,2512.0,Reducing,Wednesday,119.15481344052786,52.17863877389169,51.515151515151516,False
2025-12-18,11.0,50.0,6.0,2472.0,16.0,50.0,"2,472",16.0,6.0,16.0,12.0,0.6472491909385114,145.45454545454547,5.0,-10.0,2522.0,266.66666666666663,8.857142857142858,8.428571428571429,9.857142857142858,2025-12,0.12,0.006472491909385114,0.65,-5.0,-57483.0,False,0,2522.0,Reducing,Thursday,140.92352092352104,76.10799826895915,193.33333333333331,False
2025-12-21,6.0,18.0,11.0,2484.0,14.0,18.0,"2,484",14.0,11.0,14.0,61.11,0.5636070853462157,233.33333333333331,-5.0,-3.0,2502.0,127.27272727272728,8.285714285714286,9.285714285714286,10.571428571428571,2025-12,0.6111111111111112,0.005636070853462158,0.56,-8.0,-57491.0,False,0,2502.0,Reducing,Sunday,133.39105339105353,74.18082735612532,-52.27272727272727,False
,,,,,,,,,,,,,,,,,,8.5,9.333333333333334,10.666666666666666,,,,,,,False,0,,High,,137.10437710437725,80.54519528493115,,False
,,,,,,,,,,,,,,,,,,8.6,10.4,11.2,,,,,,,False,0,,High,,124.5252525252527,83.2024806753446,,False
,,,,,,,,,,,,,,,,,,8.0,10.75,12.25,,,,,,,False,0,,High,,136.21212121212145,91.2121212121177,,False
,,,,,,,,,,,,,,,,,,8.0,9.333333333333334,13.333333333333334,,,,,,,False,0,,High,,161.61616161616192,92.77545457134872,,False
,,,,,,,,,,,,,,,,,,8.5,8.5,15.0,,,,,,,False,0,,High,,196.96969696969742,98.5663998017518,,False
,,,,,,,,,,,,,,,,,,6.0,11.0,14.0,,,,,,,False,0,,High,,127.27272727272728,,,False
,,,,,,,,,,,,,,,,,,,,,,,,,,,False,0,,High,,,,,False
,,,,,,,,,,,,,,,,,,,,,,,,,,,False,0,,High,,,,,False
,,,,,,,,,,,,,,,,,,,,,,,,,,,False,0,,High,,,,,False
,,,,,,,,,,,,,,,,,,,,,,,,,,,False,0,,High,,,,,False
,,,,,,,,,,,,,,,,,,,,,,,,,,,False,0,,High,,,,,False
,,,,,,,,,,,,,,,,,,,,,,,,,,,False,0,,High,,,,,False
,,,,,,,,,,,,,,,,,,,,,,,,,,,False,0,,High,,,,,False
,,,,,,,,,,,,,,,,,,,,,,,,,,,False,0,,High,,,,,False
,,,,,,,,,,,,,,,,,,,,,,,,,,,False,0,,High,,,,,False
,,,,,,,,,,,,,,,,,,,,,,,,,,,False,0,,High,,,,,False
,,,,,,,,,,,,,,,,,,,,,,,,,,,False,0,,High,,,,,False
,,,,,,,,,,,,,,,,,,,,,,,,,,,False,0,,High,,,,,False
,,,,,,,,,,,,,,,,,,,,,,,,,,,False,0,,High,,,,,False
,,,,,,,,,,,,,,,,,,,,,,,,,,,False,0,,High,,,,,False
,,,,,,,,,,,,,,,,,,,,,,,,,,,False,0,,High,,,,,False
,,,,,,,,,,,,,,,,,,,,,,,,,,,False,0,,High,,,,,False
,,,,,,,,,,,,,,,,,,,,,,,,,,,False,0,,High,,,,,False
,,,,,,,,,,,,,,,,,,,,,,,,,,,False,0,,High,,,,,False
,,,,,,,,,,,,,,,,,,,,,,,,,,,False,0,,High,,,,,False
,,,,,,,,,,,,,,,,,,,,,,,,,,,False,0,,High,,,,,False
,,,,,,,,,,,,,,,,,,,,,,,,,,,False,0,,High,,,,,False
,,,,,,,,,,,,,,,,,,,,,,,,,,,False,0,,High,,,,,False
,,,,,,,,,,,,,,,,,,,,,,,,,,,False,0,,High,,,,,False
,,,,,,,,,,,,,,,,,,,,,,,,,,,False,0,,High,,,,,False
,,,,,,,,,,,,,,,,,,,,,,,,,,,False,0,,High,,,,,False
,,,,,,,,,,,,,,,,,,,,,,,,,,,False,0,,High,,,,,False
,,,,,,,,,,,,,,,,,,,,,,,,,,,False,0,,High,,,,,False
,,,,,,,,,,,,,,,,,,,,,,,,,,,False,0,,High,,,,,False
,,,,,,,,,,,,,,,,,,,,,,,,,,,False,0,,High,,,,,False
,,,,,,,,,,,,,,,,,,,,,,,,,,,False,0,,High,,,,,False
,,,,,,,,,,,,,,,,,,,,,,,,,,,False,0,,High,,,,,False
,,,,,,,,,,,,,,,,,,,,,,,,,,,False,0,,High,,,,,False
,,,,,,,,,,,,,,,,,,,,,,,,,,,False,0,,High,,,,,False
,,,,,,,,,,,,,,,,,,,,,,,,,,,False,0,,High,,,,,False
,,,,,,,,,,,,,,,,,,,,,,,,,,,False,0,,High,,,,,False
,,,,,,,,,,,,,,,,,,,,,,,,,,,False,0,,High,,,,,False
,,,,,,,,,,,,,,,,,,,,,,,,,,,False,0,,High,,,,,False
,,,,,,,,,,,,,,,,,,,,,,,,,,,False,0,,High,,,,,False
,,,,,,,,,,,,,,,,,,,,,,,,,,,False,0,,High,,,,,False
,,,,,,,,,,,,,,,,,,,,,,,,,,,False,0,,High,,,,,False
,,,,,,,,,,,,,,,,,,,,,,,,,,,False,0,,High,,,,,False
,,,,,,,,,,,,,,,,,,,,,,,,,,,False,0,,High,,,,,False
,,,,,,,,,,,,,,,,,,,,,,,,,,,False,0,,High,,,,,False
,,,,,,,,,,,,,,,,,,,,,,,,,,,False,0,,High,,,,,False
,,,,,,,,,,,,,,,,,,,,,,,,,,,False,0,,High,,,,,False
,,,,,,,,,,,,,,,,,,,,,,,,,,,False,0,,High,,,,,False
,,,,,,,,,,,,,,,,,,,,,,,,,,,False,0,,High,,,,,False
,,,,,,,,,,,,,,,,,,,,,,,,,,,False,0,,High,,,,,False
,,,,,,,,,,,,,,,,,,,,,,,,,,,False,0,,High,,,,,False
,,,,,,,,,,,,,,,,,,,,,,,,,,,False,0,,High,,,,,False
,,,,,,,,,,,,,,,,,,,,,,,,,,,False,0,,High,,,,,False
,,,,,,,,,,,,,,,,,,,,,,,,,,,False,0,,High,,,,,False
,,,,,,,,,,,,,,,,,,,,,,,,,,,False,0,,High,,,,,False
,,,,,,,,,,,,,,,,,,,,,,,,,,,False,0,,High,,,,,False
,,,,,,,,,,,,,,,,,,,,,,,,,,,False,0,,High,,,,,False
,,,,,,,,,,,,,,,,,,,,,,,,,,,False,0,,High,,,,,False
,,,,,,,,,,,,,,,,,,,,,,,,,,,False,0,,High,,,,,False
,,,,,,,,,,,,,,,,,,,,,,,,,,,False,0,,High,,,,,False
,,,,,,,,,,,,,,,,,,,,,,,,,,,False,0,,High,,,,,False
,,,,,,,,,,,,,,,,,,,,,,,,,,,False,0,,High,,,,,False
,,,,,,,,,,,,,,,,,,,,,,,,,,,False,0,,High,,,,,False
,,,,,,,,,,,,,,,,,,,,,,,,,,,False,0,,High,,,,,False
,,,,,,,,,,,,,,,,,,,,,,,,,,,False,0,,High,,,,,False
,,,,,,,,,,,,,,,,,,,,,,,,,,,False,0,,High,,,,,False
,,,,,,,,,,,,,,,,,,,,,,,,,,,False,0,,High,,,,,False
,,,,,,,,,,,,,,,,,,,,,,,,,,,False,0,,High,,,,,False
,,,,,,,,,,,,,,,,,,,,,,,,,,,False,0,,High,,,,,False
,,,,,,,,,,,,,,,,,,,,,,,,,,,False,0,,High,,,,,False
,,,,,,,,,,,,,,,,,,,,,,,,,,,False,0,,High,,,,,False
,,,,,,,,,,,,,,,,,,,,,,,,,,,False,0,,High,,,,,False
,,,,,,,,,,,,,,,,,,,,,,,,,,,False,0,,High,,,,,False
,,,,,,,,,,,,,,,,,,,,,,,,,,,False,0,,High,,,,,False
,,,,,,,,,,,,,,,,,,,,,,,,,,,False,0,,High,,,,,False
,,,,,,,,,,,,,,,,,,,,,,,,,,,False,0,,High,,,,,False
,,,,,,,,,,,,,,,,,,,,,,,,,,,False,0,,High,,,,,False
,,,,,,,,,,,,,,,,,,,,,,,,,,,False,0,,High,,,,,False
,,,,,,,,,,,,,,,,,,,,,,,,,,,False,0,,High,,,,,False
,,,,,,,,,,,,,,,,,,,,,,,,,,,False,0,,High,,,,,False
,,,,,,,,,,,,,,,,,,,,,,,,,,,False,0,,High,,,,,False
,,,,,,,,,,,,,,,,,,,,,,,,,,,False,0,,High,,,,,False
,,,,,,,,,,,,,,,,,,,,,,,,,,,False,0,,High,,,,,False
,,,,,,,,,,,,,,,,,,,,,,,,,,,False,0,,High,,,,,False
,,,,,,,,,,,,,,,,,,,,,,,,,,,False,0,,High,,,,,False
,,,,,,,,,,,,,,,,,,,,,,,,,,,False,0,,High,,,,,False
,,,,,,,,,,,,,,,,,,,,,,,,,,,False,0,,High,,,,,False
,,,,,,,,,,,,,,,,,,,,,,,,,,,False,0,,High,,,,,False
,,,,,,,,,,,,,,,,,,,,,,,,,,,False,0,,High,,,,,False
,,,,,,,,,,,,,,,,,,,,,,,,,,,False,0,,High,,,,,False
,,,,,,,,,,,,,,,,,,,,,,,,,,,False,0,,High,,,,,False
,,,,,,,,,,,,,,,,,,,,,,,,,,,False,0,,High,,,,,False
,,,,,,,,,,,,,,,,,,,,,,,,,,,False,0,,High,,,,,False
,,,,,,,,,,,,,,,,,,,,,,,,,,,False,0,,High,,,,,False
,,,,,,,,,,,,,,,,,,,,,,,,,,,False,0,,High,,,,,False
,,,,,,,,,,,,,,,,,,,,,,,,,,,False,0,,High,,,,,False
,,,,,,,,,,,,,,,,,,,,,,,,,,,False,0,,High,,,,,False
,,,,,,,,,,,,,,,,,,,,,,,,,,,False,0,,High,,,,,False
,,,,,,,,,,,,,,,,,,,,,,,,,,,False,0,,High,,,,,False
,,,,,,,,,,,,,,,,,,,,,,,,,,,False,0,,High,,,,,False
,,,,,,,,,,,,,,,,,,,,,,,,,,,False,0,,High,,,,,False
,,,,,,,,,,,,,,,,,,,,,,,,,,,False,0,,High,,,,,False
,,,,,,,,,,,,,,,,,,,,,,,,,,,False,0,,High,,,,,False
,,,,,,,,,,,,,,,,,,,,,,,,,,,False,0,,High,,,,,False
,,,,,,,,,,,,,,,,,,,,,,,,,,,False,0,,High,,,,,False
,,,,,,,,,,,,,,,,,,,,,,,,,,,False,0,,High,,,,,False
,,,,,,,,,,,,,,,,,,,,,,,,,,,False,0,,High,,,,,False
,,,,,,,,,,,,,,,,,,,,,,,,,,,False,0,,High,,,,,False
,,,,,,,,,,,,,,,,,,,,,,,,,,,False,0,,High,,,,,False
,,,,,,,,,,,,,,,,,,,,,,,,,,,False,0,,High,,,,,False
,,,,,,,,,,,,,,,,,,,,,,,,,,,False,0,,High,,,,,False
,,,,,,,,,,,,,,,,,,,,,,,,,,,False,0,,High,,,,,False
,,,,,,,,,,,,,,,,,,,,,,,,,,,False,0,,High,,,,,False
,,,,,,,,,,,,,,,,,,,,,,,,,,,False,0,,High,,,,,False
,,,,,,,,,,,,,,,,,,,,,,,,,,,False,0,,High,,,,,False
,,,,,,,,,,,,,,,,,,,,,,,,,,,False,0,,High,,,,,False
,,,,,,,,,,,,,,,,,,,,,,,,,,,False,0,,High,,,,,False
,,,,,,,,,,,,,,,,,,,,,,,,,,,False,0,,High,,,,,False
,,,,,,,,,,,,,,,,,,,,,,,,,,,False,0,,High,,,,,False
,,,,,,,,,,,,,,,,,,,,,,,,,,,False,0,,High,,,,,False
,,,,,,,,,,,,,,,,,,,,,,,,,,,False,0,,High,,,,,False
,,,,,,,,,,,,,,,,,,,,,,,,,,,False,0,,High,,,,,False
,,,,,,,,,,,,,,,,,,,,,,,,,,,False,0,,High,,,,,False
,,,,,,,,,,,,,,,,,,,,,,,,,,,False,0,,High,,,,,False
,,,,,,,,,,,,,,,,,,,,,,,,,,,False,0,,High,,,,,False
,,,,,,,,,,,,,,,,,,,,,,,,,,,False,0,,High,,,,,False
,,,,,,,,,,,,,,,,,,,,,,,,,,,False,0,,High,,,,,False
,,,,,,,,,,,,,,,,,,,,,,,,,,,False,0,,High,,,,,False
,,,,,,,,,,,,,,,,,,,,,,,,,,,False,0,,High,,,,,False
,,,,,,,,,,,,,,,,,,,,,,,,,,,False,0,,High,,,,,False
,,,,,,,,,,,,,,,,,,,,,,,,,,,False,0,,High,,,,,False
,,,,,,,,,,,,,,,,,,,,,,,,,,,False,0,,High,,,,,False
,,,,,,,,,,,,,,,,,,,,,,,,,,,False,0,,High,,,,,False
,,,,,,,,,,,,,,,,,,,,,,,,,,,False,0,,High,,,,,False
,,,,,,,,,,,,,,,,,,,,,,,,,,,False,0,,High,,,,,False
,,,,,,,,,,,,,,,,,,,,,,,,,,,False,0,,High,,,,,False
,,,,,,,,,,,,,,,,,,,,,,,,,,,False,0,,High,,,,,False
,,,,,,,,,,,,,,,,,,,,,,,,,,,False,0,,High,,,,,False
,,,,,,,,,,,,,,,,,,,,,,,,,,,False,0,,High,,,,,False
,,,,,,,,,,,,,,,,,,,,,,,,,,,False,0,,High,,,,,False
,,,,,,,,,,,,,,,,,,,,,,,,,,,False,0,,High,,,,,False
,,,,,,,,,,,,,,,,,,,,,,,,,,,False,0,,High,,,,,False
,,,,,,,,,,,,,,,,,,,,,,,,,,,False,0,,High,,,,,False
,,,,,,,,,,,,,,,,,,,,,,,,,,,False,0,,High,,,,,False
,,,,,,,,,,,,,,,,,,,,,,,,,,,False,0,,High,,,,,False
,,,,,,,,,,,,,,,,,,,,,,,,,,,False,0,,High,,,,,False
,,,,,,,,,,,,,,,,,,,,,,,,,,,False,0,,High,,,,,False
,,,,,,,,,,,,,,,,,,,,,,,,,,,False,0,,High,,,,,False
,,,,,,,,,,,,,,,,,,,,,,,,,,,False,0,,High,,,,,False
,,,,,,,,,,,,,,,,,,,,,,,,,,,False,0,,High,,,,,False
,,,,,,,,,,,,,,,,,,,,,,,,,,,False,0,,High,,,,,False
,,,,,,,,,,,,,,,,,,,,,,,,,,,False,0,,High,,,,,False
,,,,,,,,,,,,,,,,,,,,,,,,,,,False,0,,High,,,,,False
,,,,,,,,,,,,,,,,,,,,,,,,,,,False,0,,High,,,,,False
,,,,,,,,,,,,,,,,,,,,,,,,,,,False,0,,High,,,,,False
,,,,,,,,,,,,,,,,,,,,,,,,,,,False,0,,High,,,,,False
,,,,,,,,,,,,,,,,,,,,,,,,,,,False,0,,High,,,,,False
,,,,,,,,,,,,,,,,,,,,,,,,,,,False,0,,High,,,,,False
,,,,,,,,,,,,,,,,,,,,,,,,,,,False,0,,High,,,,,False
,,,,,,,,,,,,,,,,,,,,,,,,,,,False,0,,High,,,,,False
,,,,,,,,,,,,,,,,,,,,,,,,,,,False,0,,High,,,,,False
,,,,,,,,,,,,,,,,,,,,,,,,,,,False,0,,High,,,,,False
,,,,,,,,,,,,,,,,,,,,,,,,,,,False,0,,High,,,,,False
,,,,,,,,,,,,,,,,,,,,,,,,,,,False,0,,High,,,,,False
,,,,,,,,,,,,,,,,,,,,,,,,,,,False,0,,High,,,,,False
,,,,,,,,,,,,,,,,,,,,,,,,,,,False,0,,High,,,,,False
,,,,,,,,,,,,,,,,,,,,,,,,,,,False,0,,High,,,,,False
,,,,,,,,,,,,,,,,,,,,,,,,,,,False,0,,High,,,,,False
,,,,,,,,,,,,,,,,,,,,,,,,,,,False,0,,High,,,,,False
,,,,,,,,,,,,,,,,,,,,,,,,,,,False,0,,High,,,,,False
,,,,,,,,,,,,,,,,,,,,,,,,,,,False,0,,High,,,,,False
,,,,,,,,,,,,,,,,,,,,,,,,,,,False,0,,High,,,,,False
,,,,,,,,,,,,,,,,,,,,,,,,,,,False,0,,High,,,,,False
,,,,,,,,,,,,,,,,,,,,,,,,,,,False,0,,High,,,,,False
,,,,,,,,,,,,,,,,,,,,,,,,,,,False,0,,High,,,,,False
,,,,,,,,,,,,,,,,,,,,,,,,,,,False,0,,High,,,,,False
,,,,,,,,,,,,,,,,,,,,,,,,,,,False,0,,High,,,,,False
,,,,,,,,,,,,,,,,,,,,,,,,,,,False,0,,High,,,,,False
,,,,,,,,,,,,,,,,,,,,,,,,,,,False,0,,High,,,,,False
,,,,,,,,,,,,,,,,,,,,,,,,,,,False,0,,High,,,,,False
,,,,,,,,,,,,,,,,,,,,,,,,,,,False,0,,High,,,,,False
,,,,,,,,,,,,,,,,,,,,,,,,,,,False,0,,High,,,,,False
,,,,,,,,,,,,,,,,,,,,,,,,,,,False,0,,High,,,,,False
,,,,,,,,,,,,,,,,,,,,,,,,,,,False,0,,High,,,,,False
,,,,,,,,,,,,,,,,,,,,,,,,,,,False,0,,High,,,,,False
,,,,,,,,,,,,,,,,,,,,,,,,,,,False,0,,High,,,,,False
,,,,,,,,,,,,,,,,,,,,,,,,,,,False,0,,High,,,,,False
,,,,,,,,,,,,,,,,,,,,,,,,,,,False,0,,High,,,,,False
,,,,,,,,,,,,,,,,,,,,,,,,,,,False,0,,High,,,,,False
,,,,,,,,,,,,,,,,,,,,,,,,,,,False,0,,High,,,,,False
,,,,,,,,,,,,,,,,,,,,,,,,,,,False,0,,High,,,,,False
,,,,,,,,,,,,,,,,,,,,,,,,,,,False,0,,High,,,,,False
,,,,,,,,,,,,,,,,,,,,,,,,,,,False,0,,High,,,,,False
,,,,,,,,,,,,,,,,,,,,,,,,,,,False,0,,High,,,,,False
,,,,,,,,,,,,,,,,,,,,,,,,,,,False,0,,High,,,,,False
,,,,,,,,,,,,,,,,,,,,,,,,,,,False,0,,High,,,,,False
,,,,,,,,,,,,,,,,,,,,,,,,,,,False,0,,High,,,,,False
,,,,,,,,,,,,,,,,,,,,,,,,,,,False,0,,High,,,,,False
,,,,,,,,,,,,,,,,,,,,,,,,,,,False,0,,High,,,,,False
,,,,,,,,,,,,,,,,,,,,,,,,,,,False,0,,High,,,,,False
,,,,,,,,,,,,,,,,,,,,,,,,,,,False,0,,High,,,,,False
,,,,,,,,,,,,,,,,,,,,,,,,,,,False,0,,High,,,,,False
,,,,,,,,,,,,,,,,,,,,,,,,,,,False,0,,High,,,,,False
,,,,,,,,,,,,,,,,,,,,,,,,,,,False,0,,High,,,,,False
,,,,,,,,,,,,,,,,,,,,,,,,,,,False,0,,High,,,,,False
,,,,,,,,,,,,,,,,,,,,,,,,,,,False,0,,High,,,,,False
,,,,,,,,,,,,,,,,,,,,,,,,,,,False,0,,High,,,,,False
,,,,,,,,,,,,,,,,,,,,,,,,,,,False,0,,High,,,,,False
,,,,,,,,,,,,,,,,,,,,,,,,,,,False,0,,High,,,,,False
,,,,,,,,,,,,,,,,,,,,,,,,,,,False,0,,High,,,,,False
,,,,,,,,,,,,,,,,,,,,,,,,,,,False,0,,High,,,,,False
,,,,,,,,,,,,,,,,,,,,,,,,,,,False,0,,High,,,,,False
,,,,,,,,,,,,,,,,,,,,,,,,,,,False,0,,High,,,,,False
,,,,,,,,,,,,,,,,,,,,,,,,,,,False,0,,High,,,,,False
,,,,,,,,,,,,,,,,,,,,,,,,,,,False,0,,High,,,,,False
,,,,,,,,,,,,,,,,,,,,,,,,,,,False,0,,High,,,,,False
,,,,,,,,,,,,,,,,,,,,,,,,,,,False,0,,High,,,,,False
,,,,,,,,,,,,,,,,,,,,,,,,,,,False,0,,High,,,,,False
,,,,,,,,,,,,,,,,,,,,,,,,,,,False,0,,High,,,,,False
,,,,,,,,,,,,,,,,,,,,,,,,,,,False,0,,High,,,,,False
,,,,,,,,,,,,,,,,,,,,,,,,,,,False,0,,High,,,,,False
,,,,,,,,,,,,,,,,,,,,,,,,,,,False,0,,High,,,,,False
,,,,,,,,,,,,,,,,,,,,,,,,,,,False,0,,High,,,,,False
,,,,,,,,,,,,,,,,,,,,,,,,,,,False,0,,High,,,,,False
,,,,,,,,,,,,,,,,,,,,,,,,,,,False,0,,High,,,,,False
,,,,,,,,,,,,,,,,,,,,,,,,,,,False,0,,High,,,,,False
,,,,,,,,,,,,,,,,,,,,,,,,,,,False,0,,High,,,,,False
,,,,,,,,,,,,,,,,,,,,,,,,,,,False,0,,High,,,,,False
,,,,,,,,,,,,,,,,,,,,,,,,,,,False,0,,High,,,,,False
,,,,,,,,,,,,,,,,,,,,,,,,,,,False,0,,High,,,,,False
,,,,,,,,,,,,,,,,,,,,,,,,,,,False,0,,High,,,,,False
,,,,,,,,,,,,,,,,,,,,,,,,,,,False,0,,High,,,,,False
,,,,,,,,,,,,,,,,,,,,,,,,,,,False,0,,High,,,,,False
,,,,,,,,,,,,,,,,,,,,,,,,,,,False,0,,High,,,,,False
,,,,,,,,,,,,,,,,,,,,,,,,,,,False,0,,High,,,,,False
,,,,,,,,,,,,,,,,,,,,,,,,,,,False,0,,High,,,,,False
,,,,,,,,,,,,,,,,,,,,,,,,,,,False,0,,High,,,,,False
,,,,,,,,,,,,,,,,,,,,,,,,,,,False,0,,High,,,,,False
,,,,,,,,,,,,,,,,,,,,,,,,,,,False,0,,High,,,,,False
,,,,,,,,,,,,,,,,,,,,,,,,,,,False,0,,High,,,,,False
,,,,,,,,,,,,,,,,,,,,,,,,,,,False,0,,High,,,,,False
,,,,,,,,,,,,,,,,,,,,,,,,,,,False,0,,High,,,,,False
,,,,,,,,,,,,,,,,,,,,,,,,,,,False,0,,High,,,,,False
,,,,,,,,,,,,,,,,,,,,,,,,,,,False,0,,High,,,,,False
,,,,,,,,,,,,,,,,,,,,,,,,,,,False,0,,High,,,,,False
,,,,,,,,,,,,,,,,,,,,,,,,,,,False,0,,High,,,,,False
,,,,,,,,,,,,,,,,,,,,,,,,,,,False,0,,High,,,,,False
,,,,,,,,,,,,,,,,,,,,,,,,,,,False,0,,High,,,,,False
,,,,,,,,,,,,,,,,,,,,,,,,,,,False,0,,High,,,,,False
,,,,,,,,,,,,,,,,,,,,,,,,,,,False,0,,High,,,,,False
,,,,,,,,,,,,,,,,,,,,,,,,,,,False,0,,High,,,,,False
,,,,,,,,,,,,,,,,,,,,,,,,,,,False,0,,High,,,,,False
,,,,,,,,,,,,,,,,,,,,,,,,,,,False,0,,High,,,,,False
,,,,,,,,,,,,,,,,,,,,,,,,,,,False,0,,High,,,,,False
,,,,,,,,,,,,,,,,,,,,,,,,,,,False,0,,High,,,,,False
,,,,,,,,,,,,,,,,,,,,,,,,,,,False,0,,High,,,,,False
,,,,,,,,,,,,,,,,,,,,,,,,,,,False,0,,High,,,,,False
,,,,,,,,,,,,,,,,,,,,,,,,,,,False,0,,High,,,,,False
,,,,,,,,,,,,,,,,,,,,,,,,,,,False,0,,High,,,,,False
,,,,,,,,,,,,,,,,,,,,,,,,,,,False,0,,High,,,,,False
,,,,,,,,,,,,,,,,,,,,,,,,,,,False,0,,High,,,,,False
,,,,,,,,,,,,,,,,,,,,,,,,,,,False,0,,High,,,,,False
,,,,,,,,,,,,,,,,,,,,,,,,,,,False,0,,High,,,,,False
,,,,,,,,,,,,,,,,,,,,,,,,,,,False,0,,High,,,,,False
,,,,,,,,,,,,,,,,,,,,,,,,,,,False,0,,High,,,,,False
,,,,,,,,,,,,,,,,,,,,,,,,,,,False,0,,High,,,,,False
,,,,,,,,,,,,,,,,,,,,,,,,,,,False,0,,High,,,,,False
,,,,,,,,,,,,,,,,,,,,,,,,,,,False,0,,High,,,,,False
,,,,,,,,,,,,,,,,,,,,,,,,,,,False,0,,High,,,,,False
,,,,,,,,,,,,,,,,,,,,,,,,,,,False,0,,High,,,,,False
,,,,,,,,,,,,,,,,,,,,,,,,,,,False,0,,High,,,,,False
,,,,,,,,,,,,,,,,,,,,,,,,,,,False,0,,High,,,,,False
,,,,,,,,,,,,,,,,,,,,,,,,,,,False,0,,High,,,,,False
,,,,,,,,,,,,,,,,,,,,,,,,,,,False,0,,High,,,,,False
,,,,,,,,,,,,,,,,,,,,,,,,,,,False,0,,High,,,,,False
,,,,,,,,,,,,,,,,,,,,,,,,,,,False,0,,High,,,,,False
,,,,,,,,,,,,,,,,,,,,,,,,,,,False,0,,High,,,,,False
,,,,,,,,,,,,,,,,,,,,,,,,,,,False,0,,High,,,,,False
,,,,,,,,,,,,,,,,,,,,,,,,,,,False,0,,High,,,,,False
,,,,,,,,,,,,,,,,,,,,,,,,,,,False,0,,High,,,,,False
,,,,,,,,,,,,,,,,,,,,,,,,,,,False,0,,High,,,,,False
,,,,,,,,,,,,,,,,,,,,,,,,,,,False,0,,High,,,,,False
,,,,,,,,,,,,,,,,,,,,,,,,,,,False,0,,High,,,,,False
,,,,,,,,,,,,,,,,,,,,,,,,,,,False,0,,High,,,,,False
,,,,,,,,,,,,,,,,,,,,,,,,,,,False,0,,High,,,,,False
,,,,,,,,,,,,,,,,,,,,,,,,,,,False,0,,High,,,,,False
,,,,,,,,,,,,,,,,,,,,,,,,,,,False,0,,High,,,,,False
,,,,,,,,,,,,,,,,,,,,,,,,,,,False,0,,High,,,,,False
,,,,,,,,,,,,,,,,,,,,,,,,,,,False,0,,High,,,,,False
,,,,,,,,,,,,,,,,,,,,,,,,,,,False,0,,High,,,,,False
,,,,,,,,,,,,,,,,,,,,,,,,,,,False,0,,High,,,,,False
,,,,,,,,,,,,,,,,,,,,,,,,,,,False,0,,High,,,,,False
,,,,,,,,,,,,,,,,,,,,,,,,,,,False,0,,High,,,,,False
,,,,,,,,,,,,,,,,,,,,,,,,,,,False,0,,High,,,,,False
,,,,,,,,,,,,,,,,,,,,,,,,,,,False,0,,High,,,,,False
,,,,,,,,,,,,,,,,,,,,,,,,,,,False,0,,High,,,,,False
,,,,,,,,,,,,,,,,,,,,,,,,,,,False,0,,High,,,,,False
,,,,,,,,,,,,,,,,,,,,,,,,,,,False,0,,High,,,,,False
,,,,,,,,,,,,,,,,,,,,,,,,,,,False,0,,High,,,,,False
,,,,,,,,,,,,,,,,,,,,,,,,,,,False,0,,High,,,,,False
,,,,,,,,,,,,,,,,,,,,,,,,,,,False,0,,High,,,,,False
,,,,,,,,,,,,,,,,,,,,,,,,,,,False,0,,High,,,,,False
,,,,,,,,,,,,,,,,,,,,,,,,,,,False,0,,High,,,,,False
,,,,,,,,,,,,,,,,,,,,,,,,,,,False,0,,High,,,,,False
,,,,,,,,,,,,,,,,,,,,,,,,,,,False,0,,High,,,,,False
,,,,,,,,,,,,,,,,,,,,,,,,,,,False,0,,High,,,,,False
,,,,,,,,,,,,,,,,,,,,,,,,,,,False,0,,High,,,,,False
,,,,,,,,,,,,,,,,,,,,,,,,,,,False,0,,High,,,,,False
,,,,,,,,,,,,,,,,,,,,,,,,,,,False,0,,High,,,,,False
,,,,,,,,,,,,,,,,,,,,,,,,,,,False,0,,High,,,,,False
,,,,,,,,,,,,,,,,,,,,,,,,,,,False,0,,High,,,,,False
,,,,,,,,,,,,,,,,,,,,,,,,,,,False,0,,High,,,,,False
,,,,,,,,,,,,,,,,,,,,,,,,,,,False,0,,High,,,,,False
,,,,,,,,,,,,,,,,,,,,,,,,,,,False,0,,High,,,,,False
,,,,,,,,,,,,,,,,,,,,,,,,,,,False,0,,High,,,,,False
,,,,,,,,,,,,,,,,,,,,,,,,,,,False,0,,High,,,,,False
,,,,,,,,,,,,,,,,,,,,,,,,,,,False,0,,High,,,,,False
,,,,,,,,,,,,,,,,,,,,,,,,,,,False,0,,High,,,,,False
,,,,,,,,,,,,,,,,,,,,,,,,,,,False,0,,High,,,,,False
,,,,,,,,,,,,,,,,,,,,,,,,,,,False,0,,High,,,,,False
,,,,,,,,,,,,,,,,,,,,,,,,,,,False,0,,High,,,,,False
,,,,,,,,,,,,,,,,,,,,,,,,,,,False,0,,High,,,,,False
,,,,,,,,,,,,,,,,,,,,,,,,,,,False,0,,High,,,,,False
,,,,,,,,,,,,,,,,,,,,,,,,,,,False,0,,High,,,,,False
,,,,,,,,,,,,,,,,,,,,,,,,,,,False,0,,High,,,,,False
,,,,,,,,,,,,,,,,,,,,,,,,,,,False,0,,High,,,,,False
,,,,,,,,,,,,,,,,,,,,,,,,,,,False,0,,High,,,,,False
,,,,,,,,,,,,,,,,,,,,,,,,,,,False,0,,High,,,,,False
,,,,,,,,,,,,,,,,,,,,,,,,,,,False,0,,High,,,,,False
,,,,,,,,,,,,,,,,,,,,,,,,,,,False,0,,High,,,,,False
,,,,,,,,,,,,,,,,,,,,,,,,,,,False,0,,High,,,,,False
,,,,,,,,,,,,,,,,,,,,,,,,,,,False,0,,High,,,,,False
,,,,,,,,,,,,,,,,,,,,,,,,,,,False,0,,High,,,,,False
,,,,,,,,,,,,,,,,,,,,,,,,,,,False,0,,High,,,,,False
,,,,,,,,,,,,,,,,,,,,,,,,,,,False,0,,High,,,,,False
,,,,,,,,,,,,,,,,,,,,,,,,,,,False,0,,High,,,,,False
,,,,,,,,,,,,,,,,,,,,,,,,,,,False,0,,High,,,,,False
,,,,,,,,,,,,,,,,,,,,,,,,,,,False,0,,High,,,,,False
,,,,,,,,,,,,,,,,,,,,,,,,,,,False,0,,High,,,,,False
,,,,,,,,,,,,,,,,,,,,,,,,,,,False,0,,High,,,,,False
,,,,,,,,,,,,,,,,,,,,,,,,,,,False,0,,High,,,,,False
,,,,,,,,,,,,,,,,,,,,,,,,,,,False,0,,High,,,,,False
,,,,,,,,,,,,,,,,,,,,,,,,,,,False,0,,High,,,,,False
,,,,,,,,,,,,,,,,,,,,,,,,,,,False,0,,High,,,,,False
,,,,,,,,,,,,,,,,,,,,,,,,,,,False,0,,High,,,,,False
,,,,,,,,,,,,,,,,,,,,,,,,,,,False,0,,High,,,,,False
,,,,,,,,,,,,,,,,,,,,,,,,,,,False,0,,High,,,,,False
,,,,,,,,,,,,,,,,,,,,,,,,,,,False,0,,High,,,,,False
,,,,,,,,,,,,,,,,,,,,,,,,,,,False,0,,High,,,,,False
,,,,,,,,,,,,,,,,,,,,,,,,,,,False,0,,High,,,,,False
,,,,,,,,,,,,,,,,,,,,,,,,,,,False,0,,High,,,,,False
,,,,,,,,,,,,,,,,,,,,,,,,,,,False,0,,High,,,,,False
,,,,,,,,,,,,,,,,,,,,,,,,,,,False,0,,High,,,,,False
,,,,,,,,,,,,,,,,,,,,,,,,,,,False,0,,High,,,,,False
,,,,,,,,,,,,,,,,,,,,,,,,,,,False,0,,High,,,,,False
,,,,,,,,,,,,,,,,,,,,,,,,,,,False,0,,High,,,,,False
,,,,,,,,,,,,,,,,,,,,,,,,,,,False,0,,High,,,,,False
,,,,,,,,,,,,,,,,,,,,,,,,,,,False,0,,High,,,,,False
,,,,,,,,,,,,,,,,,,,,,,,,,,,False,0,,High,,,,,False
,,,,,,,,,,,,,,,,,,,,,,,,,,,False,0,,High,,,,,False
,,,,,,,,,,,,,,,,,,,,,,,,,,,False,0,,High,,,,,False
,,,,,,,,,,,,,,,,,,,,,,,,,,,False,0,,High,,,,,False
,,,,,,,,,,,,,,,,,,,,,,,,,,,False,0,,High,,,,,False
,,,,,,,,,,,,,,,,,,,,,,,,,,,False,0,,High,,,,,False
,,,,,,,,,,,,,,,,,,,,,,,,,,,False,0,,High,,,,,False
,,,,,,,,,,,,,,,,,,,,,,,,,,,False,0,,High,,,,,False
,,,,,,,,,,,,,,,,,,,,,,,,,,,False,0,,High,,,,,False
,,,,,,,,,,,,,,,,,,,,,,,,,,,False,0,,High,,,,,False
,,,,,,,,,,,,,,,,,,,,,,,,,,,False,0,,High,,,,,False
,,,,,,,,,,,,,,,,,,,,,,,,,,,False,0,,High,,,,,False
,,,,,,,,,,,,,,,,,,,,,,,,,,,False,0,,High,,,,,False
,,,,,,,,,,,,,,,,,,,,,,,,,,,False,0,,High,,,,,False
,,,,,,,,,,,,,,,,,,,,,,,,,,,False,0,,High,,,,,False
,,,,,,,,,,,,,,,,,,,,,,,,,,,False,0,,High,,,,,False
,,,,,,,,,,,,,,,,,,,,,,,,,,,False,0,,High,,,,,False
,,,,,,,,,,,,,,,,,,,,,,,,,,,False,0,,High,,,,,False
,,,,,,,,,,,,,,,,,,,,,,,,,,,False,0,,High,,,,,False
,,,,,,,,,,,,,,,,,,,,,,,,,,,False,0,,High,,,,,False
,,,,,,,,,,,,,,,,,,,,,,,,,,,False,0,,High,,,,,False
,,,,,,,,,,,,,,,,,,,,,,,,,,,False,0,,High,,,,,False
,,,,,,,,,,,,,,,,,,,,,,,,,,,False,0,,High,,,,,False
,,,,,,,,,,,,,,,,,,,,,,,,,,,False,0,,High,,,,,False
,,,,,,,,,,,,,,,,,,,,,,,,,,,False,0,,High,,,,,False
,,,,,,,,,,,,,,,,,,,,,,,,,,,False,0,,High,,,,,False
,,,,,,,,,,,,,,,,,,,,,,,,,,,False,0,,High,,,,,False
,,,,,,,,,,,,,,,,,,,,,,,,,,,False,0,,High,,,,,False
,,,,,,,,,,,,,,,,,,,,,,,,,,,False,0,,High,,,,,False
,,,,,,,,,,,,,,,,,,,,,,,,,,,False,0,,High,,,,,False
,,,,,,,,,,,,,,,,,,,,,,,,,,,False,0,,High,,,,,False
,,,,,,,,,,,,,,,,,,,,,,,,,,,False,0,,High,,,,,False
,,,,,,,,,,,,,,,,,,,,,,,,,,,False,0,,High,,,,,False
,,,,,,,,,,,,,,,,,,,,,,,,,,,False,0,,High,,,,,False
,,,,,,,,,,,,,,,,,,,,,,,,,,,False,0,,High,,,,,False
,,,,,,,,,,,,,,,,,,,,,,,,,,,False,0,,High,,,,,False
,,,,,,,,,,,,,,,,,,,,,,,,,,,False,0,,High,,,,,False
,,,,,,,,,,,,,,,,,,,,,,,,,,,False,0,,High,,,,,False
,,,,,,,,,,,,,,,,,,,,,,,,,,,False,0,,High,,,,,False
,,,,,,,,,,,,,,,,,,,,,,,,,,,False,0,,High,,,,,False
,,,,,,,,,,,,,,,,,,,,,,,,,,,False,0,,High,,,,,False
,,,,,,,,,,,,,,,,,,,,,,,,,,,False,0,,High,,,,,False
,,,,,,,,,,,,,,,,,,,,,,,,,,,False,0,,High,,,,,False
,,,,,,,,,,,,,,,,,,,,,,,,,,,False,0,,High,,,,,False
,,,,,,,,,,,,,,,,,,,,,,,,,,,False,0,,High,,,,,False
,,,,,,,,,,,,,,,,,,,,,,,,,,,False,0,,High,,,,,False
,,,,,,,,,,,,,,,,,,,,,,,,,,,False,0,,High,,,,,False
,,,,,,,,,,,,,,,,,,,,,,,,,,,False,0,,High,,,,,False
,,,,,,,,,,,,,,,,,,,,,,,,,,,False,0,,High,,,,,False
,,,,,,,,,,,,,,,,,,,,,,,,,,,False,0,,High,,,,,False
,,,,,,,,,,,,,,,,,,,,,,,,,,,False,0,,High,,,,,False
,,,,,,,,,,,,,,,,,,,,,,,,,,,False,0,,High,,,,,False
,,,,,,,,,,,,,,,,,,,,,,,,,,,False,0,,High,,,,,False
,,,,,,,,,,,,,,,,,,,,,,,,,,,False,0,,High,,,,,False
,,,,,,,,,,,,,,,,,,,,,,,,,,,False,0,,High,,,,,False
,,,,,,,,,,,,,,,,,,,,,,,,,,,False,0,,High,,,,,False
,,,,,,,,,,,,,,,,,,,,,,,,,,,False,0,,High,,,,,False
,,,,,,,,,,,,,,,,,,,,,,,,,,,False,0,,High,,,,,False
,,,,,,,,,,,,,,,,,,,,,,,,,,,False,0,,High,,,,,False
,,,,,,,,,,,,,,,,,,,,,,,,,,,False,0,,High,,,,,False
,,,,,,,,,,,,,,,,,,,,,,,,,,,False,0,,High,,,,,False
,,,,,,,,,,,,,,,,,,,,,,,,,,,False,0,,High,,,,,False
,,,,,,,,,,,,,,,,,,,,,,,,,,,False,0,,High,,,,,False
,,,,,,,,,,,,,,,,,,,,,,,,,,,False,0,,High,,,,,False
,,,,,,,,,,,,,,,,,,,,,,,,,,,False,0,,High,,,,,False
,,,,,,,,,,,,,,,,,,,,,,,,,,,False,0,,High,,,,,False
,,,,,,,,,,,,,,,,,,,,,,,,,,,False,0,,High,,,,,False
,,,,,,,,,,,,,,,,,,,,,,,,,,,False,0,,High,,,,,False
,,,,,,,,,,,,,,,,,,,,,,,,,,,False,0,,High,,,,,False
,,,,,,,,,,,,,,,,,,,,,,,,,,,False,0,,High,,,,,False
,,,,,,,,,,,,,,,,,,,,,,,,,,,False,0,,High,,,,,False
,,,,,,,,,,,,,,,,,,,,,,,,,,,False,0,,High,,,,,False
,,,,,,,,,,,,,,,,,,,,,,,,,,,False,0,,High,,,,,False
,,,,,,,,,,,,,,,,,,,,,,,,,,,False,0,,High,,,,,False
,,,,,,,,,,,,,,,,,,,,,,,,,,,False,0,,High,,,,,False
,,,,,,,,,,,,,,,,,,,,,,,,,,,False,0,,High,,,,,False
,,,,,,,,,,,,,,,,,,,,,,,,,,,False,0,,High,,,,,False
,,,,,,,,,,,,,,,,,,,,,,,,,,,False,0,,High,,,,,False
,,,,,,,,,,,,,,,,,,,,,,,,,,,False,0,,High,,,,,False
,,,,,,,,,,,,,,,,,,,,,,,,,,,False,0,,High,,,,,False
,,,,,,,,,,,,,,,,,,,,,,,,,,,False,0,,High,,,,,False
,,,,,,,,,,,,,,,,,,,,,,,,,,,False,0,,High,,,,,False
,,,,,,,,,,,,,,,,,,,,,,,,,,,False,0,,High,,,,,False
,,,,,,,,,,,,,,,,,,,,,,,,,,,False,0,,High,,,,,False
,,,,,,,,,,,,,,,,,,,,,,,,,,,False,0,,High,,,,,False
,,,,,,,,,,,,,,,,,,,,,,,,,,,False,0,,High,,,,,False
,,,,,,,,,,,,,,,,,,,,,,,,,,,False,0,,High,,,,,False
,,,,,,,,,,,,,,,,,,,,,,,,,,,False,0,,High,,,,,False
