Date,CBP_Intake,CBP_Custody,Transferred_to_HHS,HHS_Care,Discharged,Stage_1_CBP,Stage_2_HHS,Stage_3_Sponsor,Movement_CBP_to_HHS,Movement_HHS_to_Sponsor,Transfer_Efficiency_%,Discharge_Efficiency_%,Pipeline_Throughput_%,CBP_Backlog_Change,HHS_Backlog_Change,Pipeline_Pressure,Placement_Ratio_%,Intake_7Day_Avg,Transfer_7Day_Avg,Discharge_7Day_Avg,Month
2023-01-12,33.0,53.0,34.0,6566.0,436.0,53.0,"6,566",436.0,34.0,436.0,103.03030303030303,6.640268047517514,1321.2121212121212,-1.0,-402.0,6619.0,1282.3529411764707,33.0,34.0,436.0,2023-01
2023-01-22,32.0,49.0,39.0,7122.0,227.0,49.0,"7,122",227.0,39.0,227.0,121.875,3.1873069362538615,709.375,-7.0,-188.0,7171.0,582.051282051282,32.5,36.5,331.5,2023-01
2023-01-23,32.0,50.0,39.0,7280.0,181.0,50.0,"7,280",181.0,39.0,181.0,121.875,2.4862637362637363,565.625,-7.0,-142.0,7330.0,464.10256410256414,32.333333333333336,37.333333333333336,281.3333333333333,2023-01
2023-01-24,47.0,42.0,47.0,7433.0,175.0,42.0,"7,433",175.0,47.0,175.0,100.0,2.3543656666218213,372.3404255319149,0.0,-128.0,7475.0,372.3404255319149,36.0,39.75,254.75,2023-01
2023-01-25,20.0,22.0,41.0,7538.0,180.0,22.0,"7,538",180.0,41.0,180.0,204.99999999999997,2.387901300079597,900.0,-21.0,-139.0,7560.0,439.0243902439025,32.8,40.0,239.8,2023-01
2023-01-29,23.0,45.0,11.0,7472.0,303.0,45.0,"7,472",303.0,11.0,303.0,47.82608695652174,4.055139186295503,1317.3913043478262,12.0,-292.0,7517.0,2754.5454545454545,31.166666666666668,35.166666666666664,250.33333333333334,2023-01
2023-01-30,34.0,54.0,29.0,7743.0,196.0,54.0,"7,743",196.0,29.0,196.0,85.29411764705883,2.5313186103577427,576.4705882352941,5.0,-167.0,7797.0,675.8620689655172,31.571428571428573,34.285714285714285,242.57142857142858,2023-01
2023-01-31,26.0,36.0,36.0,7803.0,158.0,36.0,"7,803",158.0,36.0,158.0,138.46153846153845,2.0248622324746894,607.6923076923076,-10.0,-122.0,7839.0,438.8888888888889,30.571428571428573,34.57142857142857,202.85714285714286,2023-01
2023-02-01,25.0,32.0,27.0,7903.0,231.0,32.0,"7,903",231.0,27.0,231.0,108.0,2.9229406554472983,924.0,-2.0,-204.0,7935.0,855.5555555555555,29.571428571428573,32.857142857142854,203.42857142857142,2023-02
2023-02-02,15.0,13.0,23.0,7879.0,298.0,13.0,"7,879",298.0,23.0,298.0,153.33333333333334,3.782205863688285,1986.6666666666667,-8.0,-275.0,7892.0,1295.6521739130435,27.142857142857142,30.571428571428573,220.14285714285714,2023-02
2023-02-05,16.0,18.0,15.0,7586.0,342.0,18.0,"7,586",342.0,15.0,342.0,93.75,4.508304771948326,2137.5,1.0,-327.0,7604.0,2280.0,22.714285714285715,26.0,244.0,2023-02
2023-02-06,11.0,22.0,12.0,7720.0,196.0,22.0,"7,720",196.0,12.0,196.0,109.09090909090908,2.5388601036269427,1781.8181818181818,-1.0,-184.0,7742.0,1633.3333333333333,21.428571428571427,21.857142857142858,246.28571428571428,2023-02
2023-02-07,16.0,20.0,20.0,7855.0,200.0,20.0,"7,855",200.0,20.0,200.0,125.0,2.546148949713558,1250.0,-4.0,-180.0,7875.0,1000.0,20.428571428571427,23.142857142857142,231.57142857142858,2023-02
2023-02-08,93.0,196.0,169.0,7915.0,317.0,196.0,"7,915",317.0,169.0,317.0,181.72043010752688,4.005053695514845,340.86021505376345,-76.0,-148.0,8111.0,187.57396449704143,28.857142857142858,43.142857142857146,248.85714285714286,2023-02
2023-02-09,124.0,234.0,161.0,7908.0,353.0,234.0,"7,908",353.0,161.0,353.0,129.83870967741936,4.463834092058675,284.6774193548387,-37.0,-192.0,8142.0,219.25465838509317,42.857142857142854,61.0,276.7142857142857,2023-02
2023-02-12,92.0,203.0,173.0,7434.0,317.0,203.0,"7,434",317.0,173.0,317.0,188.04347826086956,4.264191552327146,344.5652173913044,-81.0,-144.0,7637.0,183.23699421965318,52.42857142857143,81.85714285714286,289.0,2023-02
2023-02-13,186.0,259.0,172.0,7483.0,244.0,259.0,"7,483",244.0,172.0,244.0,92.47311827956989,3.2607243084324473,131.18279569892474,14.0,-72.0,7742.0,141.86046511627907,76.85714285714286,103.14285714285714,281.2857142857143,2023-02
2023-02-14,154.0,225.0,220.0,7794.0,223.0,225.0,"7,794",223.0,220.0,223.0,142.85714285714286,2.861175263022838,144.80519480519482,-66.0,-3.0,8019.0,101.36363636363637,96.57142857142857,132.42857142857142,264.2857142857143,2023-02
2023-02-15,91.0,199.0,172.0,7869.0,290.0,199.0,"7,869",290.0,172.0,290.0,189.010989010989,3.6853475663997965,318.68131868131866,-81.0,-118.0,8068.0,168.6046511627907,108.0,155.28571428571428,277.7142857142857,2023-02
2023-02-16,81.0,213.0,153.0,7793.0,361.0,213.0,"7,793",361.0,153.0,361.0,188.88888888888889,4.632362376491724,445.67901234567904,-72.0,-208.0,8006.0,235.94771241830065,117.28571428571429,174.28571428571428,300.7142857142857,2023-02
2023-02-20,209.0,285.0,184.0,7817.0,209.0,285.0,"7,817",209.0,184.0,209.0,88.03827751196172,2.673659971856211,100.0,25.0,-25.0,8102.0,113.58695652173914,133.85714285714286,176.42857142857142,285.2857142857143,2023-02
2023-02-21,184.0,314.0,217.0,7967.0,213.0,314.0,"7,967",213.0,217.0,213.0,117.93478260869566,2.673528304255052,115.76086956521738,-33.0,4.0,8281.0,98.15668202764977,142.42857142857142,184.42857142857142,265.2857142857143,2023-02
2023-02-22,107.0,215.0,230.0,7978.0,232.0,215.0,"7,978",232.0,230.0,232.0,214.9532710280374,2.90799699172725,216.82242990654203,-123.0,-2.0,8193.0,100.8695652173913,144.57142857142858,192.57142857142858,253.14285714285714,2023-02
2023-02-23,101.0,162.0,178.0,7914.0,386.0,162.0,"7,914",386.0,178.0,386.0,176.23762376237624,4.877432398281526,382.17821782178214,-77.0,-208.0,8076.0,216.85393258426967,132.42857142857142,193.42857142857142,273.42857142857144,2023-02
2023-02-26,99.0,190.0,176.0,7609.0,323.0,190.0,"7,609",323.0,176.0,323.0,177.77777777777777,4.244973058220528,326.26262626262627,-77.0,-147.0,7799.0,183.52272727272728,124.57142857142857,187.14285714285714,287.7142857142857,2023-02
2023-02-27,167.0,239.0,166.0,7800.0,248.0,239.0,"7,800",248.0,166.0,248.0,99.40119760479041,3.1794871794871797,148.50299401197603,1.0,-82.0,8039.0,149.39759036144576,135.42857142857142,186.28571428571428,281.7142857142857,2023-02
2023-02-28,115.0,216.0,169.0,7896.0,200.0,216.0,"7,896",200.0,169.0,200.0,146.95652173913044,2.532928064842958,173.91304347826087,-54.0,-31.0,8112.0,118.34319526627219,140.28571428571428,188.57142857142858,258.7142857142857,2023-02
2023-03-01,84.0,158.0,193.0,7930.0,307.0,158.0,"7,930",307.0,193.0,307.0,229.76190476190476,3.871374527112232,365.4761904761905,-109.0,-114.0,8088.0,159.06735751295338,122.42857142857143,189.85714285714286,272.7142857142857,2023-03
2023-03-02,130.0,227.0,192.0,7870.0,335.0,227.0,"7,870",335.0,192.0,335.0,147.6923076923077,4.256670902160101,257.69230769230774,-62.0,-143.0,8097.0,174.47916666666669,114.71428571428571,186.28571428571428,290.14285714285717,2023-03
2023-03-07,88.0,214.0,160.0,7859.0,259.0,214.0,"7,859",259.0,160.0,259.0,181.8181818181818,3.295584679984731,294.3181818181818,-72.0,-99.0,8073.0,161.875,112.0,176.28571428571428,294.0,2023-03
2023-03-08,113.0,208.0,159.0,7885.0,291.0,208.0,"7,885",291.0,159.0,291.0,140.7079646017699,3.690551680405834,257.5221238938053,-46.0,-132.0,8093.0,183.0188679245283,113.71428571428571,173.57142857142858,280.42857142857144,2023-03
2023-03-09,174.0,285.0,150.0,7786.0,340.0,285.0,"7,786",340.0,150.0,340.0,86.20689655172413,4.366812227074235,195.4022988505747,24.0,-190.0,8071.0,226.66666666666666,124.42857142857143,169.85714285714286,282.85714285714283,2023-03
2023-03-13,104.0,230.0,206.0,7567.0,249.0,230.0,"7,567",249.0,206.0,249.0,198.0769230769231,3.2906039381525045,239.4230769230769,-102.0,-43.0,7797.0,120.87378640776699,115.42857142857143,175.57142857142858,283.0,2023-03
2023-03-14,147.0,276.0,214.0,7810.0,181.0,276.0,"7,810",181.0,214.0,181.0,145.57823129251702,2.317541613316261,123.12925170068027,-67.0,33.0,8086.0,84.57943925233646,120.0,182.0,280.2857142857143,2023-03
2023-03-15,108.0,220.0,213.0,7915.0,286.0,220.0,"7,915",286.0,213.0,286.0,197.22222222222223,3.6133922931143396,264.81481481481484,-105.0,-73.0,8135.0,134.27230046948358,123.42857142857143,184.85714285714286,277.2857142857143,2023-03
2023-03-16,180.0,280.0,146.0,7989.0,308.0,280.0,"7,989",308.0,146.0,308.0,81.11111111111111,3.855301038928527,171.11111111111111,34.0,-162.0,8269.0,210.95890410958904,130.57142857142858,178.28571428571428,273.42857142857144,2023-03
2023-03-19,134.0,294.0,186.0,7885.0,306.0,294.0,"7,885",306.0,186.0,306.0,138.80597014925374,3.8807863031071657,228.3582089552239,-52.0,-120.0,8179.0,164.51612903225808,137.14285714285714,182.0,280.14285714285717,2023-03
2023-03-20,202.0,313.0,158.0,7931.0,279.0,313.0,"7,931",279.0,158.0,279.0,78.21782178217822,3.517841381919052,138.1188118811881,44.0,-121.0,8244.0,176.58227848101268,149.85714285714286,181.85714285714286,278.42857142857144,2023-03
2023-03-21,110.0,272.0,193.0,8050.0,221.0,272.0,"8,050",221.0,193.0,221.0,175.45454545454547,2.745341614906832,200.90909090909093,-83.0,-28.0,8322.0,114.5077720207254,140.71428571428572,188.0,261.42857142857144,2023-03
2023-03-22,166.0,277.0,229.0,8097.0,246.0,277.0,"8,097",246.0,229.0,246.0,137.95180722891567,3.038162282326788,148.19277108433735,-63.0,-17.0,8374.0,107.4235807860262,149.57142857142858,191.28571428571428,261.0,2023-03
2023-03-23,136.0,276.0,178.0,8102.0,331.0,276.0,"8,102",331.0,178.0,331.0,130.88235294117646,4.0854110096272525,243.38235294117646,-42.0,-153.0,8378.0,185.95505617977528,148.0,186.14285714285714,282.42857142857144,2023-03
2023-03-26,87.0,246.0,173.0,7847.0,352.0,246.0,"7,847",352.0,173.0,352.0,198.85057471264366,4.485790748056582,404.59770114942535,-86.0,-179.0,8093.0,203.46820809248553,145.0,180.42857142857142,291.85714285714283,2023-03
2023-03-27,84.0,171.0,157.0,7994.0,235.0,171.0,"7,994",235.0,157.0,235.0,186.9047619047619,2.939704778583938,279.76190476190476,-73.0,-78.0,8165.0,149.68152866242036,131.28571428571428,182.0,281.42857142857144,2023-03
2023-03-28,167.0,209.0,157.0,8079.0,223.0,209.0,"8,079",223.0,157.0,223.0,94.01197604790418,2.760242604282708,133.5329341317365,10.0,-66.0,8288.0,142.03821656050954,136.0,177.85714285714286,269.57142857142856,2023-03
2023-03-29,109.0,245.0,159.0,8208.0,267.0,245.0,"8,208",267.0,159.0,267.0,145.87155963302752,3.252923976608187,244.954128440367,-50.0,-108.0,8453.0,167.9245283018868,122.71428571428571,178.0,267.85714285714283,2023-03
2023-03-30,156.0,256.0,176.0,8158.0,359.0,256.0,"8,158",359.0,176.0,359.0,112.82051282051282,4.40058837950478,230.1282051282051,-20.0,-183.0,8414.0,203.97727272727272,129.28571428571428,175.57142857142858,287.57142857142856,2023-03
2023-04-02,125.0,232.0,192.0,7981.0,304.0,232.0,"7,981",304.0,192.0,304.0,153.6,3.8090464854028316,243.2,-67.0,-112.0,8213.0,158.33333333333331,123.42857142857143,170.28571428571428,295.85714285714283,2023-04
2023-04-03,118.0,139.0,168.0,8054.0,284.0,139.0,"8,054",284.0,168.0,284.0,142.3728813559322,3.5261981624037744,240.6779661016949,-50.0,-116.0,8193.0,169.04761904761904,120.85714285714286,168.85714285714286,289.14285714285717,2023-04
2023-04-04,142.0,235.0,139.0,8068.0,259.0,235.0,"8,068",259.0,139.0,259.0,97.88732394366197,3.2102131879028257,182.3943661971831,3.0,-120.0,8303.0,186.33093525179856,128.71428571428572,164.0,275.85714285714283,2023-04
2023-04-05,148.0,245.0,175.0,8175.0,260.0,245.0,"8,175",260.0,175.0,260.0,118.24324324324324,3.180428134556575,175.67567567567568,-27.0,-85.0,8420.0,148.57142857142858,137.85714285714286,166.57142857142858,279.42857142857144,2023-04
2023-04-06,119.0,219.0,210.0,8178.0,284.0,219.0,"8,178",284.0,210.0,284.0,176.47058823529412,3.47273171924676,238.65546218487395,-91.0,-74.0,8397.0,135.23809523809524,131.0,174.14285714285714,288.14285714285717,2023-04
2023-04-09,105.0,210.0,149.0,7900.0,329.0,210.0,"7,900",329.0,149.0,329.0,141.9047619047619,4.1645569620253164,313.3333333333333,-44.0,-180.0,8110.0,220.80536912751677,130.42857142857142,172.71428571428572,297.0,2023-04
2023-04-10,143.0,203.0,163.0,7826.0,265.0,203.0,"7,826",265.0,163.0,265.0,113.98601398601397,3.3861487349859445,185.3146853146853,-20.0,-102.0,8029.0,162.57668711656441,128.57142857142858,170.85714285714286,283.57142857142856,2023-04
2023-04-11,119.0,209.0,152.0,7922.0,187.0,209.0,"7,922",187.0,152.0,187.0,127.73109243697478,2.3605150214592276,157.14285714285714,-33.0,-35.0,8131.0,123.0263157894737,127.71428571428571,165.14285714285714,266.85714285714283,2023-04
2023-04-12,155.0,212.0,181.0,7876.0,283.0,212.0,"7,876",283.0,181.0,283.0,116.77419354838709,3.5931945149822244,182.58064516129033,-26.0,-102.0,8088.0,156.353591160221,133.0,167.0,266.7142857142857,2023-04
2023-04-13,109.0,214.0,173.0,7795.0,370.0,214.0,"7,795",370.0,173.0,370.0,158.71559633027522,4.746632456703015,339.44954128440367,-64.0,-197.0,8009.0,213.8728323699422,128.28571428571428,171.85714285714286,282.57142857142856,2023-04
2023-04-16,191.0,283.0,192.0,7380.0,272.0,283.0,"7,380",272.0,192.0,272.0,100.52356020942408,3.685636856368564,142.40837696335078,-1.0,-80.0,7663.0,141.66666666666669,134.42857142857142,174.28571428571428,284.2857142857143,2023-04
2023-04-17,170.0,297.0,196.0,7344.0,248.0,297.0,"7,344",248.0,196.0,248.0,115.29411764705881,3.376906318082789,145.88235294117646,-26.0,-52.0,7641.0,126.53061224489797,141.71428571428572,172.28571428571428,279.14285714285717,2023-04
2023-04-18,152.0,272.0,214.0,7376.0,234.0,272.0,"7,376",234.0,214.0,234.0,140.78947368421052,3.1724511930585684,153.94736842105263,-62.0,-20.0,7648.0,109.34579439252336,148.42857142857142,181.57142857142858,265.57142857142856,2023-04
2023-04-19,239.0,367.0,224.0,7356.0,229.0,367.0,"7,356",229.0,224.0,229.0,93.72384937238493,3.11310494834149,95.81589958158996,15.0,-5.0,7723.0,102.23214285714286,162.14285714285714,190.28571428571428,260.42857142857144,2023-04
2023-04-20,113.0,280.0,237.0,7490.0,320.0,280.0,"7,490",320.0,237.0,320.0,209.73451327433628,4.2723631508678235,283.1858407079646,-124.0,-83.0,7770.0,135.0210970464135,161.28571428571428,202.42857142857142,279.42857142857144,2023-04
2023-04-23,196.0,306.0,187.0,7534.0,266.0,306.0,"7,534",266.0,187.0,266.0,95.40816326530613,3.5306610034510224,135.71428571428572,9.0,-79.0,7840.0,142.24598930481284,167.14285714285714,203.28571428571428,277.0,2023-04
2023-04-24,236.0,330.0,222.0,7796.0,213.0,330.0,"7,796",213.0,222.0,213.0,94.0677966101695,2.732170343766034,90.2542372881356,14.0,9.0,8126.0,95.94594594594594,185.28571428571428,210.28571428571428,254.57142857142858,2023-04
2023-04-25,81.0,230.0,242.0,8017.0,202.0,230.0,"8,017",202.0,242.0,202.0,298.7654320987654,2.5196457527753524,249.3827160493827,-161.0,40.0,8247.0,83.47107438016529,169.57142857142858,217.42857142857142,244.57142857142858,2023-04
2023-04-26,118.0,245.0,160.0,8117.0,256.0,245.0,"8,117",256.0,160.0,256.0,135.59322033898303,3.153874584205987,216.94915254237287,-42.0,-96.0,8362.0,160.0,162.14285714285714,212.28571428571428,245.71428571428572,2023-04
2023-04-27,218.0,283.0,208.0,8159.0,310.0,283.0,"8,159",310.0,208.0,310.0,95.41284403669725,3.799485231033215,142.2018348623853,10.0,-102.0,8442.0,149.03846153846155,171.57142857142858,211.42857142857142,256.57142857142856,2023-04
2023-04-30,132.0,243.0,183.0,8352.0,293.0,243.0,"8,352",293.0,183.0,293.0,138.63636363636365,3.508141762452107,221.96969696969697,-51.0,-110.0,8595.0,160.10928961748633,156.28571428571428,205.57142857142858,265.7142857142857,2023-04
2023-05-01,224.0,315.0,152.0,8492.0,237.0,315.0,"8,492",237.0,152.0,237.0,67.85714285714286,2.7908619877531797,105.80357142857142,72.0,-85.0,8807.0,155.92105263157893,172.14285714285714,193.42857142857142,253.85714285714286,2023-05
2023-05-02,167.0,326.0,213.0,8654.0,245.0,326.0,"8,654",245.0,213.0,245.0,127.54491017964071,2.8310607811416686,146.7065868263473,-46.0,-32.0,8980.0,115.02347417840375,168.0,197.14285714285714,250.85714285714286,2023-05
2023-05-03,209.0,353.0,232.0,8704.0,267.0,353.0,"8,704",267.0,232.0,267.0,111.00478468899522,3.0675551470588234,127.7511961722488,-23.0,-35.0,9057.0,115.08620689655173,164.14285714285714,198.57142857142858,258.57142857142856,2023-05
2023-05-04,153.0,253.0,286.0,8790.0,332.0,253.0,"8,790",332.0,286.0,332.0,186.9281045751634,3.777019340159272,216.99346405228758,-133.0,-46.0,9043.0,116.08391608391608,174.42857142857142,204.85714285714286,277.14285714285717,2023-05
2023-05-07,180.0,337.0,219.0,8485.0,375.0,337.0,"8,485",375.0,219.0,375.0,121.66666666666666,4.419563936358279,208.33333333333334,-39.0,-156.0,8822.0,171.23287671232876,183.28571428571428,213.28571428571428,294.14285714285717,2023-05
2023-05-08,133.0,287.0,189.0,8590.0,261.0,287.0,"8,590",261.0,189.0,261.0,142.10526315789474,3.038416763678696,196.2406015037594,-56.0,-72.0,8877.0,138.0952380952381,171.14285714285714,210.57142857142858,287.14285714285717,2023-05
2023-05-09,187.0,310.0,247.0,8606.0,250.0,310.0,"8,606",250.0,247.0,250.0,132.0855614973262,2.9049500348594,133.6898395721925,-60.0,-3.0,8916.0,101.21457489878543,179.0,219.71428571428572,281.0,2023-05
2023-05-10,168.0,285.0,210.0,8681.0,304.0,285.0,"8,681",304.0,210.0,304.0,125.0,3.501900702684022,180.95238095238096,-42.0,-94.0,8966.0,144.76190476190476,171.0,228.0,290.57142857142856,2023-05
2023-05-11,269.0,412.0,204.0,8672.0,392.0,412.0,"8,672",392.0,204.0,392.0,75.8364312267658,4.520295202952029,145.72490706319704,65.0,-188.0,9084.0,192.15686274509804,185.57142857142858,226.71428571428572,311.57142857142856,2023-05
2023-05-14,100.0,255.0,236.0,8445.0,288.0,255.0,"8,445",288.0,236.0,288.0,236.0,3.4103019538188275,288.0,-136.0,-52.0,8700.0,122.03389830508475,170.0,227.28571428571428,314.57142857142856,2023-05
2023-05-15,205.0,294.0,177.0,8571.0,277.0,294.0,"8,571",277.0,177.0,277.0,86.34146341463415,3.2318282580795707,135.1219512195122,28.0,-100.0,8865.0,156.49717514124293,177.42857142857142,211.71428571428572,306.7142857142857,2023-05
2023-05-16,161.0,304.0,211.0,8572.0,272.0,304.0,"8,572",272.0,211.0,272.0,131.055900621118,3.173121791880541,168.944099378882,-50.0,-61.0,8876.0,128.90995260663507,174.71428571428572,210.57142857142858,292.0,2023-05
2023-05-17,57.0,162.0,193.0,8569.0,307.0,162.0,"8,569",307.0,193.0,307.0,338.59649122807014,3.5826817598319525,538.5964912280702,-136.0,-114.0,8731.0,159.06735751295338,163.85714285714286,211.14285714285714,298.57142857142856,2023-05
2023-05-18,80.0,122.0,152.0,8474.0,351.0,122.0,"8,474",351.0,152.0,351.0,190.0,4.142081661552986,438.75,-72.0,-199.0,8596.0,230.92105263157893,148.57142857142858,197.57142857142858,313.0,2023-05
2023-05-21,107.0,170.0,133.0,7826.0,343.0,170.0,"7,826",343.0,133.0,343.0,124.29906542056075,4.382826475849732,320.5607476635514,-26.0,-210.0,7996.0,257.89473684210526,139.85714285714286,186.57142857142858,318.57142857142856,2023-05
2023-05-22,99.0,156.0,139.0,7848.0,240.0,156.0,"7,848",240.0,139.0,240.0,140.4040404040404,3.058103975535168,242.42424242424244,-40.0,-101.0,8004.0,172.66187050359713,115.57142857142857,177.28571428571428,296.85714285714283,2023-05
2023-05-23,25.0,66.0,94.0,7788.0,246.0,66.0,"7,788",246.0,94.0,246.0,376.0,3.1587057010785826,984.0,-69.0,-152.0,7854.0,261.7021276595745,104.85714285714286,157.0,290.85714285714283,2023-05
2023-05-24,35.0,70.0,53.0,7709.0,276.0,70.0,"7,709",276.0,53.0,276.0,151.42857142857142,3.5802308989492797,788.5714285714287,-18.0,-223.0,7779.0,520.7547169811321,80.57142857142857,139.28571428571428,290.7142857142857,2023-05
2023-05-25,43.0,73.0,64.0,7546.0,408.0,73.0,"7,546",408.0,64.0,408.0,148.8372093023256,5.406838059899284,948.8372093023256,-21.0,-344.0,7619.0,637.5,63.714285714285715,118.28571428571429,310.14285714285717,2023-05
2023-05-29,41.0,60.0,71.0,6996.0,207.0,60.0,"6,996",207.0,71.0,207.0,173.17073170731706,2.9588336192109774,504.8780487804878,-30.0,-136.0,7056.0,291.5492957746479,61.42857142857143,100.85714285714286,295.85714285714283,2023-05
2023-05-30,65.0,83.0,65.0,7046.0,168.0,83.0,"7,046",168.0,65.0,168.0,100.0,2.3843315356230486,258.46153846153845,0.0,-103.0,7129.0,258.46153846153845,59.285714285714285,88.42857142857143,269.7142857142857,2023-05
2023-05-31,38.0,80.0,82.0,7053.0,210.0,80.0,"7,053",210.0,82.0,210.0,215.78947368421052,2.9774564015312635,552.6315789473684,-44.0,-128.0,7133.0,256.0975609756098,49.42857142857143,81.14285714285714,250.71428571428572,2023-05
2023-06-01,56.0,82.0,68.0,7002.0,287.0,82.0,"7,002",287.0,68.0,287.0,121.42857142857142,4.098828906026849,512.5,-12.0,-219.0,7084.0,422.05882352941177,43.285714285714285,71.0,257.42857142857144,2023-06
2023-06-04,74.0,103.0,80.0,6555.0,292.0,103.0,"6,555",292.0,80.0,292.0,108.10810810810811,4.454614797864226,394.5945945945946,-6.0,-212.0,6658.0,365.0,50.285714285714285,69.0,264.0,2023-06
2023-06-05,68.0,107.0,102.0,6523.0,189.0,107.0,"6,523",189.0,102.0,189.0,150.0,2.897439828299862,277.94117647058823,-34.0,-87.0,6630.0,185.29411764705884,55.0,76.0,251.57142857142858,2023-06
2023-06-06,92.0,124.0,93.0,6508.0,187.0,124.0,"6,508",187.0,93.0,187.0,101.08695652173914,2.8733866011063305,203.26086956521738,-1.0,-94.0,6632.0,201.0752688172043,62.0,80.14285714285714,220.0,2023-06
2023-06-07,113.0,162.0,107.0,6483.0,208.0,162.0,"6,483",208.0,107.0,208.0,94.69026548672566,3.2083911769242635,184.07079646017698,6.0,-101.0,6645.0,194.39252336448598,72.28571428571429,85.28571428571429,220.14285714285714,2023-06
2023-06-08,106.0,196.0,131.0,6446.0,255.0,196.0,"6,446",255.0,131.0,255.0,123.58490566037736,3.9559416692522498,240.56603773584902,-25.0,-124.0,6642.0,194.65648854961833,78.14285714285714,94.71428571428571,232.57142857142858,2023-06
2023-06-11,86.0,152.0,168.0,6007.0,238.0,152.0,"6,007",238.0,168.0,238.0,195.3488372093023,3.9620442816713832,276.74418604651163,-82.0,-70.0,6159.0,141.66666666666669,85.0,107.0,236.57142857142858,2023-06
2023-06-12,84.0,118.0,136.0,6021.0,177.0,118.0,"6,021",177.0,136.0,177.0,161.9047619047619,2.9397110114598903,210.71428571428572,-52.0,-41.0,6139.0,130.14705882352942,89.0,116.71428571428571,220.85714285714286,2023-06
2023-06-13,59.0,64.0,117.0,6061.0,146.0,64.0,"6,061",146.0,117.0,146.0,198.3050847457627,2.4088434251773636,247.45762711864407,-58.0,-29.0,6125.0,124.78632478632478,86.85714285714286,122.0,200.0,2023-06
2023-06-14,62.0,97.0,52.0,6065.0,167.0,97.0,"6,065",167.0,52.0,167.0,83.87096774193549,2.7535037098103876,269.3548387096774,10.0,-115.0,6162.0,321.1538461538462,86.0,114.85714285714286,196.85714285714286,2023-06
2023-06-15,91.0,75.0,97.0,6038.0,272.0,75.0,"6,038",272.0,97.0,272.0,106.5934065934066,4.504802914872474,298.9010989010989,-6.0,-175.0,6113.0,280.4123711340206,85.85714285714286,115.42857142857143,209.0,2023-06
2023-06-19,29.0,51.0,11.0,5679.0,142.0,51.0,"5,679",142.0,11.0,142.0,37.93103448275862,2.500440218348301,489.6551724137931,18.0,-131.0,5730.0,1290.9090909090908,73.85714285714286,101.71428571428571,199.57142857142858,2023-06
2023-06-20,33.0,53.0,34.0,5904.0,134.0,53.0,"5,904",134.0,34.0,134.0,103.03030303030303,2.2696476964769645,406.06060606060606,-1.0,-100.0,5957.0,394.11764705882354,63.42857142857143,87.85714285714286,182.28571428571428,2023-06
2023-06-21,93.0,196.0,169.0,5922.0,149.0,196.0,"5,922",149.0,169.0,149.0,181.72043010752688,2.5160418777440055,160.21505376344086,-76.0,20.0,6118.0,88.16568047337277,64.42857142857143,88.0,169.57142857142858,2023-06
2023-06-22,124.0,234.0,161.0,5956.0,207.0,234.0,"5,956",207.0,161.0,207.0,129.83870967741936,3.475486903962391,166.93548387096774,-37.0,-46.0,6190.0,128.57142857142858,70.14285714285714,91.57142857142857,173.85714285714286,2023-06
2023-06-25,92.0,203.0,173.0,5766.0,263.0,203.0,"5,766",263.0,173.0,263.0,188.04347826086956,4.56122095039889,285.8695652173913,-81.0,-90.0,5969.0,152.02312138728325,74.85714285714286,99.57142857142857,190.57142857142858,2023-06
2023-06-26,186.0,259.0,172.0,5819.0,174.0,259.0,"5,819",174.0,172.0,174.0,92.47311827956989,2.9902045024918373,93.54838709677419,14.0,-2.0,6078.0,101.16279069767442,92.57142857142857,116.71428571428571,191.57142857142858,2023-06
2023-06-27,154.0,225.0,220.0,5917.0,155.0,225.0,"5,917",155.0,220.0,155.0,142.85714285714286,2.619570728409667,100.64935064935065,-66.0,65.0,6142.0,70.45454545454545,101.57142857142857,134.28571428571428,174.85714285714286,2023-06
2023-06-28,91.0,199.0,172.0,5999.0,174.0,199.0,"5,999",174.0,172.0,174.0,189.010989010989,2.9004834139023172,191.2087912087912,-81.0,-2.0,6198.0,101.16279069767442,110.42857142857143,157.28571428571428,179.42857142857142,2023-06
2023-06-29,81.0,213.0,153.0,6058.0,213.0,213.0,"6,058",213.0,153.0,213.0,188.88888888888889,3.5160118851105975,262.962962962963,-72.0,-60.0,6271.0,139.2156862745098,117.28571428571429,174.28571428571428,190.71428571428572,2023-06
2023-07-02,209.0,285.0,184.0,5903.0,309.0,285.0,"5,903",309.0,184.0,309.0,88.03827751196172,5.234626461121464,147.8468899521531,25.0,-125.0,6188.0,167.93478260869566,133.85714285714286,176.42857142857142,213.57142857142858,2023-07
2023-07-04,184.0,314.0,217.0,6127.0,124.0,314.0,"6,127",124.0,217.0,124.0,117.93478260869566,2.0238289538110004,67.3913043478261,-33.0,93.0,6441.0,57.14285714285714,142.42857142857142,184.42857142857142,201.71428571428572,2023-07
2023-07-05,107.0,215.0,230.0,6193.0,167.0,215.0,"6,193",167.0,230.0,167.0,214.9532710280374,2.6965929274987888,156.07476635514018,-123.0,63.0,6408.0,72.60869565217392,144.57142857142858,192.57142857142858,188.0,2023-07
2023-07-06,101.0,162.0,178.0,6239.0,205.0,162.0,"6,239",205.0,178.0,205.0,176.23762376237624,3.285782978041353,202.97029702970298,-77.0,-27.0,6401.0,115.1685393258427,132.42857142857142,193.42857142857142,192.42857142857142,2023-07
2023-07-09,99.0,190.0,176.0,6214.0,196.0,190.0,"6,214",196.0,176.0,196.0,177.77777777777777,3.154168007724493,197.97979797979798,-77.0,-20.0,6404.0,111.36363636363636,124.57142857142857,187.14285714285714,198.28571428571428,2023-07
2023-07-10,167.0,239.0,166.0,6346.0,163.0,239.0,"6,346",163.0,166.0,163.0,99.40119760479041,2.568547116293728,97.60479041916167,1.0,3.0,6585.0,98.19277108433735,135.42857142857142,186.28571428571428,196.71428571428572,2023-07
2023-07-11,115.0,216.0,169.0,6498.0,143.0,216.0,"6,498",143.0,169.0,143.0,146.95652173913044,2.200677131425054,124.34782608695652,-54.0,26.0,6714.0,84.61538461538461,140.28571428571428,188.57142857142858,186.71428571428572,2023-07
2023-07-12,84.0,158.0,193.0,6521.0,210.0,158.0,"6,521",210.0,193.0,210.0,229.76190476190476,3.220364974697133,250.0,-109.0,-17.0,6679.0,108.80829015544042,122.42857142857143,189.85714285714286,172.57142857142858,2023-07
2023-07-13,130.0,227.0,192.0,6604.0,226.0,227.0,"6,604",226.0,192.0,226.0,147.6923076923077,3.422168382798304,173.84615384615384,-62.0,-34.0,6831.0,117.70833333333333,114.71428571428571,186.28571428571428,187.14285714285714,2023-07
2023-07-16,88.0,214.0,160.0,6468.0,218.0,214.0,"6,468",218.0,160.0,218.0,181.8181818181818,3.370439084724799,247.72727272727272,-72.0,-58.0,6682.0,136.25,112.0,176.28571428571428,194.42857142857142,2023-07
2023-07-17,113.0,208.0,159.0,6632.0,160.0,208.0,"6,632",160.0,159.0,160.0,140.7079646017699,2.4125452352231602,141.5929203539823,-46.0,-1.0,6840.0,100.62893081761007,113.71428571428571,173.57142857142858,188.0,2023-07
2023-07-18,174.0,285.0,150.0,6874.0,181.0,285.0,"6,874",181.0,150.0,181.0,86.20689655172413,2.6331102705848126,104.02298850574712,24.0,-31.0,7159.0,120.66666666666667,124.42857142857143,169.85714285714286,185.85714285714286,2023-07
2023-07-19,104.0,230.0,206.0,7001.0,226.0,230.0,"7,001",226.0,206.0,226.0,198.0769230769231,3.2281102699614337,217.3076923076923,-102.0,-20.0,7231.0,109.70873786407766,115.42857142857143,175.57142857142858,194.85714285714286,2023-07
2023-07-20,147.0,276.0,214.0,7116.0,281.0,276.0,"7,116",281.0,214.0,281.0,145.57823129251702,3.9488476672287804,191.156462585034,-67.0,-67.0,7392.0,131.30841121495328,120.0,182.0,214.57142857142858,2023-07
2023-07-23,108.0,220.0,213.0,7052.0,276.0,220.0,"7,052",276.0,213.0,276.0,197.22222222222223,3.9137833238797506,255.55555555555554,-105.0,-63.0,7272.0,129.5774647887324,123.42857142857143,184.85714285714286,224.0,2023-07
2023-07-24,180.0,280.0,146.0,7220.0,187.0,280.0,"7,220",187.0,146.0,187.0,81.11111111111111,2.590027700831025,103.8888888888889,34.0,-41.0,7500.0,128.08219178082192,130.57142857142858,178.28571428571428,218.42857142857142,2023-07
2023-07-25,134.0,294.0,186.0,7510.0,136.0,294.0,"7,510",136.0,186.0,136.0,138.80597014925374,1.8109187749667113,101.49253731343283,-52.0,50.0,7804.0,73.11827956989248,137.14285714285714,182.0,206.71428571428572,2023-07
2023-07-26,202.0,313.0,158.0,7647.0,215.0,313.0,"7,647",215.0,158.0,215.0,78.21782178217822,2.811560088923761,106.43564356435644,44.0,-57.0,7960.0,136.0759493670886,149.85714285714286,181.85714285714286,214.57142857142858,2023-07
2023-07-27,110.0,272.0,193.0,7754.0,259.0,272.0,"7,754",259.0,193.0,259.0,175.45454545454547,3.3402115037400053,235.45454545454544,-83.0,-66.0,8026.0,134.19689119170985,140.71428571428572,188.0,225.71428571428572,2023-07
2023-07-30,166.0,277.0,229.0,7671.0,305.0,277.0,"7,671",305.0,229.0,305.0,137.95180722891567,3.976013557554426,183.73493975903614,-63.0,-76.0,7948.0,133.1877729257642,149.57142857142858,191.28571428571428,237.0,2023-07
2023-07-31,136.0,276.0,178.0,7800.0,220.0,276.0,"7,800",220.0,178.0,220.0,130.88235294117646,2.8205128205128207,161.76470588235296,-42.0,-42.0,8076.0,123.59550561797752,148.0,186.14285714285714,228.28571428571428,2023-07
2023-08-01,87.0,246.0,173.0,8103.0,168.0,246.0,"8,103",168.0,173.0,168.0,198.85057471264366,2.073306182895224,193.10344827586206,-86.0,5.0,8349.0,97.10982658959537,145.0,180.42857142857142,212.85714285714286,2023-08
2023-08-02,84.0,171.0,157.0,8261.0,271.0,171.0,"8,261",271.0,157.0,271.0,186.9047619047619,3.280474518823387,322.61904761904765,-73.0,-114.0,8432.0,172.61146496815286,131.28571428571428,182.0,224.85714285714286,2023-08
2023-08-03,167.0,209.0,157.0,8294.0,339.0,209.0,"8,294",339.0,157.0,339.0,94.01197604790418,4.087292018326501,202.99401197604791,10.0,-182.0,8503.0,215.92356687898092,136.0,177.85714285714286,253.85714285714286,2023-08
2023-08-06,109.0,245.0,159.0,8298.0,322.0,245.0,"8,298",322.0,159.0,322.0,145.87155963302752,3.8804531212340323,295.41284403669727,-50.0,-163.0,8543.0,202.51572327044025,122.71428571428571,178.0,269.14285714285717,2023-08
2023-08-07,156.0,256.0,176.0,8493.0,202.0,256.0,"8,493",202.0,176.0,202.0,112.82051282051282,2.3784292947132935,129.4871794871795,-20.0,-26.0,8749.0,114.77272727272727,129.28571428571428,175.57142857142858,261.0,2023-08
2023-08-08,125.0,232.0,192.0,8725.0,207.0,232.0,"8,725",207.0,192.0,207.0,153.6,2.372492836676218,165.6,-67.0,-15.0,8957.0,107.8125,123.42857142857143,170.28571428571428,247.0,2023-08
2023-08-09,118.0,139.0,168.0,8888.0,251.0,139.0,"8,888",251.0,168.0,251.0,142.3728813559322,2.824032403240324,212.71186440677968,-50.0,-83.0,9027.0,149.4047619047619,120.85714285714286,168.85714285714286,251.42857142857142,2023-08
2023-08-10,142.0,235.0,139.0,8914.0,353.0,235.0,"8,914",353.0,139.0,353.0,97.88732394366197,3.960062822526363,248.59154929577466,3.0,-214.0,9149.0,253.95683453237413,128.71428571428572,164.0,277.85714285714283,2023-08
2023-08-16,148.0,245.0,175.0,9634.0,288.0,245.0,"9,634",288.0,175.0,288.0,118.24324324324324,2.9894124974050236,194.5945945945946,-27.0,-113.0,9879.0,164.57142857142856,137.85714285714286,166.57142857142858,280.2857142857143,2023-08
2023-08-17,119.0,219.0,210.0,9694.0,407.0,219.0,"9,694",407.0,210.0,407.0,176.47058823529412,4.198473282442748,342.01680672268907,-91.0,-197.0,9913.0,193.8095238095238,131.0,174.14285714285714,290.0,2023-08
2023-08-20,105.0,210.0,149.0,9483.0,390.0,210.0,"9,483",390.0,149.0,390.0,141.9047619047619,4.112622587788675,371.42857142857144,-44.0,-241.0,9693.0,261.744966442953,130.42857142857142,172.71428571428572,299.7142857142857,2023-08
2023-08-21,143.0,203.0,163.0,9668.0,281.0,203.0,"9,668",281.0,163.0,281.0,113.98601398601397,2.906495655771618,196.5034965034965,-20.0,-118.0,9871.0,172.3926380368098,128.57142857142858,170.85714285714286,311.0,2023-08
2023-08-22,119.0,209.0,152.0,9921.0,230.0,209.0,"9,921",230.0,152.0,230.0,127.73109243697478,2.3183146860195545,193.27731092436974,-33.0,-78.0,10130.0,151.3157894736842,127.71428571428571,165.14285714285714,314.2857142857143,2023-08
2023-08-23,155.0,212.0,181.0,10071.0,285.0,212.0,"10,071",285.0,181.0,285.0,116.77419354838709,2.829907655644921,183.8709677419355,-26.0,-104.0,10283.0,157.45856353591162,133.0,167.0,319.14285714285717,2023-08
2023-08-24,109.0,214.0,173.0,10026.0,443.0,214.0,"10,026",443.0,173.0,443.0,158.71559633027522,4.418511869140236,406.42201834862385,-64.0,-270.0,10240.0,256.0693641618497,128.28571428571428,171.85714285714286,332.0,2023-08
2023-08-27,191.0,283.0,192.0,9873.0,488.0,283.0,"9,873",488.0,192.0,488.0,100.52356020942408,4.942773219892636,255.4973821989529,-1.0,-296.0,10156.0,254.16666666666666,134.42857142857142,174.28571428571428,360.57142857142856,2023-08
2023-08-28,170.0,297.0,196.0,10012.0,388.0,297.0,"10,012",388.0,196.0,388.0,115.29411764705881,3.8753495805033964,228.23529411764704,-26.0,-192.0,10309.0,197.9591836734694,141.71428571428572,172.28571428571428,357.85714285714283,2023-08
2023-08-29,152.0,272.0,214.0,10180.0,286.0,272.0,"10,180",286.0,214.0,286.0,140.78947368421052,2.8094302554027504,188.1578947368421,-62.0,-72.0,10452.0,133.6448598130841,148.42857142857142,181.57142857142858,343.0,2023-08
2023-08-30,239.0,367.0,224.0,10280.0,366.0,367.0,"10,280",366.0,224.0,366.0,93.72384937238493,3.5603112840466924,153.13807531380755,15.0,-142.0,10647.0,163.39285714285714,162.14285714285714,190.28571428571428,355.14285714285717,2023-08
2023-08-31,113.0,280.0,237.0,10140.0,505.0,280.0,"10,140",505.0,237.0,505.0,209.73451327433628,4.980276134122287,446.9026548672566,-124.0,-268.0,10420.0,213.0801687763713,161.28571428571428,202.42857142857142,394.42857142857144,2023-08
2023-09-04,196.0,306.0,187.0,9988.0,293.0,306.0,"9,988",293.0,187.0,293.0,95.40816326530613,2.933520224269123,149.48979591836735,9.0,-106.0,10294.0,156.68449197860963,167.14285714285714,203.28571428571428,395.57142857142856,2023-09
2023-09-05,236.0,330.0,222.0,10142.0,243.0,330.0,"10,142",243.0,222.0,243.0,94.0677966101695,2.3959771248274504,102.96610169491525,14.0,-21.0,10472.0,109.45945945945945,185.28571428571428,210.28571428571428,367.0,2023-09
2023-09-06,81.0,230.0,242.0,10356.0,291.0,230.0,"10,356",291.0,242.0,291.0,298.7654320987654,2.809965237543453,359.25925925925924,-161.0,-49.0,10586.0,120.24793388429754,169.57142857142858,217.42857142857142,338.85714285714283,2023-09
2023-09-07,118.0,245.0,160.0,10419.0,398.0,245.0,"10,419",398.0,160.0,398.0,135.59322033898303,3.819944332469527,337.2881355932203,-42.0,-238.0,10664.0,248.74999999999997,162.14285714285714,212.28571428571428,340.2857142857143,2023-09
2023-09-10,218.0,283.0,208.0,10282.0,382.0,283.0,"10,282",382.0,208.0,382.0,95.41284403669725,3.715230499902743,175.22935779816513,10.0,-174.0,10565.0,183.65384615384613,171.57142857142858,211.42857142857142,354.0,2023-09
2023-09-11,132.0,243.0,183.0,10492.0,277.0,243.0,"10,492",277.0,183.0,277.0,138.63636363636365,2.640106747998475,209.84848484848487,-51.0,-94.0,10735.0,151.36612021857923,156.28571428571428,205.57142857142858,341.2857142857143,2023-09
2023-09-12,224.0,315.0,152.0,10649.0,316.0,315.0,"10,649",316.0,152.0,316.0,67.85714285714286,2.967414780730585,141.07142857142858,72.0,-164.0,10964.0,207.89473684210526,172.14285714285714,193.42857142857142,314.2857142857143,2023-09
2023-09-13,167.0,326.0,213.0,10678.0,343.0,326.0,"10,678",343.0,213.0,343.0,127.54491017964071,3.212212024723731,205.3892215568862,-46.0,-130.0,11004.0,161.03286384976525,168.0,197.14285714285714,321.42857142857144,2023-09
2023-09-14,209.0,353.0,232.0,10837.0,414.0,353.0,"10,837",414.0,232.0,414.0,111.00478468899522,3.8202454553843315,198.08612440191388,-23.0,-182.0,11190.0,178.44827586206898,164.14285714285714,198.57142857142858,345.85714285714283,2023-09
2023-09-17,153.0,253.0,286.0,10799.0,427.0,253.0,"10,799",427.0,286.0,427.0,186.9281045751634,3.954069821279748,279.0849673202614,-133.0,-141.0,11052.0,149.30069930069928,174.42857142857142,204.85714285714286,365.2857142857143,2023-09
2023-09-18,180.0,337.0,219.0,10892.0,313.0,337.0,"10,892",313.0,219.0,313.0,121.66666666666666,2.8736687477047376,173.88888888888889,-39.0,-94.0,11229.0,142.92237442922377,183.28571428571428,213.28571428571428,353.14285714285717,2023-09
2023-09-19,133.0,287.0,189.0,11095.0,260.0,287.0,"11,095",260.0,189.0,260.0,142.10526315789474,2.3433979269941414,195.48872180451127,-56.0,-71.0,11382.0,137.56613756613757,171.14285714285714,210.57142857142858,335.7142857142857,2023-09
2023-09-20,187.0,310.0,247.0,11064.0,364.0,310.0,"11,064",364.0,247.0,364.0,132.0855614973262,3.2899493853940713,194.6524064171123,-60.0,-117.0,11374.0,147.36842105263156,179.0,219.71428571428572,348.14285714285717,2023-09
2023-09-21,168.0,285.0,210.0,11067.0,428.0,285.0,"11,067",428.0,210.0,428.0,125.0,3.8673533929700907,254.76190476190476,-42.0,-218.0,11352.0,203.8095238095238,171.0,228.0,364.14285714285717,2023-09
2023-09-24,269.0,412.0,204.0,10744.0,403.0,412.0,"10,744",403.0,204.0,403.0,75.8364312267658,3.7509307520476542,149.81412639405204,65.0,-199.0,11156.0,197.54901960784315,185.57142857142858,226.71428571428572,372.7142857142857,2023-09
2023-09-25,100.0,255.0,236.0,10842.0,284.0,255.0,"10,842",284.0,236.0,284.0,236.0,2.6194429072126915,284.0,-136.0,-48.0,11097.0,120.33898305084745,170.0,227.28571428571428,354.14285714285717,2023-09
2023-09-26,205.0,294.0,177.0,10978.0,332.0,294.0,"10,978",332.0,177.0,332.0,86.34146341463415,3.0242302787392967,161.95121951219514,28.0,-155.0,11272.0,187.57062146892656,177.42857142857142,211.71428571428572,340.57142857142856,2023-09
2023-09-27,161.0,304.0,211.0,11017.0,331.0,304.0,"11,017",331.0,211.0,331.0,131.055900621118,3.0044476717799764,205.59006211180125,-50.0,-120.0,11321.0,156.87203791469196,174.71428571428572,210.57142857142858,343.14285714285717,2023-09
2023-09-28,57.0,162.0,193.0,10984.0,447.0,162.0,"10,984",447.0,193.0,447.0,338.59649122807014,4.0695557174071375,784.2105263157895,-136.0,-254.0,11146.0,231.6062176165803,163.85714285714286,211.14285714285714,369.85714285714283,2023-09
2023-10-01,80.0,122.0,152.0,10598.0,493.0,122.0,"10,598",493.0,152.0,493.0,190.0,4.651821098320438,616.25,-72.0,-341.0,10720.0,324.34210526315786,148.57142857142858,197.57142857142858,388.2857142857143,2023-10
2023-10-02,107.0,170.0,133.0,10724.0,284.0,170.0,"10,724",284.0,133.0,284.0,124.29906542056075,2.648265572547557,265.42056074766356,-26.0,-151.0,10894.0,213.53383458646618,139.85714285714286,186.57142857142858,367.7142857142857,2023-10
2023-10-03,99.0,156.0,139.0,10818.0,287.0,156.0,"10,818",287.0,139.0,287.0,140.4040404040404,2.6529857644666297,289.8989898989899,-40.0,-148.0,10974.0,206.4748201438849,115.57142857142857,177.28571428571428,351.14285714285717,2023-10
2023-10-04,25.0,66.0,94.0,10963.0,330.0,66.0,"10,963",330.0,94.0,330.0,376.0,3.0101249657940343,1320.0,-69.0,-236.0,11029.0,351.063829787234,104.85714285714286,157.0,357.7142857142857,2023-10
2023-10-05,35.0,70.0,53.0,11130.0,427.0,70.0,"11,130",427.0,53.0,427.0,151.42857142857142,3.8364779874213837,1220.0,-18.0,-374.0,11200.0,805.6603773584906,80.57142857142857,139.28571428571428,371.2857142857143,2023-10
2023-10-09,43.0,73.0,64.0,10815.0,282.0,73.0,"10,815",282.0,64.0,282.0,148.8372093023256,2.6074895977808596,655.8139534883721,-21.0,-218.0,10888.0,440.625,63.714285714285715,118.28571428571429,364.2857142857143,2023-10
2023-10-10,41.0,60.0,71.0,10910.0,257.0,60.0,"10,910",257.0,71.0,257.0,173.17073170731706,2.3556370302474794,626.829268292683,-30.0,-186.0,10970.0,361.9718309859155,61.42857142857143,100.85714285714286,337.14285714285717,2023-10
2023-10-11,65.0,83.0,65.0,10960.0,266.0,83.0,"10,960",266.0,65.0,266.0,100.0,2.4270072992700733,409.23076923076917,0.0,-201.0,11043.0,409.23076923076917,59.285714285714285,88.42857142857143,304.7142857142857,2023-10
2023-10-12,38.0,80.0,82.0,10992.0,398.0,80.0,"10,992",398.0,82.0,398.0,215.78947368421052,3.620815138282387,1047.3684210526314,-44.0,-316.0,11072.0,485.3658536585366,49.42857142857143,81.14285714285714,321.0,2023-10
2023-10-15,56.0,82.0,68.0,10571.0,434.0,82.0,"10,571",434.0,68.0,434.0,121.42857142857142,4.105571847507331,775.0,-12.0,-366.0,10653.0,638.2352941176471,43.285714285714285,71.0,342.0,2023-10
2023-10-16,74.0,103.0,80.0,10629.0,331.0,103.0,"10,629",331.0,80.0,331.0,108.10810810810811,3.1141217424028604,447.2972972972973,-6.0,-251.0,10732.0,413.75,50.285714285714285,69.0,342.14285714285717,2023-10
2023-10-17,68.0,107.0,102.0,10630.0,315.0,107.0,"10,630",315.0,102.0,315.0,150.0,2.9633113828786453,463.2352941176471,-34.0,-213.0,10737.0,308.8235294117647,55.0,76.0,326.14285714285717,2023-10
2023-10-18,92.0,124.0,93.0,10511.0,393.0,124.0,"10,511",393.0,93.0,393.0,101.08695652173914,3.738940157929788,427.17391304347825,-1.0,-300.0,10635.0,422.5806451612903,62.0,80.14285714285714,342.0,2023-10
2023-10-19,113.0,162.0,107.0,10319.0,406.0,162.0,"10,319",406.0,107.0,406.0,94.69026548672566,3.9344897761410986,359.29203539823004,6.0,-299.0,10481.0,379.4392523364486,72.28571428571429,85.28571428571429,363.2857142857143,2023-10
2023-10-22,106.0,196.0,131.0,9506.0,454.0,196.0,"9,506",454.0,131.0,454.0,123.58490566037736,4.775930990953083,428.3018867924528,-25.0,-323.0,9702.0,346.56488549618325,78.14285714285714,94.71428571428571,390.14285714285717,2023-10
2023-10-23,86.0,152.0,168.0,9436.0,327.0,152.0,"9,436",327.0,168.0,327.0,195.3488372093023,3.4654514624841037,380.2325581395349,-82.0,-159.0,9588.0,194.64285714285714,85.0,107.0,380.0,2023-10
2023-10-24,84.0,118.0,136.0,9396.0,300.0,118.0,"9,396",300.0,136.0,300.0,161.9047619047619,3.1928480204342273,357.14285714285717,-52.0,-164.0,9514.0,220.58823529411765,89.0,116.71428571428571,360.85714285714283,2023-10
2023-10-25,59.0,64.0,117.0,9351.0,293.0,64.0,"9,351",293.0,117.0,293.0,198.3050847457627,3.1333547214201687,496.6101694915254,-58.0,-176.0,9415.0,250.42735042735043,86.85714285714286,122.0,355.42857142857144,2023-10
2023-10-26,62.0,97.0,52.0,9235.0,390.0,97.0,"9,235",390.0,52.0,390.0,83.87096774193549,4.223064428803465,629.0322580645161,10.0,-338.0,9332.0,750.0,86.0,114.85714285714286,366.14285714285717,2023-10
2023-10-29,91.0,75.0,97.0,8925.0,418.0,75.0,"8,925",418.0,97.0,418.0,106.5934065934066,4.6834733893557425,459.34065934065933,-6.0,-321.0,9000.0,430.92783505154637,85.85714285714286,115.42857142857143,369.7142857142857,2023-10
2023-10-30,29.0,51.0,11.0,9026.0,278.0,51.0,"9,026",278.0,11.0,278.0,37.93103448275862,3.079991136716153,958.6206896551724,18.0,-267.0,9077.0,2527.2727272727275,73.85714285714286,101.71428571428571,351.42857142857144,2023-10
2023-10-31,33.0,53.0,34.0,9072.0,295.0,53.0,"9,072",295.0,34.0,295.0,103.03030303030303,3.2517636684303355,893.939393939394,-1.0,-261.0,9125.0,867.6470588235294,63.42857142857143,87.85714285714286,328.7142857142857,2023-10
2023-11-01,132.0,235.0,197.0,9250.0,279.0,235.0,"9,250",279.0,197.0,279.0,149.24242424242425,3.016216216216216,211.36363636363637,-65.0,-82.0,9485.0,141.6243654822335,70.0,92.0,321.85714285714283,2023-11
2023-11-02,174.0,208.0,256.0,9442.0,330.0,208.0,"9,442",330.0,256.0,330.0,147.1264367816092,3.495022241050625,189.6551724137931,-82.0,-74.0,9650.0,128.90625,82.85714285714286,109.14285714285714,326.14285714285717,2023-11
2023-11-05,123.0,230.0,167.0,9273.0,370.0,230.0,"9,273",370.0,167.0,370.0,135.77235772357724,3.9900787231748085,300.8130081300813,-44.0,-203.0,9503.0,221.5568862275449,92.0,116.28571428571429,337.14285714285717,2023-11
2023-11-06,123.0,233.0,159.0,9286.0,316.0,233.0,"9,286",316.0,159.0,316.0,129.26829268292684,3.4029722162395006,256.9105691056911,-36.0,-157.0,9519.0,198.74213836477986,100.71428571428571,131.57142857142858,326.57142857142856,2023-11
2023-11-07,141.0,232.0,188.0,9483.0,231.0,232.0,"9,483",231.0,188.0,231.0,133.33333333333331,2.4359379943055997,163.82978723404256,-47.0,-43.0,9715.0,122.87234042553192,107.85714285714286,144.57142857142858,299.85714285714283,2023-11
2023-11-08,158.0,226.0,191.0,9634.0,310.0,226.0,"9,634",310.0,191.0,310.0,120.88607594936708,3.2177703965123516,196.20253164556962,-33.0,-119.0,9860.0,162.30366492146598,126.28571428571429,170.28571428571428,304.42857142857144,2023-11
2023-11-12,96.0,160.0,233.0,9477.0,313.0,160.0,"9,477",313.0,233.0,313.0,242.70833333333334,3.302732932362562,326.04166666666663,-137.0,-80.0,9637.0,134.33476394849785,135.28571428571428,198.71428571428572,307.0,2023-11
2023-11-13,141.0,173.0,129.0,9510.0,287.0,173.0,"9,510",287.0,129.0,287.0,91.48936170212765,3.017875920084122,203.54609929078015,12.0,-158.0,9683.0,222.48062015503876,136.57142857142858,189.0,308.14285714285717,2023-11
2023-11-14,116.0,181.0,182.0,9665.0,247.0,181.0,"9,665",247.0,182.0,247.0,156.89655172413794,2.555613036730471,212.93103448275863,-66.0,-65.0,9846.0,135.71428571428572,128.28571428571428,178.42857142857142,296.2857142857143,2023-11
2023-11-15,150.0,157.0,201.0,9762.0,316.0,157.0,"9,762",316.0,201.0,316.0,134.0,3.237041589838148,210.66666666666666,-51.0,-115.0,9919.0,157.2139303482587,132.14285714285714,183.28571428571428,288.57142857142856,2023-11
2023-11-16,80.0,176.0,125.0,9762.0,374.0,176.0,"9,762",374.0,125.0,374.0,156.25,3.831182134808441,467.5,-45.0,-249.0,9938.0,299.2,126.0,178.42857142857142,296.85714285714283,2023-11
2023-11-19,116.0,188.0,164.0,9573.0,435.0,188.0,"9,573",435.0,164.0,435.0,141.3793103448276,4.544030084612974,375.0,-48.0,-271.0,9761.0,265.2439024390244,122.42857142857143,175.0,326.0,2023-11
2023-11-20,105.0,185.0,158.0,9638.0,298.0,185.0,"9,638",298.0,158.0,298.0,150.47619047619048,3.091927785847686,283.8095238095238,-53.0,-140.0,9823.0,188.60759493670886,114.85714285714286,170.28571428571428,324.2857142857143,2023-11
2023-11-21,136.0,246.0,123.0,9804.0,250.0,246.0,"9,804",250.0,123.0,250.0,90.44117647058823,2.5499796001631987,183.8235294117647,13.0,-127.0,10050.0,203.25203252032523,120.57142857142857,154.57142857142858,315.2857142857143,2023-11
2023-11-23,128.0,228.0,177.0,9838.0,283.0,228.0,"9,838",283.0,177.0,283.0,138.28125,2.876600935149421,221.09375,-49.0,-106.0,10066.0,159.8870056497175,118.71428571428571,161.42857142857142,314.7142857142857,2023-11
2023-11-26,90.0,196.0,205.0,9845.0,312.0,196.0,"9,845",312.0,205.0,312.0,227.77777777777777,3.1691213814118844,346.6666666666667,-115.0,-107.0,10041.0,152.1951219512195,115.0,164.71428571428572,324.0,2023-11
2023-11-27,56.0,82.0,68.0,10123.0,214.0,82.0,"10,123",214.0,68.0,214.0,121.42857142857142,2.113997826731206,382.14285714285717,-12.0,-146.0,10205.0,314.70588235294116,101.57142857142857,145.71428571428572,309.42857142857144,2023-11
2023-11-28,74.0,103.0,80.0,10223.0,223.0,103.0,"10,223",223.0,80.0,223.0,108.10810810810811,2.1813557664090775,301.35135135135135,-6.0,-143.0,10326.0,278.75,100.71428571428571,139.28571428571428,287.85714285714283,2023-11
2023-11-29,68.0,107.0,102.0,10398.0,284.0,107.0,"10,398",284.0,102.0,284.0,150.0,2.7312944797076364,417.64705882352945,-34.0,-182.0,10505.0,278.4313725490196,93.85714285714286,130.42857142857142,266.2857142857143,2023-11
2023-11-30,92.0,124.0,93.0,10536.0,320.0,124.0,"10,536",320.0,93.0,320.0,101.08695652173914,3.037205770690964,347.82608695652175,-1.0,-227.0,10660.0,344.0860215053763,92.0,121.14285714285714,269.42857142857144,2023-11
2023-12-03,132.0,235.0,197.0,10579.0,417.0,235.0,"10,579",417.0,197.0,417.0,149.24242424242425,3.9417714339729653,315.90909090909093,-65.0,-220.0,10814.0,211.6751269035533,91.42857142857143,131.71428571428572,293.2857142857143,2023-12
2023-12-04,174.0,208.0,256.0,10635.0,273.0,208.0,"10,635",273.0,256.0,273.0,147.1264367816092,2.5669957686882934,156.89655172413794,-82.0,-17.0,10843.0,106.640625,98.0,143.0,291.85714285714283,2023-12
2023-12-05,123.0,230.0,167.0,10761.0,261.0,230.0,"10,761",261.0,167.0,261.0,135.77235772357724,2.4254251463618623,212.19512195121953,-44.0,-94.0,10991.0,156.2874251497006,102.71428571428571,137.57142857142858,284.57142857142856,2023-12
2023-12-06,123.0,233.0,159.0,10832.0,376.0,233.0,"10,832",376.0,159.0,376.0,129.26829268292684,3.471196454948301,305.6910569105691,-36.0,-217.0,11065.0,236.47798742138363,112.28571428571429,150.57142857142858,307.7142857142857,2023-12
2023-12-07,141.0,232.0,188.0,10897.0,466.0,232.0,"10,897",466.0,188.0,466.0,133.33333333333331,4.276406350371662,330.49645390070924,-47.0,-278.0,11129.0,247.8723404255319,121.85714285714286,166.0,342.42857142857144,2023-12
2023-12-10,158.0,226.0,191.0,10871.0,411.0,226.0,"10,871",411.0,191.0,411.0,120.88607594936708,3.780700947474933,260.126582278481,-33.0,-220.0,11097.0,215.18324607329845,134.71428571428572,178.71428571428572,360.57142857142856,2023-12
2023-12-11,96.0,160.0,233.0,10998.0,304.0,160.0,"10,998",304.0,233.0,304.0,242.70833333333334,2.7641389343517,316.66666666666663,-137.0,-71.0,11158.0,130.47210300429185,135.28571428571428,198.71428571428572,358.2857142857143,2023-12
2023-12-12,141.0,173.0,129.0,11077.0,259.0,173.0,"11,077",259.0,129.0,259.0,91.48936170212765,2.338178207095784,183.68794326241135,12.0,-130.0,11250.0,200.7751937984496,136.57142857142858,189.0,335.7142857142857,2023-12
2023-12-13,116.0,181.0,182.0,11192.0,335.0,181.0,"11,192",335.0,182.0,335.0,156.89655172413794,2.9932094353109364,288.7931034482759,-66.0,-153.0,11373.0,184.06593406593404,128.28571428571428,178.42857142857142,344.57142857142856,2023-12
2023-12-14,150.0,157.0,201.0,11242.0,396.0,157.0,"11,242",396.0,201.0,396.0,134.0,3.522504892367906,264.0,-51.0,-195.0,11399.0,197.01492537313433,132.14285714285714,183.28571428571428,363.85714285714283,2023-12
2023-12-17,80.0,176.0,125.0,11092.0,456.0,176.0,"11,092",456.0,125.0,456.0,156.25,4.111071042192571,570.0,-45.0,-331.0,11268.0,364.8,126.0,178.42857142857142,375.2857142857143,2023-12
2023-12-18,116.0,188.0,164.0,11149.0,364.0,188.0,"11,149",364.0,164.0,364.0,141.3793103448276,3.264866804197686,313.7931034482759,-48.0,-200.0,11337.0,221.95121951219514,122.42857142857143,175.0,360.7142857142857,2023-12
2023-12-19,105.0,185.0,158.0,11291.0,272.0,185.0,"11,291",272.0,158.0,272.0,150.47619047619048,2.4089983172438227,259.04761904761904,-53.0,-114.0,11476.0,172.15189873417722,114.85714285714286,170.28571428571428,340.85714285714283,2023-12
2023-12-20,136.0,246.0,123.0,11516.0,390.0,246.0,"11,516",390.0,123.0,390.0,90.44117647058823,3.386592566863494,286.7647058823529,13.0,-267.0,11762.0,317.0731707317073,120.57142857142857,154.57142857142858,353.14285714285717,2023-12
2023-12-21,128.0,228.0,177.0,11375.0,497.0,228.0,"11,375",497.0,177.0,497.0,138.28125,4.369230769230769,388.28125,-49.0,-320.0,11603.0,280.7909604519774,118.71428571428571,161.42857142857142,387.14285714285717,2023-12
2023-12-25,90.0,196.0,205.0,11144.0,347.0,196.0,"11,144",347.0,205.0,347.0,227.77777777777777,3.1137832017229004,385.55555555555554,-115.0,-142.0,11340.0,169.2682926829268,115.0,164.71428571428572,388.85714285714283,2023-12
2023-12-26,56.0,82.0,68.0,11217.0,288.0,82.0,"11,217",288.0,68.0,288.0,121.42857142857142,2.5675314255148436,514.2857142857143,-12.0,-220.0,11299.0,423.5294117647059,101.57142857142857,145.71428571428572,373.42857142857144,2023-12
2023-12-27,74.0,103.0,80.0,11206.0,335.0,103.0,"11,206",335.0,80.0,335.0,108.10810810810811,2.989469926824915,452.7027027027027,-6.0,-255.0,11309.0,418.75,100.71428571428571,139.28571428571428,356.14285714285717,2023-12
2023-12-28,68.0,107.0,102.0,11230.0,357.0,107.0,"11,230",357.0,102.0,357.0,150.0,3.1789848619768475,525.0,-34.0,-255.0,11337.0,350.0,93.85714285714286,130.42857142857142,355.14285714285717,2023-12
2024-01-01,92.0,124.0,93.0,10870.0,290.0,124.0,"10,870",290.0,93.0,290.0,101.08695652173914,2.667893284268629,315.2173913043478,-1.0,-197.0,10994.0,311.8279569892473,92.0,121.14285714285714,357.7142857142857,2024-01
2024-01-02,113.0,162.0,107.0,10770.0,316.0,162.0,"10,770",316.0,107.0,316.0,94.69026548672566,2.934076137418756,279.646017699115,6.0,-209.0,10932.0,295.3271028037383,88.71428571428571,118.85714285714286,347.14285714285717,2024-01
2024-01-03,106.0,196.0,131.0,10718.0,263.0,196.0,"10,718",263.0,131.0,263.0,123.58490566037736,2.453816010449711,248.1132075471698,-25.0,-132.0,10914.0,200.76335877862596,85.57142857142857,112.28571428571429,313.7142857142857,2024-01
2024-01-04,86.0,152.0,168.0,10558.0,362.0,152.0,"10,558",362.0,168.0,362.0,195.3488372093023,3.428679674180716,420.93023255813955,-82.0,-194.0,10710.0,215.47619047619045,85.0,107.0,315.85714285714283,2024-01
2024-01-07,84.0,118.0,136.0,9670.0,367.0,118.0,"9,670",367.0,136.0,367.0,161.9047619047619,3.795243019648397,436.90476190476187,-52.0,-231.0,9788.0,269.8529411764706,89.0,116.71428571428571,327.14285714285717,2024-01
2024-01-08,59.0,64.0,117.0,9670.0,367.0,64.0,"9,670",367.0,117.0,367.0,198.3050847457627,3.795243019648397,622.0338983050848,-58.0,-250.0,9734.0,313.6752136752137,86.85714285714286,122.0,331.7142857142857,2024-01
2024-01-09,62.0,97.0,52.0,9311.0,286.0,97.0,"9,311",286.0,52.0,286.0,83.87096774193549,3.0716356997100203,461.2903225806452,10.0,-234.0,9408.0,550.0,86.0,114.85714285714286,321.57142857142856,2024-01
2024-01-10,91.0,75.0,97.0,9144.0,349.0,75.0,"9,144",349.0,97.0,349.0,106.5934065934066,3.8167104111986005,383.5164835164835,-6.0,-252.0,9219.0,359.7938144329897,85.85714285714286,115.42857142857143,330.0,2024-01
2024-01-11,29.0,51.0,11.0,8829.0,476.0,51.0,"8,829",476.0,11.0,476.0,37.93103448275862,5.391324045758297,1641.3793103448277,18.0,-465.0,8880.0,4327.272727272727,73.85714285714286,101.71428571428571,352.85714285714283,2024-01
2024-01-15,33.0,53.0,34.0,8033.0,234.0,53.0,"8,033",234.0,34.0,234.0,103.03030303030303,2.9129839412423753,709.0909090909091,-1.0,-200.0,8086.0,688.2352941176471,63.42857142857143,87.85714285714286,348.7142857142857,2024-01
2024-01-16,32.0,49.0,39.0,8133.0,188.0,49.0,"8,133",188.0,39.0,188.0,121.875,2.311570146317472,587.5,-7.0,-149.0,8182.0,482.05128205128204,55.714285714285715,69.42857142857143,323.85714285714283,2024-01
2024-01-17,80.0,176.0,125.0,8072.0,353.0,176.0,"8,072",353.0,125.0,353.0,156.25,4.373141724479683,441.24999999999994,-45.0,-228.0,8248.0,282.4,55.142857142857146,67.85714285714286,321.85714285714283,2024-01
2024-01-18,116.0,188.0,164.0,8042.0,359.0,188.0,"8,042",359.0,164.0,359.0,141.3793103448276,4.464063665754788,309.48275862068965,-48.0,-195.0,8230.0,218.90243902439025,63.285714285714285,74.57142857142857,320.7142857142857,2024-01
2024-01-21,105.0,185.0,158.0,7974.0,371.0,185.0,"7,974",371.0,158.0,371.0,150.47619047619048,4.652621018309506,353.3333333333333,-53.0,-213.0,8159.0,234.81012658227849,69.42857142857143,89.71428571428571,332.85714285714283,2024-01
2024-01-22,136.0,246.0,123.0,8008.0,222.0,246.0,"8,008",222.0,123.0,222.0,90.44117647058823,2.7722277722277724,163.23529411764704,13.0,-99.0,8254.0,180.4878048780488,75.85714285714286,93.42857142857143,314.7142857142857,2024-01
2024-01-23,128.0,228.0,177.0,8133.0,202.0,228.0,"8,133",202.0,177.0,202.0,138.28125,2.4837083487028155,157.8125,-49.0,-25.0,8361.0,114.12429378531073,90.0,117.14285714285714,275.57142857142856,2024-01
2024-01-24,90.0,196.0,205.0,8212.0,243.0,196.0,"8,212",243.0,205.0,243.0,227.77777777777777,2.959084266926449,270.0,-115.0,-38.0,8408.0,118.53658536585365,98.14285714285714,141.57142857142858,276.85714285714283,2024-01
2024-01-25,102.0,189.0,155.0,8180.0,293.0,189.0,"8,180",293.0,155.0,293.0,151.96078431372547,3.581907090464548,287.2549019607843,-53.0,-138.0,8369.0,189.03225806451613,108.14285714285714,158.14285714285714,291.85714285714283,2024-01
2024-01-28,120.0,257.0,126.0,8004.0,307.0,257.0,"8,004",307.0,126.0,307.0,105.0,3.835582208895552,255.83333333333331,-6.0,-181.0,8261.0,243.65079365079362,113.85714285714286,158.28571428571428,285.2857142857143,2024-01
2024-01-29,137.0,272.0,166.0,8057.0,195.0,272.0,"8,057",195.0,166.0,195.0,121.16788321167884,2.4202556782921683,142.33576642335765,-29.0,-29.0,8329.0,117.46987951807229,116.85714285714286,158.57142857142858,261.85714285714283,2024-01
2024-01-30,93.0,198.0,208.0,8182.0,187.0,198.0,"8,182",187.0,208.0,187.0,223.6559139784946,2.285504766560743,201.0752688172043,-115.0,21.0,8380.0,89.90384615384616,115.14285714285714,165.71428571428572,235.57142857142858,2024-01
2024-01-31,203.0,477.0,258.0,8153.0,266.0,477.0,"8,153",266.0,258.0,266.0,127.0935960591133,3.262602722924077,131.0344827586207,-55.0,-8.0,8630.0,103.10077519379846,124.71428571428571,185.0,241.85714285714286,2024-01
2024-02-01,222.0,459.0,289.0,8026.0,337.0,459.0,"8,026",337.0,289.0,337.0,130.18018018018017,4.198853725392474,151.80180180180182,-67.0,-48.0,8485.0,116.6089965397924,138.14285714285714,201.0,261.14285714285717,2024-02
2024-02-04,253.0,531.0,248.0,7813.0,342.0,531.0,"7,813",342.0,248.0,342.0,98.02371541501977,4.377319851529502,135.17786561264822,5.0,-94.0,8344.0,137.90322580645162,161.42857142857142,207.14285714285714,275.2857142857143,2024-02
2024-02-05,157.0,466.0,345.0,7872.0,242.0,466.0,"7,872",242.0,345.0,242.0,219.74522292993632,3.0741869918699187,154.14012738853503,-188.0,103.0,8338.0,70.14492753623188,169.28571428571428,234.28571428571428,268.0,2024-02
2024-02-06,291.0,455.0,323.0,8045.0,178.0,455.0,"8,045",178.0,323.0,178.0,110.99656357388317,2.2125543816034803,61.16838487972509,-32.0,145.0,8500.0,55.10835913312694,193.71428571428572,262.42857142857144,249.57142857142858,2024-02
2024-02-07,227.0,453.0,330.0,8160.0,222.0,453.0,"8,160",222.0,330.0,222.0,145.37444933920705,2.7205882352941178,97.79735682819384,-103.0,108.0,8613.0,67.27272727272727,206.57142857142858,285.85714285714283,253.42857142857142,2024-02
2024-02-08,298.0,499.0,358.0,8188.0,315.0,499.0,"8,188",315.0,358.0,315.0,120.13422818791946,3.8470933072789446,105.70469798657717,-60.0,43.0,8687.0,87.98882681564247,235.85714285714286,307.2857142857143,271.7142857142857,2024-02
2024-02-11,205.0,515.0,226.0,8056.0,347.0,515.0,"8,056",347.0,226.0,347.0,110.2439024390244,4.3073485600794434,169.2682926829268,-21.0,-121.0,8571.0,153.53982300884957,236.14285714285714,302.7142857142857,283.2857142857143,2024-02
2024-02-12,213.0,430.0,440.0,8092.0,234.0,430.0,"8,092",234.0,440.0,234.0,206.57276995305165,2.8917449332674248,109.85915492957747,-227.0,206.0,8522.0,53.18181818181819,234.85714285714286,324.2857142857143,268.57142857142856,2024-02
2024-02-13,227.0,369.0,349.0,8348.0,160.0,369.0,"8,348",160.0,349.0,160.0,153.74449339207047,1.9166267369429804,70.48458149779736,-122.0,189.0,8717.0,45.845272206303726,231.14285714285714,338.7142857142857,242.57142857142858,2024-02
2024-02-14,185.0,322.0,272.0,8512.0,230.0,322.0,"8,512",230.0,272.0,230.0,147.02702702702703,2.702067669172932,124.32432432432432,-87.0,42.0,8834.0,84.55882352941177,235.14285714285714,328.2857142857143,240.85714285714286,2024-02
2024-02-15,333.0,508.0,272.0,8463.0,312.0,508.0,"8,463",312.0,272.0,312.0,81.68168168168168,3.686635944700461,93.69369369369369,61.0,-40.0,8971.0,114.70588235294117,241.14285714285714,321.0,260.0,2024-02
2024-02-19,249.0,420.0,371.0,8380.0,218.0,420.0,"8,380",218.0,371.0,218.0,148.99598393574297,2.6014319809069213,87.55020080321285,-122.0,153.0,8800.0,58.760107816711596,244.28571428571428,326.85714285714283,259.42857142857144,2024-02
2024-02-20,149.0,395.0,273.0,8488.0,192.0,395.0,"8,488",192.0,273.0,192.0,183.2214765100671,2.2620169651272386,128.85906040268455,-124.0,81.0,8883.0,70.32967032967034,223.0,314.7142857142857,241.85714285714286,2024-02
2024-02-21,232.0,430.0,318.0,8573.0,231.0,430.0,"8,573",231.0,318.0,231.0,137.06896551724137,2.6945060072320075,99.56896551724138,-86.0,87.0,9003.0,72.64150943396226,226.85714285714286,327.85714285714283,225.28571428571428,2024-02
2024-02-22,165.0,400.0,292.0,8607.0,293.0,400.0,"8,607",293.0,292.0,293.0,176.96969696969697,3.40420587893575,177.5757575757576,-127.0,-1.0,9007.0,100.34246575342465,220.0,306.7142857142857,233.71428571428572,2024-02
2024-02-25,244.0,482.0,366.0,8404.0,329.0,482.0,"8,404",329.0,366.0,329.0,150.0,3.914802475011899,134.8360655737705,-122.0,37.0,8886.0,89.89071038251366,222.42857142857142,309.14285714285717,257.85714285714283,2024-02
2024-02-26,199.0,438.0,326.0,8404.0,329.0,438.0,"8,404",329.0,326.0,329.0,163.81909547738692,3.914802475011899,165.32663316582915,-127.0,-3.0,8842.0,100.920245398773,224.42857142857142,316.85714285714283,272.0,2024-02
2024-02-27,197.0,369.0,306.0,8650.0,206.0,369.0,"8,650",206.0,306.0,206.0,155.32994923857868,2.3815028901734103,104.56852791878173,-109.0,100.0,9019.0,67.3202614379085,205.0,321.7142857142857,256.85714285714283,2024-02
2024-02-28,209.0,447.0,274.0,8699.0,257.0,447.0,"8,699",257.0,274.0,257.0,131.10047846889952,2.954362570410392,122.9665071770335,-65.0,17.0,9146.0,93.7956204379562,199.28571428571428,307.85714285714283,262.42857142857144,2024-02
2024-02-29,262.0,444.0,354.0,8724.0,299.0,444.0,"8,724",299.0,354.0,299.0,135.1145038167939,3.4273269142595137,114.12213740458014,-92.0,55.0,9168.0,84.4632768361582,215.42857142857142,319.42857142857144,277.7142857142857,2024-02
2024-03-03,236.0,468.0,347.0,8594.0,354.0,468.0,"8,594",354.0,347.0,354.0,147.03389830508476,4.119152897370258,150.0,-111.0,-7.0,9062.0,102.01729106628241,216.0,323.57142857142856,295.2857142857143,2024-03
2024-03-04,225.0,509.0,340.0,8660.0,229.0,509.0,"8,660",229.0,340.0,229.0,151.11111111111111,2.644341801385681,101.77777777777777,-115.0,111.0,9169.0,67.3529411764706,224.57142857142858,330.42857142857144,286.14285714285717,2024-03
2024-03-05,246.0,472.0,345.0,8800.0,214.0,472.0,"8,800",214.0,345.0,214.0,140.2439024390244,2.4318181818181817,86.99186991869918,-99.0,131.0,9272.0,62.02898550724638,224.85714285714286,327.42857142857144,269.7142857142857,2024-03
2024-03-06,230.0,457.0,277.0,8870.0,232.0,457.0,"8,870",232.0,277.0,232.0,120.43478260869564,2.6155580608793687,100.8695652173913,-47.0,45.0,9327.0,83.75451263537906,229.28571428571428,320.42857142857144,255.85714285714286,2024-03
2024-03-07,181.0,424.0,328.0,8902.0,305.0,424.0,"8,902",305.0,328.0,305.0,181.21546961325967,3.426196360368457,168.50828729281767,-147.0,23.0,9326.0,92.98780487804879,227.0,323.57142857142856,270.0,2024-03
2024-03-10,190.0,368.0,326.0,8714.0,373.0,368.0,"8,714",373.0,326.0,373.0,171.57894736842104,4.280468212072527,196.31578947368422,-136.0,-47.0,9082.0,114.41717791411044,224.28571428571428,331.0,286.57142857142856,2024-03
2024-03-11,178.0,336.0,290.0,8757.0,253.0,336.0,"8,757",253.0,290.0,253.0,162.92134831460675,2.889117277606486,142.13483146067415,-112.0,37.0,9093.0,87.24137931034483,212.28571428571428,321.85714285714283,280.0,2024-03
2024-03-12,154.0,294.0,290.0,8843.0,213.0,294.0,"8,843",213.0,290.0,213.0,188.31168831168833,2.408684835463078,138.31168831168833,-136.0,77.0,9137.0,73.44827586206897,200.57142857142858,313.7142857142857,259.85714285714283,2024-03
2024-03-13,165.0,358.0,167.0,8819.0,239.0,358.0,"8,819",239.0,167.0,239.0,101.21212121212122,2.7100578296859057,144.84848484848484,-2.0,-72.0,9177.0,143.11377245508982,192.0,289.0,261.2857142857143,2024-03
2024-03-14,166.0,301.0,252.0,8695.0,310.0,301.0,"8,695",310.0,252.0,310.0,151.80722891566265,3.565267395054629,186.74698795180723,-86.0,-58.0,8996.0,123.01587301587303,180.57142857142858,275.7142857142857,275.0,2024-03
2024-03-17,127.0,260.0,259.0,8373.0,342.0,260.0,"8,373",342.0,259.0,342.0,203.93700787401573,4.084557506270154,269.29133858267716,-132.0,-83.0,8633.0,132.04633204633205,165.85714285714286,273.14285714285717,290.7142857142857,2024-03
2024-03-18,123.0,243.0,188.0,8333.0,283.0,243.0,"8,333",283.0,188.0,283.0,152.84552845528455,3.3961358454338173,230.0813008130081,-65.0,-95.0,8576.0,150.531914893617,157.57142857142858,253.14285714285714,287.57142857142856,2024-03
2024-03-19,99.0,202.0,256.0,8390.0,197.0,202.0,"8,390",197.0,256.0,197.0,258.5858585858586,2.34803337306317,198.989898989899,-157.0,59.0,8592.0,76.953125,144.57142857142858,243.14285714285714,262.42857142857144,2024-03
2024-03-20,91.0,181.0,174.0,8365.0,227.0,181.0,"8,365",227.0,174.0,227.0,191.2087912087912,2.713687985654513,249.45054945054946,-83.0,-53.0,8546.0,130.45977011494253,132.14285714285714,226.57142857142858,258.7142857142857,2024-03
2024-03-21,132.0,261.0,141.0,8292.0,235.0,261.0,"8,292",235.0,141.0,235.0,106.81818181818181,2.8340569223347805,178.03030303030303,-9.0,-94.0,8553.0,166.66666666666669,129.0,205.28571428571428,261.85714285714283,2024-03
2024-03-24,124.0,264.0,221.0,7899.0,373.0,264.0,"7,899",373.0,221.0,373.0,178.2258064516129,4.722116723635903,300.80645161290323,-97.0,-152.0,8163.0,168.77828054298644,123.14285714285714,213.0,281.0,2024-03
2024-03-25,128.0,242.0,224.0,7899.0,229.0,242.0,"7,899",229.0,224.0,229.0,175.0,2.8991011520445626,178.90625,-96.0,-5.0,8141.0,102.23214285714286,117.71428571428571,209.0,269.42857142857144,2024-03
2024-03-26,187.0,276.0,200.0,7919.0,208.0,276.0,"7,919",208.0,200.0,208.0,106.95187165775401,2.6265942669528983,111.22994652406418,-13.0,-8.0,8195.0,104.0,126.28571428571429,200.57142857142858,250.28571428571428,2024-03
2024-03-27,129.0,287.0,185.0,7893.0,215.0,287.0,"7,893",215.0,185.0,215.0,143.41085271317831,2.7239325985050042,166.66666666666669,-56.0,-30.0,8180.0,116.21621621621621,127.14285714285714,200.14285714285714,240.57142857142858,2024-03
2024-03-28,161.0,288.0,248.0,7762.0,360.0,288.0,"7,762",360.0,248.0,360.0,154.03726708074535,4.637979902087091,223.60248447204967,-87.0,-112.0,8050.0,145.16129032258064,136.0,199.0,263.85714285714283,2024-03
2024-03-31,105.0,254.0,151.0,7257.0,287.0,254.0,"7,257",287.0,151.0,287.0,143.8095238095238,3.954802259887006,273.3333333333333,-46.0,-136.0,7511.0,190.0662251655629,138.0,195.71428571428572,272.42857142857144,2024-03
2024-04-01,109.0,235.0,171.0,7271.0,172.0,235.0,"7,271",172.0,171.0,172.0,156.88073394495413,2.3655618209324714,157.7981651376147,-62.0,-1.0,7506.0,100.58479532163742,134.71428571428572,200.0,263.42857142857144,2024-04
2024-04-02,101.0,230.0,175.0,7340.0,132.0,230.0,"7,340",132.0,175.0,132.0,173.26732673267327,1.7983651226158037,130.6930693069307,-74.0,43.0,7570.0,75.42857142857143,131.42857142857142,193.42857142857142,229.0,2024-04
2024-04-03,124.0,230.0,190.0,7346.0,163.0,230.0,"7,346",163.0,190.0,163.0,153.2258064516129,2.218894636536891,131.4516129032258,-66.0,27.0,7576.0,85.78947368421052,130.85714285714286,188.57142857142858,219.57142857142858,2024-04
2024-04-04,95.0,226.0,152.0,7317.0,225.0,226.0,"7,317",225.0,152.0,225.0,160.0,3.075030750307503,236.84210526315786,-57.0,-73.0,7543.0,148.0263157894737,117.71428571428571,181.71428571428572,222.0,2024-04
2024-04-07,106.0,239.0,233.0,6982.0,279.0,239.0,"6,982",279.0,233.0,279.0,219.81132075471697,3.9959896877685477,263.20754716981133,-127.0,-46.0,7221.0,119.74248927038627,114.42857142857143,188.57142857142858,231.14285714285714,2024-04
2024-04-08,102.0,230.0,167.0,6988.0,199.0,230.0,"6,988",199.0,167.0,199.0,163.72549019607843,2.847738981110475,195.09803921568627,-65.0,-32.0,7218.0,119.16167664670658,106.0,177.0,208.14285714285714,2024-04
2024-04-09,118.0,231.0,217.0,7043.0,130.0,231.0,"7,043",130.0,217.0,130.0,183.89830508474577,1.8458043447394576,110.16949152542372,-99.0,87.0,7274.0,59.907834101382484,107.85714285714286,186.42857142857142,185.71428571428572,2024-04
2024-04-10,117.0,244.0,142.0,6999.0,227.0,244.0,"6,999",227.0,142.0,227.0,121.36752136752136,3.243320474353479,194.01709401709402,-25.0,-85.0,7243.0,159.85915492957747,109.0,182.28571428571428,193.57142857142858,2024-04
2024-04-11,183.0,221.0,220.0,6912.0,285.0,221.0,"6,912",285.0,220.0,285.0,120.21857923497268,4.123263888888888,155.7377049180328,-37.0,-65.0,7133.0,129.54545454545453,120.71428571428571,188.71428571428572,215.42857142857142,2024-04
2024-04-14,128.0,245.0,243.0,6630.0,290.0,245.0,"6,630",290.0,243.0,290.0,189.84375,4.374057315233785,226.5625,-115.0,-47.0,6875.0,119.34156378600822,121.28571428571429,196.28571428571428,233.57142857142858,2024-04
2024-04-15,144.0,303.0,176.0,6681.0,191.0,303.0,"6,681",191.0,176.0,191.0,122.22222222222223,2.8588534650501423,132.63888888888889,-32.0,-15.0,6984.0,108.52272727272727,128.28571428571428,199.71428571428572,228.71428571428572,2024-04
2024-04-16,219.0,392.0,205.0,6685.0,163.0,392.0,"6,685",163.0,205.0,163.0,93.60730593607306,2.43829468960359,74.42922374429224,14.0,42.0,7077.0,79.51219512195122,144.42857142857142,195.71428571428572,212.14285714285714,2024-04
2024-04-17,182.0,371.0,274.0,6725.0,227.0,371.0,"6,725",227.0,274.0,227.0,150.54945054945054,3.37546468401487,124.72527472527473,-92.0,47.0,7096.0,82.84671532846716,155.85714285714286,211.0,216.14285714285714,2024-04
2024-04-18,144.0,322.0,258.0,6728.0,260.0,322.0,"6,728",260.0,258.0,260.0,179.16666666666669,3.864447086801427,180.55555555555557,-114.0,-2.0,7050.0,100.7751937984496,159.57142857142858,216.85714285714286,234.71428571428572,2024-04
2024-04-21,208.0,380.0,343.0,6745.0,240.0,380.0,"6,745",240.0,343.0,240.0,164.90384615384613,3.558191252779837,115.38461538461537,-135.0,103.0,7125.0,69.97084548104957,172.57142857142858,245.57142857142858,236.57142857142858,2024-04
2024-04-22,176.0,424.0,251.0,6799.0,214.0,424.0,"6,799",214.0,251.0,214.0,142.61363636363635,3.1475216943668185,121.59090909090908,-75.0,37.0,7223.0,85.2589641434263,171.57142857142858,250.0,226.42857142857142,2024-04
2024-04-23,252.0,427.0,307.0,6967.0,134.0,427.0,"6,967",134.0,307.0,134.0,121.82539682539681,1.9233529496196353,53.17460317460318,-55.0,173.0,7394.0,43.648208469055376,189.28571428571428,259.14285714285717,204.14285714285714,2024-04
2024-04-24,253.0,411.0,307.0,7128.0,154.0,411.0,"7,128",154.0,307.0,154.0,121.34387351778658,2.1604938271604937,60.86956521739131,-54.0,153.0,7539.0,50.1628664495114,204.85714285714286,277.85714285714283,198.85714285714286,2024-04
2024-04-25,145.0,357.0,333.0,7209.0,217.0,357.0,"7,209",217.0,333.0,217.0,229.65517241379308,3.010126231100014,149.6551724137931,-188.0,116.0,7566.0,65.16516516516516,194.28571428571428,296.14285714285717,206.57142857142858,2024-04
2024-04-28,158.0,349.0,365.0,7298.0,250.0,349.0,"7,298",250.0,365.0,250.0,231.01265822784808,3.4255960537133463,158.22784810126583,-207.0,115.0,7647.0,68.4931506849315,190.85714285714286,309.14285714285717,209.85714285714286,2024-04
2024-04-29,140.0,292.0,255.0,7373.0,187.0,292.0,"7,373",187.0,255.0,187.0,182.14285714285714,2.5362810253628103,133.57142857142856,-115.0,68.0,7665.0,73.33333333333333,190.28571428571428,308.7142857142857,199.42857142857142,2024-04
2024-04-30,220.0,443.0,194.0,7431.0,135.0,443.0,"7,431",135.0,194.0,135.0,88.18181818181819,1.8167137666532096,61.36363636363637,26.0,59.0,7874.0,69.58762886597938,192.0,287.42857142857144,184.42857142857142,2024-04
2024-05-01,197.0,437.0,295.0,7508.0,190.0,437.0,"7,508",190.0,295.0,190.0,149.746192893401,2.530633990410229,96.44670050761421,-98.0,105.0,7945.0,64.40677966101694,195.0,293.7142857142857,181.0,2024-05
2024-05-02,206.0,411.0,293.0,7577.0,194.0,411.0,"7,577",194.0,293.0,194.0,142.23300970873788,2.560380097663983,94.1747572815534,-87.0,99.0,7988.0,66.21160409556313,188.42857142857142,291.7142857142857,189.57142857142858,2024-05
2024-05-05,150.0,315.0,228.0,7447.0,332.0,315.0,"7,447",332.0,228.0,332.0,152.0,4.458171075600913,221.33333333333334,-78.0,-104.0,7762.0,145.61403508771932,173.71428571428572,280.42857142857144,215.0,2024-05
2024-05-06,173.0,337.0,211.0,7449.0,205.0,337.0,"7,449",205.0,211.0,205.0,121.96531791907515,2.752047254665056,118.4971098265896,-38.0,6.0,7786.0,97.1563981042654,177.71428571428572,263.0,213.28571428571428,2024-05
2024-05-07,176.0,334.0,246.0,7566.0,163.0,334.0,"7,566",163.0,246.0,163.0,139.77272727272728,2.154374834787206,92.61363636363636,-70.0,83.0,7900.0,66.26016260162602,180.28571428571428,246.0,200.85714285714286,2024-05
2024-05-08,167.0,374.0,205.0,7583.0,202.0,374.0,"7,583",202.0,205.0,202.0,122.75449101796407,2.663853356191481,120.95808383233533,-38.0,3.0,7957.0,98.53658536585365,184.14285714285714,238.85714285714286,203.0,2024-05
2024-05-09,138.0,285.0,268.0,7570.0,244.0,285.0,"7,570",244.0,268.0,244.0,194.20289855072463,3.223249669749009,176.81159420289856,-130.0,24.0,7855.0,91.04477611940298,172.42857142857142,249.42857142857142,218.57142857142858,2024-05
2024-05-12,138.0,301.0,263.0,7464.0,245.0,301.0,"7,464",245.0,263.0,245.0,190.57971014492753,3.2824222936763134,177.53623188405797,-125.0,18.0,7765.0,93.15589353612167,164.0,244.85714285714286,226.42857142857142,2024-05
2024-05-13,112.0,331.0,167.0,7499.0,157.0,331.0,"7,499",157.0,167.0,157.0,149.10714285714286,2.093612481664222,140.17857142857142,-55.0,10.0,7830.0,94.01197604790418,150.57142857142858,226.85714285714286,221.14285714285714,2024-05
2024-05-14,246.0,419.0,218.0,7546.0,186.0,419.0,"7,546",186.0,218.0,186.0,88.6178861788618,2.4648820567187912,75.60975609756098,28.0,32.0,7965.0,85.3211009174312,164.28571428571428,225.42857142857142,200.28571428571428,2024-05
2024-05-15,115.0,285.0,341.0,7589.0,265.0,285.0,"7,589",265.0,341.0,265.0,296.5217391304348,3.491896165502701,230.43478260869566,-226.0,76.0,7874.0,77.71260997067448,156.0,244.0,208.85714285714286,2024-05
2024-05-16,206.0,340.0,214.0,7565.0,234.0,340.0,"7,565",234.0,214.0,234.0,103.88349514563106,3.0931923331130204,113.59223300970874,-8.0,-20.0,7905.0,109.34579439252336,160.28571428571428,239.42857142857142,219.0,2024-05
2024-05-19,143.0,295.0,278.0,7356.0,298.0,295.0,"7,356",298.0,278.0,298.0,194.4055944055944,4.051114736269712,208.39160839160837,-135.0,-20.0,7651.0,107.19424460431655,156.85714285714286,249.85714285714286,232.71428571428572,2024-05
2024-05-20,111.0,268.0,217.0,7368.0,192.0,268.0,"7,368",192.0,217.0,192.0,195.4954954954955,2.6058631921824107,172.97297297297297,-106.0,25.0,7636.0,88.47926267281106,153.0,242.57142857142858,225.28571428571428,2024-05
2024-05-21,196.0,348.0,176.0,7404.0,145.0,348.0,"7,404",145.0,176.0,145.0,89.79591836734694,1.958400864397623,73.9795918367347,20.0,31.0,7752.0,82.38636363636364,161.28571428571428,230.14285714285714,211.0,2024-05
2024-05-22,168.0,349.0,272.0,7474.0,208.0,349.0,"7,474",208.0,272.0,208.0,161.9047619047619,2.7829810008027827,123.80952380952381,-104.0,64.0,7823.0,76.47058823529412,169.28571428571428,245.14285714285714,218.28571428571428,2024-05
2024-05-23,193.0,272.0,314.0,7494.0,227.0,272.0,"7,494",227.0,314.0,227.0,162.69430051813472,3.029089938617561,117.61658031088082,-121.0,87.0,7766.0,72.29299363057325,161.71428571428572,258.85714285714283,224.14285714285714,2024-05
2024-05-27,156.0,344.0,252.0,7365.0,167.0,344.0,"7,365",167.0,252.0,167.0,161.53846153846155,2.267481330617787,107.05128205128204,-96.0,85.0,7709.0,66.26984126984127,167.57142857142858,246.14285714285714,210.14285714285714,2024-05
2024-05-28,153.0,348.0,239.0,7418.0,151.0,348.0,"7,418",151.0,239.0,151.0,156.20915032679738,2.035589107576166,98.69281045751634,-86.0,88.0,7766.0,63.17991631799163,160.0,249.71428571428572,198.28571428571428,2024-05
2024-05-29,182.0,462.0,158.0,7491.0,141.0,462.0,"7,491",141.0,158.0,141.0,86.81318681318682,1.8822587104525432,77.47252747252747,24.0,17.0,7953.0,89.24050632911393,165.57142857142858,232.57142857142858,175.85714285714286,2024-05
2024-05-30,167.0,406.0,339.0,7563.0,190.0,406.0,"7,563",190.0,339.0,190.0,202.99401197604791,2.5122305963242098,113.77245508982037,-172.0,149.0,7969.0,56.04719764011799,173.57142857142858,250.0,175.57142857142858,2024-05
2024-06-02,159.0,330.0,322.0,7546.0,306.0,330.0,"7,546",306.0,322.0,306.0,202.51572327044025,4.055128544924464,192.45283018867926,-163.0,16.0,7876.0,95.03105590062113,168.28571428571428,270.85714285714283,198.57142857142858,2024-06
2024-06-03,109.0,244.0,257.0,7596.0,224.0,244.0,"7,596",224.0,257.0,224.0,235.77981651376146,2.948920484465508,205.50458715596332,-148.0,33.0,7840.0,87.15953307392996,159.85714285714286,268.7142857142857,200.85714285714286,2024-06
2024-06-04,260.0,356.0,176.0,7565.0,203.0,356.0,"7,565",203.0,176.0,203.0,67.6923076923077,2.683410442828817,78.07692307692308,84.0,-27.0,7921.0,115.34090909090908,169.42857142857142,249.0,197.42857142857142,2024-06
2024-06-05,173.0,345.0,291.0,7691.0,198.0,345.0,"7,691",198.0,291.0,198.0,168.20809248554914,2.5744376544012484,114.45086705202311,-118.0,93.0,8036.0,68.04123711340206,171.85714285714286,254.57142857142858,201.85714285714286,2024-06
2024-06-06,179.0,326.0,282.0,7741.0,238.0,326.0,"7,741",238.0,282.0,238.0,157.54189944134077,3.074538173362615,132.9608938547486,-103.0,44.0,8067.0,84.39716312056737,175.57142857142858,260.7142857142857,214.28571428571428,2024-06
2024-06-09,116.0,289.0,166.0,7451.0,312.0,289.0,"7,451",312.0,166.0,312.0,143.10344827586206,4.187357401691048,268.9655172413793,-50.0,-146.0,7740.0,187.95180722891567,166.14285714285714,261.85714285714283,238.71428571428572,2024-06
2024-06-10,184.0,334.0,229.0,7439.0,212.0,334.0,"7,439",212.0,229.0,212.0,124.45652173913044,2.849845409329211,115.21739130434783,-45.0,17.0,7773.0,92.57641921397381,168.57142857142858,246.14285714285714,241.85714285714286,2024-06
2024-06-11,186.0,352.0,224.0,7493.0,156.0,352.0,"7,493",156.0,224.0,156.0,120.43010752688173,2.0819431469371414,83.87096774193549,-38.0,68.0,7845.0,69.64285714285714,172.42857142857142,232.14285714285714,220.42857142857142,2024-06
2024-06-12,152.0,266.0,274.0,7548.0,212.0,266.0,"7,548",212.0,274.0,212.0,180.26315789473685,2.808691043985162,139.4736842105263,-122.0,62.0,7814.0,77.37226277372264,178.57142857142858,234.57142857142858,218.71428571428572,2024-06
2024-06-13,167.0,293.0,230.0,7544.0,259.0,293.0,"7,544",259.0,230.0,259.0,137.7245508982036,3.433191940615058,155.08982035928142,-63.0,-29.0,7837.0,112.6086956521739,165.28571428571428,242.28571428571428,226.71428571428572,2024-06
2024-06-16,204.0,315.0,233.0,7307.0,294.0,315.0,"7,307",294.0,233.0,294.0,114.21568627450979,4.023539072122622,144.11764705882354,-29.0,-61.0,7622.0,126.1802575107296,169.71428571428572,234.0,240.42857142857142,2024-06
2024-06-17,159.0,310.0,272.0,7318.0,224.0,310.0,"7,318",224.0,272.0,224.0,171.0691823899371,3.0609456135556163,140.88050314465409,-113.0,48.0,7628.0,82.35294117647058,166.85714285714286,232.57142857142858,238.42857142857142,2024-06
2024-06-18,160.0,297.0,253.0,7340.0,214.0,297.0,"7,340",214.0,253.0,214.0,158.125,2.915531335149864,133.75,-93.0,39.0,7637.0,84.58498023715416,173.14285714285714,245.0,224.42857142857142,2024-06
2024-06-19,204.0,321.0,246.0,7433.0,198.0,321.0,"7,433",198.0,246.0,198.0,120.58823529411764,2.6637965828064036,97.05882352941177,-42.0,48.0,7754.0,80.48780487804879,176.0,247.42857142857142,222.42857142857142,2024-06
2024-06-20,145.0,247.0,243.0,7431.0,235.0,247.0,"7,431",235.0,243.0,235.0,167.58620689655172,3.1624276678778087,162.06896551724137,-98.0,8.0,7678.0,96.70781893004116,170.14285714285714,250.14285714285714,233.71428571428572,2024-06
2024-06-23,102.0,227.0,201.0,7247.0,294.0,227.0,"7,247",294.0,201.0,294.0,197.05882352941177,4.0568511108044705,288.2352941176471,-99.0,-93.0,7474.0,146.26865671641792,163.0,239.71428571428572,245.42857142857142,2024-06
2024-06-24,116.0,175.0,172.0,7239.0,202.0,175.0,"7,239",202.0,172.0,202.0,148.27586206896552,2.7904406686006356,174.13793103448276,-56.0,-30.0,7414.0,117.44186046511629,155.71428571428572,231.42857142857142,237.28571428571428,2024-06
2024-06-25,172.0,263.0,191.0,7239.0,202.0,263.0,"7,239",202.0,191.0,202.0,111.04651162790698,2.7904406686006356,117.44186046511629,-19.0,-11.0,7502.0,105.75916230366491,151.14285714285714,225.42857142857142,224.14285714285714,2024-06
2024-06-26,132.0,235.0,197.0,7268.0,187.0,235.0,"7,268",187.0,197.0,187.0,149.24242424242425,2.572922399559714,141.66666666666669,-65.0,10.0,7503.0,94.9238578680203,147.28571428571428,214.71428571428572,218.85714285714286,2024-06
2024-06-27,174.0,208.0,256.0,7248.0,268.0,208.0,"7,248",268.0,256.0,268.0,147.1264367816092,3.69757174392936,154.02298850574712,-82.0,-12.0,7456.0,104.6875,149.28571428571428,215.14285714285714,226.57142857142858,2024-06
2024-06-30,123.0,230.0,167.0,6874.0,273.0,230.0,"6,874",273.0,167.0,273.0,135.77235772357724,3.971486761710794,221.95121951219514,-44.0,-106.0,7104.0,163.47305389221555,137.71428571428572,203.85714285714286,237.28571428571428,2024-06
2024-07-01,123.0,233.0,159.0,6825.0,229.0,233.0,"6,825",229.0,159.0,229.0,129.26829268292684,3.355311355311355,186.1788617886179,-36.0,-70.0,7058.0,144.0251572327044,134.57142857142858,191.85714285714286,236.42857142857142,2024-07
2024-07-02,141.0,232.0,188.0,6823.0,184.0,232.0,"6,823",184.0,188.0,184.0,133.33333333333331,2.6967609555913823,130.49645390070924,-47.0,4.0,7055.0,97.87234042553192,140.14285714285714,190.0,220.71428571428572,2024-07
2024-07-04,158.0,226.0,191.0,6790.0,225.0,226.0,"6,790",225.0,191.0,225.0,120.88607594936708,3.313696612665685,142.40506329113924,-33.0,-34.0,7016.0,117.80104712041886,146.14285714285714,192.71428571428572,224.0,2024-07
2024-07-07,96.0,160.0,233.0,6599.0,213.0,160.0,"6,599",213.0,233.0,213.0,242.70833333333334,3.227761782088195,221.875,-137.0,20.0,6759.0,91.41630901287554,135.28571428571428,198.71428571428572,225.57142857142858,2024-07
2024-07-08,141.0,173.0,129.0,6617.0,123.0,173.0,"6,617",123.0,129.0,123.0,91.48936170212765,1.8588484207344718,87.2340425531915,12.0,6.0,6790.0,95.34883720930233,136.57142857142858,189.0,216.42857142857142,2024-07
2024-07-09,116.0,181.0,182.0,6651.0,130.0,181.0,"6,651",130.0,182.0,130.0,156.89655172413794,1.9545932942414677,112.06896551724137,-66.0,52.0,6832.0,71.42857142857143,128.28571428571428,178.42857142857142,196.71428571428572,2024-07
2024-07-10,150.0,157.0,201.0,6649.0,177.0,157.0,"6,649",177.0,201.0,177.0,134.0,2.662054444277335,118.0,-51.0,24.0,6806.0,88.05970149253731,132.14285714285714,183.28571428571428,183.0,2024-07
2024-07-11,80.0,176.0,125.0,6640.0,197.0,176.0,"6,640",197.0,125.0,197.0,156.25,2.966867469879518,246.25,-45.0,-72.0,6816.0,157.6,126.0,178.42857142857142,178.42857142857142,2024-07
2024-07-14,116.0,188.0,164.0,6308.0,237.0,188.0,"6,308",237.0,164.0,237.0,141.3793103448276,3.7571337983513,204.31034482758622,-48.0,-73.0,6496.0,144.5121951219512,122.42857142857143,175.0,186.0,2024-07
2024-07-15,105.0,185.0,158.0,6283.0,171.0,185.0,"6,283",171.0,158.0,171.0,150.47619047619048,2.7216297946840684,162.85714285714286,-53.0,-13.0,6468.0,108.22784810126582,114.85714285714286,170.28571428571428,178.28571428571428,2024-07
2024-07-16,136.0,246.0,123.0,6239.0,173.0,246.0,"6,239",173.0,123.0,173.0,90.44117647058823,2.772880269273922,127.20588235294117,13.0,-50.0,6485.0,140.65040650406505,120.57142857142857,154.57142857142858,172.57142857142858,2024-07
2024-07-17,128.0,228.0,177.0,6228.0,187.0,228.0,"6,228",187.0,177.0,187.0,138.28125,3.0025690430314707,146.09375,-49.0,-10.0,6456.0,105.64971751412429,118.71428571428571,161.42857142857142,181.71428571428572,2024-07
2024-07-21,90.0,196.0,205.0,6058.0,262.0,196.0,"6,058",262.0,205.0,262.0,227.77777777777777,4.324859689666557,291.1111111111111,-115.0,-57.0,6254.0,127.8048780487805,115.0,164.71428571428572,200.57142857142858,2024-07
2024-07-22,102.0,189.0,155.0,6002.0,234.0,189.0,"6,002",234.0,155.0,234.0,151.96078431372547,3.898700433188937,229.41176470588235,-53.0,-79.0,6191.0,150.96774193548387,108.14285714285714,158.14285714285714,208.71428571428572,2024-07
2024-07-23,120.0,257.0,126.0,5965.0,170.0,257.0,"5,965",170.0,126.0,170.0,105.0,2.8499580888516345,141.66666666666669,-6.0,-44.0,6222.0,134.92063492063494,113.85714285714286,158.28571428571428,204.85714285714286,2024-07
2024-07-24,137.0,272.0,166.0,5927.0,177.0,272.0,"5,927",177.0,166.0,177.0,121.16788321167884,2.986333727011979,129.19708029197082,-29.0,-11.0,6199.0,106.62650602409639,116.85714285714286,158.57142857142858,196.28571428571428,2024-07
2024-07-25,93.0,198.0,208.0,5954.0,194.0,198.0,"5,954",194.0,208.0,194.0,223.6559139784946,3.258313738663084,208.6021505376344,-115.0,14.0,6152.0,93.26923076923077,115.14285714285714,165.71428571428572,199.57142857142858,2024-07
2024-07-28,152.0,290.0,199.0,5743.0,207.0,290.0,"5,743",207.0,199.0,207.0,130.92105263157893,3.604387950548494,136.1842105263158,-47.0,-8.0,6033.0,104.02010050251256,117.42857142857143,176.57142857142858,204.42857142857142,2024-07
2024-07-29,114.0,210.0,219.0,5819.0,163.0,210.0,"5,819",163.0,219.0,163.0,192.10526315789474,2.8011685856676403,142.98245614035088,-105.0,56.0,6029.0,74.42922374429224,115.42857142857143,182.57142857142858,201.0,2024-07
2024-07-30,125.0,203.0,208.0,5930.0,92.0,203.0,"5,930",92.0,208.0,92.0,166.4,1.551433389544688,73.6,-83.0,116.0,6133.0,44.230769230769226,120.42857142857143,183.0,176.71428571428572,2024-07
2024-07-31,140.0,261.0,163.0,5963.0,154.0,261.0,"5,963",154.0,163.0,154.0,116.42857142857143,2.582592654704008,110.00000000000001,-23.0,9.0,6224.0,94.47852760736197,125.85714285714286,184.14285714285714,165.28571428571428,2024-07
2024-08-01,227.0,298.0,212.0,6016.0,169.0,298.0,"6,016",169.0,212.0,169.0,93.3920704845815,2.8091755319148937,74.44933920704845,15.0,43.0,6314.0,79.71698113207547,141.14285714285714,196.42857142857142,165.14285714285714,2024-08
2024-08-04,63.0,167.0,143.0,5943.0,170.0,167.0,"5,943",170.0,143.0,170.0,226.984126984127,2.8605081608615177,269.8412698412699,-80.0,-27.0,6110.0,118.88111888111888,130.57142857142858,193.14285714285714,164.14285714285714,2024-08
2024-08-05,172.0,259.0,138.0,5950.0,150.0,259.0,"5,950",150.0,138.0,150.0,80.23255813953489,2.5210084033613445,87.20930232558139,34.0,-12.0,6209.0,108.69565217391303,141.85714285714286,183.14285714285714,157.85714285714286,2024-08
2024-08-06,163.0,283.0,200.0,5998.0,143.0,283.0,"5,998",143.0,200.0,143.0,122.69938650306749,2.3841280426808935,87.73006134969326,-37.0,57.0,6281.0,71.5,143.42857142857142,183.28571428571428,148.71428571428572,2024-08
2024-08-07,135.0,273.0,207.0,6038.0,174.0,273.0,"6,038",174.0,207.0,174.0,153.33333333333334,2.881748923484597,128.88888888888889,-72.0,33.0,6311.0,84.05797101449275,146.42857142857142,181.57142857142858,150.28571428571428,2024-08
2024-08-08,119.0,230.0,213.0,6084.0,174.0,230.0,"6,084",174.0,213.0,174.0,178.99159663865547,2.8599605522682445,146.21848739495798,-94.0,39.0,6314.0,81.69014084507043,145.57142857142858,182.28571428571428,162.0,2024-08
2024-08-11,95.0,211.0,140.0,5894.0,249.0,211.0,"5,894",249.0,140.0,249.0,147.36842105263156,4.224635222259925,262.10526315789474,-45.0,-109.0,6105.0,177.85714285714283,139.14285714285714,179.0,175.57142857142858,2024-08
2024-08-12,109.0,219.0,155.0,5903.0,148.0,219.0,"5,903",148.0,155.0,148.0,142.2018348623853,2.5071997289513805,135.7798165137615,-46.0,7.0,6122.0,95.48387096774194,122.28571428571429,170.85714285714286,172.57142857142858,2024-08
2024-08-13,162.0,239.0,189.0,5981.0,123.0,239.0,"5,981",123.0,189.0,123.0,116.66666666666667,2.056512288914897,75.92592592592592,-27.0,66.0,6220.0,65.07936507936508,136.42857142857142,177.42857142857142,165.85714285714286,2024-08
2024-08-14,109.0,226.0,191.0,5987.0,178.0,226.0,"5,987",178.0,191.0,178.0,175.22935779816513,2.9731084015366624,163.30275229357798,-82.0,13.0,6213.0,93.19371727748691,127.42857142857143,185.0,169.85714285714286,2024-08
2024-08-15,124.0,241.0,156.0,5895.0,220.0,241.0,"5,895",220.0,156.0,220.0,125.80645161290323,3.7319762510602206,177.41935483870967,-32.0,-64.0,6136.0,141.02564102564102,121.85714285714286,178.71428571428572,180.85714285714286,2024-08
2024-08-18,86.0,244.0,235.0,5821.0,178.0,244.0,"5,821",178.0,235.0,178.0,273.25581395348837,3.0578938326747984,206.97674418604652,-149.0,57.0,6065.0,75.74468085106383,114.85714285714286,182.71428571428572,181.42857142857142,2024-08
2024-08-19,176.0,254.0,162.0,5865.0,158.0,254.0,"5,865",158.0,162.0,158.0,92.04545454545455,2.6939471440750213,89.77272727272727,14.0,4.0,6119.0,97.53086419753086,123.0,175.42857142857142,179.14285714285714,2024-08
2024-08-20,136.0,274.0,245.0,5995.0,112.0,274.0,"5,995",112.0,245.0,112.0,180.14705882352942,1.8682235195996666,82.35294117647058,-109.0,133.0,6269.0,45.714285714285715,128.85714285714286,190.42857142857142,159.57142857142858,2024-08
2024-08-21,134.0,245.0,167.0,6028.0,156.0,245.0,"6,028",156.0,167.0,156.0,124.62686567164178,2.5879230258792303,116.4179104477612,-33.0,11.0,6273.0,93.41317365269461,132.42857142857142,192.14285714285714,160.71428571428572,2024-08
2024-08-22,182.0,307.0,205.0,6054.0,171.0,307.0,"6,054",171.0,205.0,171.0,112.63736263736264,2.8245787908820614,93.95604395604396,-23.0,34.0,6361.0,83.41463414634146,135.28571428571428,194.42857142857142,167.57142857142858,2024-08
2024-08-27,149.0,285.0,222.0,6152.0,97.0,285.0,"6,152",97.0,222.0,97.0,148.99328859060404,1.5767230169050714,65.1006711409396,-73.0,125.0,6437.0,43.69369369369369,141.0,198.85714285714286,156.0,2024-08
2024-08-28,170.0,285.0,178.0,6227.0,134.0,285.0,"6,227",134.0,178.0,134.0,104.70588235294119,2.1519190621487074,78.82352941176471,-8.0,44.0,6512.0,75.28089887640449,147.57142857142858,202.0,143.71428571428572,2024-08
2024-08-29,145.0,295.0,188.0,6250.0,169.0,295.0,"6,250",169.0,188.0,169.0,129.65517241379308,2.704,116.55172413793105,-43.0,19.0,6545.0,89.8936170212766,156.0,195.28571428571428,142.42857142857142,2024-08
2024-09-02,133.0,270.0,198.0,6192.0,129.0,270.0,"6,192",129.0,198.0,129.0,148.87218045112783,2.083333333333333,96.99248120300751,-65.0,69.0,6462.0,65.15151515151516,149.85714285714286,200.42857142857142,138.28571428571428,2024-09
2024-09-03,131.0,263.0,177.0,6272.0,112.0,263.0,"6,272",112.0,177.0,112.0,135.1145038167939,1.7857142857142856,85.49618320610686,-46.0,65.0,6535.0,63.2768361581921,149.14285714285714,190.71428571428572,138.28571428571428,2024-09
2024-09-04,121.0,231.0,219.0,6375.0,114.0,231.0,"6,375",114.0,219.0,114.0,180.99173553719007,1.7882352941176471,94.21487603305785,-98.0,105.0,6606.0,52.054794520547944,147.28571428571428,198.14285714285714,132.28571428571428,2024-09
2024-09-05,126.0,230.0,175.0,6448.0,121.0,230.0,"6,448",121.0,175.0,121.0,138.88888888888889,1.8765508684863523,96.03174603174604,-49.0,54.0,6678.0,69.14285714285714,139.28571428571428,193.85714285714286,125.14285714285714,2024-09
2024-09-08,123.0,255.0,164.0,6312.0,221.0,255.0,"6,312",221.0,164.0,221.0,133.33333333333331,3.501267427122941,179.67479674796746,-41.0,-57.0,6567.0,134.7560975609756,135.57142857142858,185.57142857142858,142.85714285714286,2024-09
2024-09-09,144.0,275.0,190.0,6353.0,141.0,275.0,"6,353",141.0,190.0,141.0,131.94444444444443,2.2194238942232016,97.91666666666666,-46.0,49.0,6628.0,74.21052631578947,131.85714285714286,187.28571428571428,143.85714285714286,2024-09
2024-09-10,131.0,251.0,180.0,6396.0,148.0,251.0,"6,396",148.0,180.0,148.0,137.40458015267177,2.313946216385241,112.97709923664124,-49.0,32.0,6647.0,82.22222222222221,129.85714285714286,186.14285714285714,140.85714285714286,2024-09
2024-09-11,93.0,248.0,175.0,6410.0,162.0,248.0,"6,410",162.0,175.0,162.0,188.1720430107527,2.527301092043682,174.19354838709677,-82.0,13.0,6658.0,92.57142857142857,124.14285714285714,182.85714285714286,145.57142857142858,2024-09
2024-09-12,184.0,280.0,210.0,6360.0,220.0,280.0,"6,360",220.0,210.0,220.0,114.13043478260869,3.459119496855346,119.56521739130434,-26.0,-10.0,6640.0,104.76190476190477,131.71428571428572,187.57142857142858,161.0,2024-09
2024-09-13,81.0,200.0,212.0,6326.0,279.0,200.0,"6,326",279.0,212.0,279.0,261.7283950617284,4.41036990199178,344.44444444444446,-131.0,-67.0,6526.0,131.60377358490567,126.0,186.57142857142858,184.57142857142858,2024-09
2024-09-15,98.0,220.0,167.0,6234.0,210.0,220.0,"6,234",210.0,167.0,210.0,170.40816326530611,3.368623676612127,214.28571428571428,-69.0,-43.0,6454.0,125.74850299401197,122.0,185.42857142857142,197.28571428571428,2024-09
2024-09-16,113.0,209.0,160.0,6229.0,164.0,209.0,"6,229",164.0,160.0,164.0,141.5929203539823,2.6328463637823085,145.13274336283186,-47.0,-4.0,6438.0,102.49999999999999,120.57142857142857,184.85714285714286,189.14285714285714,2024-09
2024-09-17,159.0,304.0,139.0,6227.0,160.0,304.0,"6,227",160.0,139.0,160.0,87.42138364779875,2.5694555965954713,100.62893081761007,20.0,-21.0,6531.0,115.10791366906474,122.71428571428571,177.57142857142858,191.85714285714286,2024-09
2024-09-18,116.0,213.0,217.0,6245.0,149.0,213.0,"6,245",149.0,217.0,149.0,187.06896551724137,2.3859087269815853,128.44827586206898,-101.0,68.0,6458.0,68.66359447004609,120.57142857142857,182.85714285714286,192.0,2024-09
2024-09-19,93.0,196.0,169.0,6270.0,188.0,196.0,"6,270",188.0,169.0,188.0,181.72043010752688,2.9984051036682615,202.1505376344086,-76.0,-19.0,6466.0,111.24260355029585,120.57142857142857,182.0,195.71428571428572,2024-09
2024-09-22,124.0,234.0,161.0,5989.0,197.0,234.0,"5,989",197.0,161.0,197.0,129.83870967741936,3.2893638336951074,158.8709677419355,-37.0,-36.0,6223.0,122.36024844720497,112.0,175.0,192.42857142857142,2024-09
2024-09-23,92.0,203.0,173.0,6002.0,165.0,203.0,"6,002",165.0,173.0,165.0,188.04347826086956,2.749083638787071,179.34782608695653,-81.0,8.0,6205.0,95.37572254335261,113.57142857142857,169.42857142857142,176.14285714285714,2024-09
2024-09-24,186.0,259.0,172.0,6023.0,143.0,259.0,"6,023",143.0,172.0,143.0,92.47311827956989,2.374232110244064,76.88172043010752,14.0,29.0,6282.0,83.13953488372093,126.14285714285714,170.14285714285714,166.57142857142858,2024-09
2024-09-25,154.0,225.0,220.0,6050.0,169.0,225.0,"6,050",169.0,220.0,169.0,142.85714285714286,2.793388429752066,109.74025974025975,-66.0,51.0,6275.0,76.81818181818181,132.0,178.71428571428572,167.28571428571428,2024-09
2024-09-26,91.0,199.0,172.0,6090.0,185.0,199.0,"6,090",185.0,172.0,185.0,189.010989010989,3.037766830870279,203.2967032967033,-81.0,-13.0,6289.0,107.55813953488371,122.28571428571429,183.42857142857142,170.85714285714286,2024-09
2024-09-29,81.0,213.0,153.0,5925.0,177.0,213.0,"5,925",177.0,153.0,177.0,188.88888888888889,2.9873417721518987,218.5185185185185,-72.0,-24.0,6138.0,115.68627450980394,117.28571428571429,174.28571428571428,174.85714285714286,2024-09
2024-09-30,209.0,285.0,184.0,5967.0,138.0,285.0,"5,967",138.0,184.0,138.0,88.03827751196172,2.3127199597787835,66.02870813397129,25.0,46.0,6252.0,75.0,133.85714285714286,176.42857142857142,167.71428571428572,2024-09
2024-10-01,184.0,314.0,217.0,6040.0,137.0,314.0,"6,040",137.0,217.0,137.0,117.93478260869566,2.2682119205298013,74.45652173913044,-33.0,80.0,6354.0,63.133640552995395,142.42857142857142,184.42857142857142,159.14285714285714,2024-10
2024-10-02,107.0,215.0,230.0,6091.0,173.0,215.0,"6,091",173.0,230.0,173.0,214.9532710280374,2.8402561155803645,161.6822429906542,-123.0,57.0,6306.0,75.21739130434783,144.57142857142858,192.57142857142858,160.28571428571428,2024-10
2024-10-03,101.0,162.0,178.0,6118.0,193.0,162.0,"6,118",193.0,178.0,193.0,176.23762376237624,3.154625694671461,191.08910891089107,-77.0,-15.0,6280.0,108.42696629213484,132.42857142857142,193.42857142857142,167.42857142857142,2024-10
2024-10-07,99.0,190.0,176.0,5968.0,153.0,190.0,"5,968",153.0,176.0,153.0,177.77777777777777,2.5636729222520107,154.54545454545453,-77.0,23.0,6158.0,86.93181818181817,124.57142857142857,187.14285714285714,165.14285714285714,2024-10
2024-10-08,167.0,239.0,166.0,6013.0,123.0,239.0,"6,013",123.0,166.0,123.0,99.40119760479041,2.045567936138367,73.65269461077844,1.0,43.0,6252.0,74.09638554216868,135.42857142857142,186.28571428571428,156.28571428571428,2024-10
2024-10-09,115.0,216.0,169.0,6047.0,137.0,216.0,"6,047",137.0,169.0,137.0,146.95652173913044,2.265586241111295,119.1304347826087,-54.0,32.0,6263.0,81.06508875739645,140.28571428571428,188.57142857142858,150.57142857142858,2024-10
2024-10-10,84.0,158.0,193.0,6075.0,159.0,158.0,"6,075",159.0,193.0,159.0,229.76190476190476,2.617283950617284,189.28571428571428,-109.0,34.0,6233.0,82.38341968911918,122.42857142857143,189.85714285714286,153.57142857142858,2024-10
2024-10-13,130.0,227.0,192.0,5889.0,210.0,227.0,"5,889",210.0,192.0,210.0,147.6923076923077,3.565970453387672,161.53846153846155,-62.0,-18.0,6116.0,109.375,114.71428571428571,186.28571428571428,164.0,2024-10
2024-10-14,88.0,214.0,160.0,5935.0,106.0,214.0,"5,935",106.0,160.0,106.0,181.8181818181818,1.7860151642796966,120.45454545454545,-72.0,54.0,6149.0,66.25,112.0,176.28571428571428,154.42857142857142,2024-10
2024-10-15,113.0,208.0,159.0,6013.0,107.0,208.0,"6,013",107.0,159.0,107.0,140.7079646017699,1.7794777981041077,94.69026548672566,-46.0,52.0,6221.0,67.29559748427673,113.71428571428571,173.57142857142858,142.14285714285714,2024-10
2024-10-16,174.0,285.0,150.0,6036.0,129.0,285.0,"6,036",129.0,150.0,129.0,86.20689655172413,2.137176938369781,74.13793103448276,24.0,21.0,6321.0,86.0,124.42857142857143,169.85714285714286,138.71428571428572,2024-10
2024-10-17,104.0,230.0,206.0,6076.0,160.0,230.0,"6,076",160.0,206.0,160.0,198.0769230769231,2.633311389071758,153.84615384615387,-102.0,46.0,6306.0,77.66990291262135,115.42857142857143,175.57142857142858,144.0,2024-10
2024-10-20,147.0,276.0,214.0,5918.0,195.0,276.0,"5,918",195.0,214.0,195.0,145.57823129251702,3.2950321054410274,132.6530612244898,-67.0,19.0,6194.0,91.1214953271028,120.0,182.0,152.28571428571428,2024-10
2024-10-21,108.0,220.0,213.0,5966.0,154.0,220.0,"5,966",154.0,213.0,154.0,197.22222222222223,2.5812939993295343,142.59259259259258,-105.0,59.0,6186.0,72.30046948356808,123.42857142857143,184.85714285714286,151.57142857142858,2024-10
2024-10-22,180.0,280.0,146.0,6043.0,109.0,280.0,"6,043",109.0,146.0,109.0,81.11111111111111,1.8037398643058082,60.55555555555555,34.0,37.0,6323.0,74.65753424657534,130.57142857142858,178.28571428571428,137.14285714285714,2024-10
2024-10-23,134.0,294.0,186.0,6077.0,138.0,294.0,"6,077",138.0,186.0,138.0,138.80597014925374,2.2708573309198616,102.98507462686568,-52.0,48.0,6371.0,74.19354838709677,137.14285714285714,182.0,141.71428571428572,2024-10
2024-10-27,202.0,313.0,158.0,5974.0,192.0,313.0,"5,974",192.0,158.0,192.0,78.21782178217822,3.213927017073987,95.04950495049505,44.0,-34.0,6287.0,121.51898734177216,149.85714285714286,181.85714285714286,153.85714285714286,2024-10
2024-10-28,110.0,272.0,193.0,6008.0,156.0,272.0,"6,008",156.0,193.0,156.0,175.45454545454547,2.596537949400799,141.8181818181818,-83.0,37.0,6280.0,80.82901554404145,140.71428571428572,188.0,157.71428571428572,2024-10
2024-10-29,166.0,277.0,229.0,6106.0,126.0,277.0,"6,106",126.0,229.0,126.0,137.95180722891567,2.0635440550278417,75.90361445783132,-63.0,103.0,6383.0,55.021834061135365,149.57142857142858,191.28571428571428,152.85714285714286,2024-10
2024-10-30,136.0,276.0,178.0,6149.0,160.0,276.0,"6,149",160.0,178.0,160.0,130.88235294117646,2.6020491136770207,117.64705882352942,-42.0,18.0,6425.0,89.8876404494382,148.0,186.14285714285714,147.85714285714286,2024-10
2024-10-31,87.0,246.0,173.0,6148.0,177.0,246.0,"6,148",177.0,173.0,177.0,198.85057471264366,2.8789850357839946,203.44827586206895,-86.0,-4.0,6394.0,102.3121387283237,145.0,180.42857142857142,151.14285714285714,2024-10
2024-11-03,84.0,171.0,157.0,5990.0,184.0,171.0,"5,990",184.0,157.0,184.0,186.9047619047619,3.0717863105175294,219.04761904761907,-73.0,-27.0,6161.0,117.19745222929936,131.28571428571428,182.0,161.85714285714286,2024-11
2024-11-04,167.0,209.0,157.0,6007.0,132.0,209.0,"6,007",132.0,157.0,132.0,94.01197604790418,2.1974363242883306,79.04191616766467,10.0,25.0,6216.0,84.07643312101911,136.0,177.85714285714286,161.0,2024-11
2024-11-05,109.0,245.0,159.0,6045.0,126.0,245.0,"6,045",126.0,159.0,126.0,145.87155963302752,2.0843672456575684,115.59633027522935,-50.0,33.0,6290.0,79.24528301886792,122.71428571428571,178.0,151.57142857142858,2024-11
2024-11-06,156.0,256.0,176.0,6086.0,137.0,256.0,"6,086",137.0,176.0,137.0,112.82051282051282,2.2510680249753534,87.82051282051282,-20.0,39.0,6342.0,77.8409090909091,129.28571428571428,175.57142857142858,148.85714285714286,2024-11
2024-11-07,125.0,232.0,192.0,6084.0,177.0,232.0,"6,084",177.0,192.0,177.0,153.6,2.9092702169625246,141.6,-67.0,15.0,6316.0,92.1875,123.42857142857143,170.28571428571428,156.14285714285714,2024-11
2024-11-11,118.0,139.0,168.0,5963.0,145.0,139.0,"5,963",145.0,168.0,145.0,142.3728813559322,2.4316619151433843,122.88135593220339,-50.0,23.0,6102.0,86.30952380952381,120.85714285714286,168.85714285714286,154.0,2024-11
2024-11-12,142.0,235.0,139.0,5975.0,138.0,235.0,"5,975",138.0,139.0,138.0,97.88732394366197,2.3096234309623433,97.1830985915493,3.0,1.0,6210.0,99.28057553956835,128.71428571428572,164.0,148.42857142857142,2024-11
2024-11-13,148.0,245.0,175.0,5966.0,151.0,245.0,"5,966",151.0,175.0,151.0,118.24324324324324,2.531009051290647,102.02702702702702,-27.0,24.0,6211.0,86.28571428571429,137.85714285714286,166.57142857142858,143.71428571428572,2024-11
2024-11-14,119.0,219.0,210.0,6025.0,172.0,219.0,"6,025",172.0,210.0,172.0,176.47058823529412,2.854771784232365,144.53781512605042,-91.0,38.0,6244.0,81.9047619047619,131.0,174.14285714285714,149.42857142857142,2024-11
2024-11-17,105.0,210.0,149.0,5816.0,195.0,210.0,"5,816",195.0,149.0,195.0,141.9047619047619,3.3528198074277857,185.71428571428572,-44.0,-46.0,6026.0,130.8724832214765,130.42857142857142,172.71428571428572,159.28571428571428,2024-11
2024-11-18,143.0,203.0,163.0,5819.0,138.0,203.0,"5,819",138.0,163.0,138.0,113.98601398601397,2.371541501976284,96.5034965034965,-20.0,25.0,6022.0,84.66257668711657,128.57142857142858,170.85714285714286,159.42857142857142,2024-11
2024-11-19,119.0,209.0,152.0,5844.0,146.0,209.0,"5,844",146.0,152.0,146.0,127.73109243697478,2.4982888432580426,122.6890756302521,-33.0,6.0,6053.0,96.05263157894737,127.71428571428571,165.14285714285714,155.0,2024-11
2024-11-20,155.0,212.0,181.0,5879.0,148.0,212.0,"5,879",148.0,181.0,148.0,116.77419354838709,2.517434937914611,95.48387096774194,-26.0,33.0,6091.0,81.76795580110497,133.0,167.0,155.42857142857142,2024-11
2024-11-21,109.0,214.0,173.0,5850.0,210.0,214.0,"5,850",210.0,173.0,210.0,158.71559633027522,3.5897435897435894,192.6605504587156,-64.0,-37.0,6064.0,121.38728323699422,128.28571428571428,171.85714285714286,165.71428571428572,2024-11
2024-11-24,191.0,283.0,192.0,5664.0,207.0,283.0,"5,664",207.0,192.0,207.0,100.52356020942408,3.6546610169491527,108.37696335078535,-1.0,-15.0,5947.0,107.8125,134.42857142857142,174.28571428571428,173.71428571428572,2024-11
2024-11-25,170.0,297.0,196.0,5715.0,129.0,297.0,"5,715",129.0,196.0,129.0,115.29411764705881,2.257217847769029,75.88235294117646,-26.0,67.0,6012.0,65.81632653061224,141.71428571428572,172.28571428571428,167.57142857142858,2024-11
2024-11-26,152.0,272.0,214.0,5826.0,112.0,272.0,"5,826",112.0,214.0,112.0,140.78947368421052,1.9224167524888431,73.68421052631578,-62.0,102.0,6098.0,52.336448598130836,148.42857142857142,181.57142857142858,155.71428571428572,2024-11
2024-11-27,239.0,367.0,224.0,5862.0,211.0,367.0,"5,862",211.0,224.0,211.0,93.72384937238493,3.5994541112248384,88.28451882845188,15.0,13.0,6229.0,94.19642857142857,162.14285714285714,190.28571428571428,166.14285714285714,2024-11
2024-11-28,113.0,280.0,237.0,5963.0,143.0,280.0,"5,963",143.0,237.0,143.0,209.73451327433628,2.398121750796579,126.54867256637168,-124.0,94.0,6243.0,60.337552742616026,161.28571428571428,202.42857142857142,165.71428571428572,2024-11
2024-12-01,196.0,306.0,187.0,5986.0,149.0,306.0,"5,986",149.0,187.0,149.0,95.40816326530613,2.489141329769462,76.0204081632653,9.0,38.0,6292.0,79.67914438502673,167.14285714285714,203.28571428571428,165.85714285714286,2024-12
2024-12-02,236.0,330.0,222.0,6061.0,115.0,330.0,"6,061",115.0,222.0,115.0,94.0677966101695,1.8973766705164163,48.728813559322035,14.0,107.0,6391.0,51.80180180180181,185.28571428571428,210.28571428571428,152.28571428571428,2024-12
2024-12-03,81.0,230.0,242.0,6192.0,107.0,230.0,"6,192",107.0,242.0,107.0,298.7654320987654,1.7280361757105942,132.0987654320988,-161.0,135.0,6422.0,44.214876033057855,169.57142857142858,217.42857142857142,138.0,2024-12
2024-12-04,118.0,245.0,160.0,6269.0,115.0,245.0,"6,269",115.0,160.0,115.0,135.59322033898303,1.8344233530068592,97.45762711864407,-42.0,45.0,6514.0,71.875,162.14285714285714,212.28571428571428,136.0,2024-12
2024-12-05,218.0,283.0,208.0,6310.0,150.0,283.0,"6,310",150.0,208.0,150.0,95.41284403669725,2.3771790808240887,68.80733944954129,10.0,58.0,6593.0,72.11538461538461,171.57142857142858,211.42857142857142,141.42857142857142,2024-12
2024-12-08,132.0,243.0,183.0,6286.0,172.0,243.0,"6,286",172.0,183.0,172.0,138.63636363636365,2.736239261851734,130.3030303030303,-51.0,11.0,6529.0,93.98907103825137,156.28571428571428,205.57142857142858,135.85714285714286,2024-12
2024-12-09,224.0,315.0,152.0,6268.0,174.0,315.0,"6,268",174.0,152.0,174.0,67.85714285714286,2.7760051052967456,77.67857142857143,72.0,-22.0,6583.0,114.4736842105263,172.14285714285714,193.42857142857142,140.28571428571428,2024-12
2024-12-10,167.0,326.0,213.0,6310.0,149.0,326.0,"6,310",149.0,213.0,149.0,127.54491017964071,2.3613312202852614,89.22155688622755,-46.0,64.0,6636.0,69.95305164319248,168.0,197.14285714285714,140.28571428571428,2024-12
2024-12-11,209.0,353.0,232.0,6402.0,152.0,353.0,"6,402",152.0,232.0,152.0,111.00478468899522,2.374258044361137,72.72727272727273,-23.0,80.0,6755.0,65.51724137931035,164.14285714285714,198.57142857142858,145.57142857142858,2024-12
2024-12-12,153.0,253.0,286.0,6481.0,194.0,253.0,"6,481",194.0,286.0,194.0,186.9281045751634,2.993365221416448,126.79738562091502,-133.0,92.0,6734.0,67.83216783216784,174.42857142857142,204.85714285714286,158.0,2024-12
2024-12-15,180.0,337.0,219.0,6408.0,224.0,337.0,"6,408",224.0,219.0,224.0,121.66666666666666,3.495630461922597,124.44444444444444,-39.0,-5.0,6745.0,102.28310502283105,183.28571428571428,213.28571428571428,173.57142857142858,2024-12
2024-12-16,133.0,287.0,189.0,6454.0,149.0,287.0,"6,454",149.0,189.0,149.0,142.10526315789474,2.30864580105361,112.03007518796993,-56.0,40.0,6741.0,78.83597883597884,171.14285714285714,210.57142857142858,173.42857142857142,2024-12
2024-12-17,187.0,310.0,247.0,6506.0,151.0,310.0,"6,506",151.0,247.0,151.0,132.0855614973262,2.320934521979711,80.74866310160428,-60.0,96.0,6816.0,61.1336032388664,179.0,219.71428571428572,170.42857142857142,2024-12
2024-12-18,168.0,285.0,210.0,6598.0,134.0,285.0,"6,598",134.0,210.0,134.0,125.0,2.030918460139436,79.76190476190477,-42.0,76.0,6883.0,63.8095238095238,171.0,228.0,164.71428571428572,2024-12
2024-12-19,269.0,412.0,204.0,6600.0,238.0,412.0,"6,600",238.0,204.0,238.0,75.8364312267658,3.6060606060606064,88.47583643122677,65.0,-34.0,7012.0,116.66666666666667,185.57142857142858,226.71428571428572,177.42857142857142,2024-12
2024-12-22,100.0,255.0,236.0,6595.0,268.0,255.0,"6,595",268.0,236.0,268.0,236.0,4.063684609552691,268.0,-136.0,-32.0,6850.0,113.55932203389831,170.0,227.28571428571428,194.0,2024-12
2024-12-23,205.0,294.0,177.0,6548.0,231.0,294.0,"6,548",231.0,177.0,231.0,86.34146341463415,3.527794746487477,112.68292682926828,28.0,-54.0,6842.0,130.5084745762712,177.42857142857142,211.71428571428572,199.28571428571428,2024-12
2024-12-24,161.0,304.0,211.0,6622.0,155.0,304.0,"6,622",155.0,211.0,155.0,131.055900621118,2.340682573240713,96.27329192546584,-50.0,56.0,6926.0,73.45971563981043,174.71428571428572,210.57142857142858,189.42857142857142,2024-12
2024-12-25,57.0,162.0,193.0,6689.0,107.0,162.0,"6,689",107.0,193.0,107.0,338.59649122807014,1.5996412019733892,187.71929824561403,-136.0,86.0,6851.0,55.44041450777202,163.85714285714286,211.14285714285714,183.42857142857142,2024-12
2024-12-26,80.0,122.0,152.0,6707.0,135.0,122.0,"6,707",135.0,152.0,135.0,190.0,2.0128224243327866,168.75,-72.0,17.0,6829.0,88.81578947368422,148.57142857142858,197.57142857142858,181.14285714285714,2024-12
2024-12-29,107.0,170.0,133.0,6465.0,216.0,170.0,"6,465",216.0,133.0,216.0,124.29906542056075,3.341067285382831,201.86915887850466,-26.0,-83.0,6635.0,162.406015037594,139.85714285714286,186.57142857142858,192.85714285714286,2024-12
2024-12-30,99.0,156.0,139.0,6454.0,177.0,156.0,"6,454",177.0,139.0,177.0,140.4040404040404,2.742485280446235,178.78787878787878,-40.0,-38.0,6610.0,127.33812949640289,115.57142857142857,177.28571428571428,184.14285714285714,2024-12
2025-01-01,25.0,66.0,94.0,6405.0,144.0,66.0,"6,405",144.0,94.0,144.0,376.0,2.2482435597189694,576.0,-69.0,-50.0,6471.0,153.19148936170214,104.85714285714286,157.0,166.42857142857142,2025-01
2025-01-02,35.0,70.0,53.0,6292.0,170.0,70.0,"6,292",170.0,53.0,170.0,151.42857142857142,2.70184361093452,485.71428571428567,-18.0,-117.0,6362.0,320.7547169811321,80.57142857142857,139.28571428571428,157.71428571428572,2025-01
2025-01-05,43.0,73.0,64.0,5882.0,185.0,73.0,"5,882",185.0,64.0,185.0,148.8372093023256,3.1451887113226795,430.23255813953483,-21.0,-121.0,5955.0,289.0625,63.714285714285715,118.28571428571429,162.0,2025-01
2025-01-06,41.0,60.0,71.0,5769.0,190.0,60.0,"5,769",190.0,71.0,190.0,173.17073170731706,3.2934650719362106,463.4146341463414,-30.0,-119.0,5829.0,267.6056338028169,61.42857142857143,100.85714285714286,173.85714285714286,2025-01
2025-01-07,65.0,83.0,65.0,5703.0,133.0,83.0,"5,703",133.0,65.0,133.0,100.0,2.332105909170612,204.61538461538458,0.0,-68.0,5786.0,204.61538461538458,59.285714285714285,88.42857142857143,173.57142857142858,2025-01
2025-01-08,38.0,80.0,82.0,5605.0,184.0,80.0,"5,605",184.0,82.0,184.0,215.78947368421052,3.2827832292595893,484.2105263157895,-44.0,-102.0,5685.0,224.39024390243904,49.42857142857143,81.14285714285714,169.0,2025-01
2025-01-09,56.0,82.0,68.0,5507.0,164.0,82.0,"5,507",164.0,68.0,164.0,121.42857142857142,2.978027964408934,292.85714285714283,-12.0,-96.0,5589.0,241.17647058823528,43.285714285714285,71.0,167.14285714285714,2025-01
2025-01-12,74.0,103.0,80.0,5092.0,235.0,103.0,"5,092",235.0,80.0,235.0,108.10810810810811,4.615082482325216,317.5675675675676,-6.0,-155.0,5195.0,293.75,50.285714285714285,69.0,180.14285714285714,2025-01
2025-01-13,68.0,107.0,102.0,5019.0,181.0,107.0,"5,019",181.0,102.0,181.0,150.0,3.6062960749153214,266.1764705882353,-34.0,-79.0,5126.0,177.45098039215685,55.0,76.0,181.71428571428572,2025-01
2025-01-14,92.0,124.0,93.0,4957.0,139.0,124.0,"4,957",139.0,93.0,139.0,101.08695652173914,2.80411539237442,151.08695652173913,-1.0,-46.0,5081.0,149.46236559139786,62.0,80.14285714285714,175.14285714285714,2025-01
2025-01-15,113.0,162.0,107.0,4903.0,164.0,162.0,"4,903",164.0,107.0,164.0,94.69026548672566,3.3448908831327757,145.13274336283186,6.0,-57.0,5065.0,153.27102803738316,72.28571428571429,85.28571428571429,171.42857142857142,2025-01
2025-01-16,106.0,196.0,131.0,4881.0,159.0,196.0,"4,881",159.0,131.0,159.0,123.58490566037736,3.2575291948371237,150.0,-25.0,-28.0,5077.0,121.3740458015267,78.14285714285714,94.71428571428571,175.14285714285714,2025-01
2025-01-19,86.0,152.0,168.0,4628.0,176.0,152.0,"4,628",176.0,168.0,176.0,195.3488372093023,3.8029386343993083,204.6511627906977,-82.0,-8.0,4780.0,104.76190476190477,85.0,107.0,174.0,2025-01
2025-01-20,84.0,118.0,136.0,4638.0,127.0,118.0,"4,638",127.0,136.0,127.0,161.9047619047619,2.738249245364381,151.19047619047618,-52.0,9.0,4756.0,93.38235294117648,89.0,116.71428571428571,168.71428571428572,2025-01
2025-01-21,59.0,64.0,117.0,4728.0,54.0,64.0,"4,728",54.0,117.0,54.0,198.3050847457627,1.1421319796954315,91.52542372881356,-58.0,63.0,4792.0,46.15384615384615,86.85714285714286,122.0,142.85714285714286,2025-01
2025-01-22,62.0,97.0,52.0,4717.0,83.0,97.0,"4,717",83.0,52.0,83.0,83.87096774193549,1.7595929616281536,133.8709677419355,10.0,-31.0,4814.0,159.6153846153846,86.0,114.85714285714286,128.85714285714286,2025-01
2025-01-23,91.0,75.0,97.0,4621.0,174.0,75.0,"4,621",174.0,97.0,174.0,106.5934065934066,3.7654187405323523,191.2087912087912,-6.0,-77.0,4696.0,179.3814432989691,85.85714285714286,115.42857142857143,133.85714285714286,2025-01
2025-01-26,29.0,51.0,11.0,4241.0,182.0,51.0,"4,241",182.0,11.0,182.0,37.93103448275862,4.291440697948597,627.5862068965517,18.0,-171.0,4292.0,1654.5454545454547,73.85714285714286,101.71428571428571,136.42857142857142,2025-01
2025-01-27,33.0,53.0,34.0,4161.0,127.0,53.0,"4,161",127.0,34.0,127.0,103.03030303030303,3.052150925258351,384.8484848484849,-1.0,-93.0,4214.0,373.5294117647059,63.42857142857143,87.85714285714286,131.85714285714286,2025-01
2025-01-28,32.0,49.0,39.0,4096.0,101.0,49.0,"4,096",101.0,39.0,101.0,121.875,2.4658203125,315.625,-7.0,-62.0,4145.0,258.974358974359,55.714285714285715,69.42857142857143,121.14285714285714,2025-01
2025-01-29,32.0,50.0,39.0,4036.0,99.0,50.0,"4,036",99.0,39.0,99.0,121.875,2.4529236868186324,309.375,-7.0,-60.0,4086.0,253.84615384615384,48.285714285714285,55.57142857142857,117.14285714285714,2025-01
2025-01-30,47.0,42.0,47.0,3923.0,159.0,42.0,"3,923",159.0,47.0,159.0,100.0,4.053020647463676,338.2978723404255,0.0,-112.0,3965.0,338.2978723404255,46.57142857142857,45.57142857142857,132.14285714285714,2025-01
2025-02-02,20.0,22.0,41.0,3483.0,168.0,22.0,"3,483",168.0,41.0,168.0,204.99999999999997,4.823428079242033,840.0,-21.0,-127.0,3505.0,409.7560975609756,40.57142857142857,44.0,144.28571428571428,2025-02
2025-02-03,23.0,45.0,11.0,3403.0,102.0,45.0,"3,403",102.0,11.0,102.0,47.82608695652174,2.9973552747575667,443.47826086956525,12.0,-91.0,3448.0,927.2727272727274,30.857142857142858,31.714285714285715,134.0,2025-02
2025-02-04,34.0,54.0,29.0,3359.0,74.0,54.0,"3,359",74.0,29.0,74.0,85.29411764705883,2.2030366180410836,217.6470588235294,5.0,-45.0,3413.0,255.17241379310346,31.571428571428573,34.285714285714285,118.57142857142857,2025-02
2025-02-05,26.0,36.0,36.0,3290.0,104.0,36.0,"3,290",104.0,36.0,104.0,138.46153846153845,3.1610942249240126,400.0,-10.0,-68.0,3326.0,288.88888888888886,30.571428571428573,34.57142857142857,115.28571428571429,2025-02
2025-02-06,25.0,32.0,27.0,3181.0,145.0,32.0,"3,181",145.0,27.0,145.0,108.0,4.558314995284501,580.0,-2.0,-118.0,3213.0,537.0370370370371,29.571428571428573,32.857142857142854,121.57142857142857,2025-02
2025-02-09,15.0,13.0,23.0,2878.0,99.0,13.0,"2,878",99.0,23.0,99.0,153.33333333333334,3.439888811674774,660.0,-8.0,-76.0,2891.0,430.4347826086956,27.142857142857142,30.571428571428573,121.57142857142857,2025-02
2025-02-10,16.0,18.0,15.0,2834.0,63.0,18.0,"2,834",63.0,15.0,63.0,93.75,2.2230063514467187,393.75,1.0,-48.0,2852.0,420.0,22.714285714285715,26.0,107.85714285714286,2025-02
2025-02-11,11.0,22.0,12.0,2799.0,50.0,22.0,"2,799",50.0,12.0,50.0,109.09090909090908,1.7863522686673812,454.54545454545456,-1.0,-38.0,2821.0,416.6666666666667,21.428571428571427,21.857142857142858,91.0,2025-02
2025-02-12,16.0,20.0,20.0,2752.0,66.0,20.0,"2,752",66.0,20.0,66.0,125.0,2.3982558139534884,412.5,-4.0,-46.0,2772.0,330.0,20.428571428571427,23.142857142857142,85.85714285714286,2025-02
2025-02-13,15.0,10.0,23.0,2703.0,72.0,10.0,"2,703",72.0,23.0,72.0,153.33333333333334,2.6637069922308543,480.0,-8.0,-49.0,2713.0,313.04347826086956,17.714285714285715,22.285714285714285,85.57142857142857,2025-02
2025-02-17,8.0,17.0,14.0,2532.0,15.0,17.0,"2,532",15.0,14.0,15.0,175.0,0.5924170616113744,187.5,-6.0,-1.0,2549.0,107.14285714285714,15.142857142857142,19.142857142857142,72.85714285714286,2025-02
2025-02-18,18.0,19.0,11.0,2536.0,9.0,19.0,"2,536",9.0,11.0,9.0,61.111111111111114,0.3548895899053628,50.0,7.0,2.0,2555.0,81.81818181818183,14.142857142857142,16.857142857142858,53.42857142857143,2025-02
2025-02-19,12.0,17.0,17.0,2528.0,19.0,17.0,"2,528",19.0,17.0,19.0,141.66666666666669,0.7515822784810127,158.33333333333331,-5.0,-2.0,2545.0,111.76470588235294,13.714285714285714,16.0,42.0,2025-02
2025-02-20,13.0,25.0,15.0,2520.0,32.0,25.0,"2,520",32.0,15.0,32.0,115.38461538461537,1.2698412698412698,246.15384615384616,-2.0,-17.0,2545.0,213.33333333333334,13.285714285714286,16.0,37.57142857142857,2025-02
2025-02-23,7.0,16.0,8.0,2423.0,35.0,16.0,"2,423",35.0,8.0,35.0,114.28571428571428,1.4444903012794057,500.0,-1.0,-27.0,2439.0,437.5,12.714285714285714,15.428571428571429,35.42857142857143,2025-02
2025-02-24,20.0,22.0,14.0,2413.0,24.0,22.0,"2,413",24.0,14.0,24.0,70.0,0.9946125155408205,120.0,6.0,-10.0,2435.0,171.42857142857142,13.285714285714286,14.571428571428571,29.428571428571427,2025-02
2025-02-25,11.0,7.0,7.0,2413.0,23.0,7.0,"2,413",23.0,7.0,23.0,63.63636363636363,0.9531703273932863,209.0909090909091,4.0,-16.0,2420.0,328.57142857142856,12.714285714285714,12.285714285714286,22.428571428571427,2025-02
2025-02-26,12.0,21.0,1.0,2411.0,23.0,21.0,"2,411",23.0,1.0,23.0,8.333333333333332,0.953961012028204,191.66666666666669,11.0,-22.0,2432.0,2300.0,13.285714285714286,10.428571428571429,23.571428571428573,2025-02
2025-02-27,10.0,15.0,17.0,2391.0,37.0,15.0,"2,391",37.0,17.0,37.0,170.0,1.547469677959013,370.0,-7.0,-20.0,2406.0,217.6470588235294,12.142857142857142,11.285714285714286,27.571428571428573,2025-02
2025-03-02,12.0,24.0,4.0,2297.0,31.0,24.0,"2,297",31.0,4.0,31.0,33.33333333333333,1.349586417065738,258.33333333333337,8.0,-27.0,2321.0,775.0,12.142857142857142,9.428571428571429,29.285714285714285,2025-03
2025-03-03,8.0,29.0,18.0,2287.0,25.0,29.0,"2,287",25.0,18.0,25.0,225.0,1.0931351114997814,312.5,-10.0,-7.0,2316.0,138.88888888888889,11.428571428571429,9.857142857142858,28.285714285714285,2025-03
2025-03-04,4.0,25.0,10.0,2272.0,30.0,25.0,"2,272",30.0,10.0,30.0,250.0,1.3204225352112675,750.0,-6.0,-20.0,2297.0,300.0,11.0,10.142857142857142,27.571428571428573,2025-03
2025-03-05,5.0,20.0,4.0,2238.0,40.0,20.0,"2,238",40.0,4.0,40.0,80.0,1.7873100983020553,800.0,1.0,-36.0,2258.0,1000.0,8.857142857142858,8.714285714285714,29.857142857142858,2025-03
2025-03-06,7.0,27.0,6.0,2218.0,33.0,27.0,"2,218",33.0,6.0,33.0,85.71428571428571,1.4878268710550047,471.42857142857144,1.0,-27.0,2245.0,550.0,8.285714285714286,8.571428571428571,31.285714285714285,2025-03
2025-03-09,12.0,25.0,15.0,2137.0,30.0,25.0,"2,137",30.0,15.0,30.0,125.0,1.4038371548900328,250.0,-3.0,-15.0,2162.0,200.0,8.285714285714286,10.571428571428571,32.285714285714285,2025-03
2025-03-10,6.0,28.0,8.0,2125.0,23.0,28.0,"2,125",23.0,8.0,23.0,133.33333333333331,1.0823529411764705,383.33333333333337,-2.0,-15.0,2153.0,287.5,7.714285714285714,9.285714285714286,30.285714285714285,2025-03
2025-03-11,3.0,11.0,7.0,2116.0,20.0,11.0,"2,116",20.0,7.0,20.0,233.33333333333334,0.945179584120983,666.6666666666667,-4.0,-13.0,2127.0,285.7142857142857,6.428571428571429,9.714285714285714,28.714285714285715,2025-03
2025-03-12,6.0,18.0,2.0,2113.0,8.0,18.0,"2,113",8.0,2.0,8.0,33.33333333333333,0.37860861334595364,133.33333333333331,4.0,-6.0,2131.0,400.0,6.142857142857143,7.428571428571429,26.285714285714285,2025-03
2025-03-13,4.0,20.0,9.0,2116.0,6.0,20.0,"2,116",6.0,9.0,6.0,225.0,0.28355387523629494,150.0,-5.0,3.0,2136.0,66.66666666666666,6.142857142857143,7.285714285714286,22.857142857142858,2025-03
2025-03-16,1.0,9.0,8.0,2117.0,5.0,9.0,"2,117",5.0,8.0,5.0,800.0,0.23618327822390173,500.0,-7.0,3.0,2126.0,62.5,5.571428571428571,7.857142857142857,17.857142857142858,2025-03
2025-03-17,5.0,14.0,0.0,2111.0,8.0,14.0,"2,111",8.0,0.0,8.0,0.0,0.37896731406916156,160.0,5.0,-8.0,2125.0,inf,5.285714285714286,7.0,14.285714285714286,2025-03
2025-03-18,19.0,34.0,6.0,2109.0,8.0,34.0,"2,109",8.0,6.0,8.0,31.57894736842105,0.3793266951161688,42.10526315789473,13.0,-2.0,2143.0,133.33333333333331,6.285714285714286,5.714285714285714,11.142857142857142,2025-03
2025-03-19,6.0,22.0,14.0,2119.0,9.0,22.0,"2,119",9.0,14.0,9.0,233.33333333333334,0.4247286455875413,150.0,-8.0,5.0,2141.0,64.28571428571429,6.285714285714286,6.571428571428571,9.142857142857142,2025-03
2025-03-20,9.0,20.0,11.0,2124.0,7.0,20.0,"2,124",7.0,11.0,7.0,122.22222222222223,0.3295668549905838,77.77777777777779,-2.0,4.0,2144.0,63.63636363636363,7.142857142857143,7.142857142857143,7.285714285714286,2025-03
2025-03-23,15.0,29.0,9.0,2136.0,2.0,29.0,"2,136",2.0,9.0,2.0,60.0,0.09363295880149813,13.333333333333334,6.0,7.0,2165.0,22.22222222222222,8.428571428571429,8.142857142857142,6.428571428571429,2025-03
2025-03-24,7.0,13.0,11.0,2139.0,7.0,13.0,"2,139",7.0,11.0,7.0,157.14285714285714,0.3272557269752221,100.0,-4.0,4.0,2152.0,63.63636363636363,8.857142857142858,8.428571428571429,6.571428571428571,2025-03
2025-03-25,12.0,19.0,7.0,2145.0,6.0,19.0,"2,145",6.0,7.0,6.0,58.333333333333336,0.27972027972027974,50.0,5.0,1.0,2164.0,85.71428571428571,10.428571428571429,8.285714285714286,6.714285714285714,2025-03
2025-03-26,9.0,21.0,15.0,2159.0,2.0,21.0,"2,159",2.0,15.0,2.0,166.66666666666669,0.09263547938860583,22.22222222222222,-6.0,13.0,2180.0,13.333333333333334,11.0,10.428571428571429,5.857142857142857,2025-03
2025-03-27,1.0,19.0,13.0,2159.0,2.0,19.0,"2,159",2.0,13.0,2.0,1300.0,0.09263547938860583,200.0,-12.0,11.0,2178.0,15.384615384615385,8.428571428571429,11.428571428571429,5.0,2025-03
2025-03-30,9.0,20.0,5.0,2188.0,2.0,20.0,"2,188",2.0,5.0,2.0,55.55555555555556,0.09140767824497258,22.22222222222222,4.0,3.0,2208.0,40.0,8.857142857142858,10.142857142857142,4.0,2025-03
2025-03-31,9.0,25.0,8.0,2193.0,5.0,25.0,"2,193",5.0,8.0,5.0,88.88888888888889,0.22799817601459188,55.55555555555556,1.0,3.0,2218.0,62.5,8.857142857142858,9.714285714285714,3.7142857142857144,2025-03
2025-04-01,17.0,36.0,7.0,2191.0,12.0,36.0,"2,191",12.0,7.0,12.0,41.17647058823529,0.5476951163852123,70.58823529411765,10.0,-5.0,2227.0,171.42857142857142,9.142857142857142,9.428571428571429,5.142857142857143,2025-04
2025-04-02,5.0,31.0,16.0,2208.0,3.0,31.0,"2,208",3.0,16.0,3.0,320.0,0.1358695652173913,60.0,-11.0,13.0,2239.0,18.75,8.857142857142858,10.142857142857142,4.571428571428571,2025-04
2025-04-03,12.0,26.0,18.0,2223.0,8.0,26.0,"2,223",8.0,18.0,8.0,150.0,0.3598740440845704,66.66666666666666,-6.0,10.0,2249.0,44.44444444444444,8.857142857142858,11.714285714285714,4.857142857142857,2025-04
2025-04-06,7.0,14.0,7.0,2234.0,11.0,14.0,"2,234",11.0,7.0,11.0,100.0,0.4923903312444047,157.14285714285714,0.0,-4.0,2248.0,157.14285714285714,8.571428571428571,10.571428571428571,6.142857142857143,2025-04
2025-04-07,12.0,22.0,9.0,2237.0,5.0,22.0,"2,237",5.0,9.0,5.0,75.0,0.22351363433169422,41.66666666666667,3.0,4.0,2259.0,55.55555555555556,10.142857142857142,10.0,6.571428571428571,2025-04
2025-04-08,12.0,34.0,12.0,2243.0,9.0,34.0,"2,243",9.0,12.0,9.0,100.0,0.4012483281319661,75.0,0.0,3.0,2277.0,75.0,10.571428571428571,11.0,7.571428571428571,2025-04
2025-04-09,6.0,19.0,10.0,2251.0,5.0,19.0,"2,251",5.0,10.0,5.0,166.66666666666669,0.2221235006663705,83.33333333333334,-4.0,5.0,2270.0,50.0,10.142857142857142,11.285714285714286,7.571428571428571,2025-04
2025-04-10,18.0,25.0,17.0,2265.0,6.0,25.0,"2,265",6.0,17.0,6.0,94.44444444444444,0.26490066225165565,33.33333333333333,1.0,11.0,2290.0,35.294117647058826,10.285714285714286,12.714285714285714,6.714285714285714,2025-04
2025-04-11,8.0,22.0,8.0,2267.0,9.0,22.0,"2,267",9.0,8.0,9.0,100.0,0.3970004411116012,112.5,0.0,-1.0,2289.0,112.5,10.714285714285714,11.571428571428571,7.571428571428571,2025-04
2025-04-13,5.0,26.0,10.0,2283.0,3.0,26.0,"2,283",3.0,10.0,3.0,200.0,0.1314060446780552,60.0,-5.0,7.0,2309.0,30.0,9.714285714285714,10.428571428571429,6.857142857142857,2025-04
2025-04-14,5.0,26.0,9.0,2282.0,13.0,26.0,"2,282",13.0,9.0,13.0,180.0,0.5696757230499562,260.0,-4.0,-4.0,2308.0,144.44444444444443,9.428571428571429,10.714285714285714,7.142857142857143,2025-04
2025-04-15,4.0,19.0,12.0,2286.0,7.0,19.0,"2,286",7.0,12.0,7.0,300.0,0.30621172353455817,175.0,-8.0,5.0,2305.0,58.333333333333336,8.285714285714286,11.142857142857142,7.428571428571429,2025-04
2025-04-16,11.0,30.0,5.0,2291.0,8.0,30.0,"2,291",8.0,5.0,8.0,45.45454545454545,0.3491924923614142,72.72727272727273,6.0,-3.0,2321.0,160.0,8.142857142857142,10.142857142857142,7.285714285714286,2025-04
2025-04-17,7.0,26.0,10.0,2288.0,14.0,26.0,"2,288",14.0,10.0,14.0,142.85714285714286,0.6118881118881119,200.0,-3.0,-4.0,2314.0,140.0,8.285714285714286,10.142857142857142,8.571428571428571,2025-04
2025-04-20,4.0,15.0,6.0,2305.0,4.0,15.0,"2,305",4.0,6.0,4.0,150.0,0.1735357917570499,100.0,-2.0,2.0,2320.0,66.66666666666666,6.285714285714286,8.571428571428571,8.285714285714286,2025-04
2025-04-21,10.0,25.0,5.0,2308.0,6.0,25.0,"2,308",6.0,5.0,6.0,50.0,0.25996533795493937,60.0,5.0,-1.0,2333.0,120.0,6.571428571428571,8.142857142857142,7.857142857142857,2025-04
2025-04-22,7.0,19.0,14.0,2305.0,17.0,19.0,"2,305",17.0,14.0,17.0,200.0,0.737527114967462,242.85714285714283,-7.0,-3.0,2324.0,121.42857142857142,6.857142857142857,8.714285714285714,9.857142857142858,2025-04
2025-04-23,3.0,23.0,4.0,2300.0,11.0,23.0,"2,300",11.0,4.0,11.0,133.33333333333331,0.47826086956521735,366.66666666666663,-1.0,-7.0,2323.0,275.0,6.571428571428571,8.0,9.571428571428571,2025-04
2025-04-24,3.0,9.0,7.0,2294.0,13.0,9.0,"2,294",13.0,7.0,13.0,233.33333333333334,0.5666957279860506,433.3333333333333,-4.0,-6.0,2303.0,185.71428571428572,6.428571428571429,7.285714285714286,10.428571428571429,2025-04
2025-04-27,9.0,40.0,12.0,2301.0,4.0,40.0,"2,301",4.0,12.0,4.0,133.33333333333331,0.1738374619730552,44.44444444444444,-3.0,8.0,2341.0,33.33333333333333,6.142857142857143,8.285714285714286,9.857142857142858,2025-04
2025-04-28,6.0,26.0,12.0,2307.0,8.0,26.0,"2,307",8.0,12.0,8.0,200.0,0.3467706978760295,133.33333333333331,-6.0,4.0,2333.0,66.66666666666666,6.0,8.571428571428571,9.0,2025-04
2025-04-29,11.0,25.0,11.0,2304.0,15.0,25.0,"2,304",15.0,11.0,15.0,100.0,0.6510416666666667,136.36363636363635,0.0,-4.0,2329.0,136.36363636363635,7.0,9.285714285714286,10.571428571428571,2025-04
2025-04-30,7.0,34.0,9.0,2309.0,12.0,34.0,"2,309",12.0,9.0,12.0,128.57142857142858,0.5197055002165439,171.42857142857142,-2.0,-3.0,2343.0,133.33333333333331,6.571428571428571,9.857142857142858,11.428571428571429,2025-04
2025-05-01,13.0,32.0,14.0,2306.0,16.0,32.0,"2,306",16.0,14.0,16.0,107.6923076923077,0.6938421509106678,123.07692307692308,-1.0,-2.0,2338.0,114.28571428571428,7.428571428571429,9.857142857142858,11.285714285714286,2025-05
2025-05-04,9.0,31.0,10.0,2335.0,5.0,31.0,"2,335",5.0,10.0,5.0,111.11111111111111,0.21413276231263384,55.55555555555556,-1.0,5.0,2366.0,50.0,8.285714285714286,10.714285714285714,10.428571428571429,2025-05
2025-05-05,15.0,44.0,20.0,2331.0,17.0,44.0,"2,331",17.0,20.0,17.0,133.33333333333331,0.7293007293007293,113.33333333333333,-5.0,3.0,2375.0,85.0,10.0,12.571428571428571,11.0,2025-05
2025-05-06,10.0,33.0,16.0,2339.0,16.0,33.0,"2,339",16.0,16.0,16.0,160.0,0.6840530141085934,160.0,-6.0,0.0,2372.0,100.0,10.142857142857142,13.142857142857142,12.714285714285714,2025-05
2025-05-07,10.0,30.0,15.0,2335.0,10.0,30.0,"2,335",10.0,15.0,10.0,150.0,0.4282655246252677,100.0,-5.0,5.0,2365.0,66.66666666666666,10.714285714285714,13.571428571428571,13.0,2025-05
2025-05-08,15.0,24.0,16.0,2361.0,11.0,24.0,"2,361",11.0,16.0,11.0,106.66666666666667,0.46590427784836935,73.33333333333333,-1.0,5.0,2385.0,68.75,11.285714285714286,14.285714285714286,12.428571428571429,2025-05
2025-05-11,15.0,20.0,12.0,2385.0,3.0,20.0,"2,385",3.0,12.0,3.0,80.0,0.12578616352201258,20.0,3.0,9.0,2405.0,25.0,12.428571428571429,14.714285714285714,11.142857142857142,2025-05
2025-05-12,7.0,33.0,14.0,2392.0,7.0,33.0,"2,392",7.0,14.0,7.0,200.0,0.2926421404682274,100.0,-7.0,7.0,2425.0,50.0,11.571428571428571,14.714285714285714,9.857142857142858,2025-05
2025-05-13,18.0,29.0,12.0,2394.0,11.0,29.0,"2,394",11.0,12.0,11.0,66.66666666666666,0.4594820384294068,61.111111111111114,6.0,1.0,2423.0,91.66666666666666,12.857142857142858,15.0,10.714285714285714,2025-05
2025-05-14,7.0,30.0,14.0,2394.0,11.0,30.0,"2,394",11.0,14.0,11.0,200.0,0.4594820384294068,157.14285714285714,-7.0,3.0,2424.0,78.57142857142857,11.714285714285714,14.142857142857142,9.857142857142858,2025-05
2025-05-15,15.0,31.0,14.0,2410.0,14.0,31.0,"2,410",14.0,14.0,14.0,93.33333333333333,0.5809128630705395,93.33333333333333,1.0,0.0,2441.0,100.0,12.428571428571429,13.857142857142858,9.571428571428571,2025-05
2025-05-18,13.0,28.0,14.0,2437.0,9.0,28.0,"2,437",9.0,14.0,9.0,107.6923076923077,0.3693065244152647,69.23076923076923,-1.0,5.0,2465.0,64.28571428571429,12.857142857142858,13.714285714285714,9.428571428571429,2025-05
2025-05-19,7.0,27.0,17.0,2457.0,6.0,27.0,"2,457",6.0,17.0,6.0,242.85714285714283,0.2442002442002442,85.71428571428571,-10.0,11.0,2484.0,35.294117647058826,11.714285714285714,13.857142857142858,8.714285714285714,2025-05
2025-05-21,14.0,62.0,13.0,2467.0,18.0,62.0,"2,467",18.0,13.0,18.0,92.85714285714286,0.7296311309282529,128.57142857142858,1.0,-5.0,2529.0,138.46153846153845,11.571428571428571,14.0,10.857142857142858,2025-05
2025-05-22,18.0,36.0,17.0,2473.0,15.0,36.0,"2,473",15.0,17.0,15.0,94.44444444444444,0.606550748079256,83.33333333333334,1.0,2.0,2509.0,88.23529411764706,13.142857142857142,14.428571428571429,12.0,2025-05
2025-05-27,6.0,24.0,7.0,2504.0,11.0,24.0,"2,504",11.0,7.0,11.0,116.66666666666667,0.43929712460063897,183.33333333333331,-1.0,-4.0,2528.0,157.14285714285714,11.428571428571429,13.714285714285714,12.0,2025-05
2025-05-28,12.0,39.0,12.0,2499.0,14.0,39.0,"2,499",14.0,12.0,14.0,100.0,0.5602240896358543,116.66666666666667,0.0,-2.0,2538.0,116.66666666666667,12.142857142857142,13.428571428571429,12.428571428571429,2025-05
2025-05-29,13.0,38.0,15.0,2506.0,11.0,38.0,"2,506",11.0,15.0,11.0,115.38461538461537,0.4389465283320032,84.61538461538461,-2.0,4.0,2544.0,73.33333333333333,11.857142857142858,13.571428571428571,12.0,2025-05
2025-06-01,8.0,24.0,16.0,2528.0,12.0,24.0,"2,528",12.0,16.0,12.0,200.0,0.4746835443037975,150.0,-8.0,4.0,2552.0,75.0,11.142857142857142,13.857142857142858,12.428571428571429,2025-06
2025-06-02,10.0,19.0,5.0,2518.0,16.0,19.0,"2,518",16.0,5.0,16.0,50.0,0.6354249404289118,160.0,5.0,-11.0,2537.0,320.0,11.571428571428571,12.142857142857142,13.857142857142858,2025-06
2025-06-03,5.0,23.0,11.0,2519.0,15.0,23.0,"2,519",15.0,11.0,15.0,220.00000000000003,0.5954743946010321,300.0,-6.0,-4.0,2542.0,136.36363636363635,10.285714285714286,11.857142857142858,13.428571428571429,2025-06
2025-06-04,4.0,16.0,9.0,2516.0,16.0,16.0,"2,516",16.0,9.0,16.0,225.0,0.6359300476947536,400.0,-5.0,-7.0,2532.0,177.77777777777777,8.285714285714286,10.714285714285714,13.571428571428571,2025-06
2025-06-05,8.0,26.0,5.0,2503.0,21.0,26.0,"2,503",21.0,5.0,21.0,62.5,0.8389932081502196,262.5,3.0,-16.0,2529.0,420.0,8.571428571428571,10.428571428571429,15.0,2025-06
2025-06-08,10.0,16.0,15.0,2507.0,13.0,16.0,"2,507",13.0,15.0,13.0,150.0,0.5185480654168328,130.0,-5.0,2.0,2523.0,86.66666666666667,8.285714285714286,10.857142857142858,14.857142857142858,2025-06
2025-06-09,8.0,21.0,14.0,2516.0,9.0,21.0,"2,516",9.0,14.0,9.0,175.0,0.3577106518282989,112.5,-6.0,5.0,2537.0,64.28571428571429,7.571428571428571,10.714285714285714,14.571428571428571,2025-06
2025-06-10,17.0,28.0,7.0,2511.0,12.0,28.0,"2,511",12.0,7.0,12.0,41.17647058823529,0.4778972520908005,70.58823529411765,10.0,-5.0,2539.0,171.42857142857142,8.857142857142858,9.428571428571429,14.571428571428571,2025-06
2025-06-17,7.0,24.0,10.0,2523.0,14.0,24.0,"2,523",14.0,10.0,14.0,142.85714285714286,0.5548949663099485,200.0,-3.0,-4.0,2547.0,140.0,8.428571428571429,10.142857142857142,14.285714285714286,2025-06
2025-06-19,8.0,19.0,7.0,2501.0,18.0,19.0,"2,501",18.0,7.0,18.0,87.5,0.7197121151539384,225.0,1.0,-11.0,2520.0,257.14285714285717,8.857142857142858,9.571428571428571,14.714285714285714,2025-06
2025-06-22,7.0,13.0,5.0,2508.0,7.0,13.0,"2,508",7.0,5.0,7.0,71.42857142857143,0.27910685805422647,100.0,2.0,-2.0,2521.0,140.0,9.285714285714286,9.0,13.428571428571429,2025-06
2025-06-23,3.0,15.0,5.0,2495.0,17.0,15.0,"2,495",17.0,5.0,17.0,166.66666666666669,0.6813627254509018,566.6666666666667,-2.0,-12.0,2510.0,340.0,8.571428571428571,9.0,12.857142857142858,2025-06
2025-06-24,5.0,20.0,5.0,2489.0,16.0,20.0,"2,489",16.0,5.0,16.0,100.0,0.6428284451586983,320.0,0.0,-11.0,2509.0,320.0,7.857142857142857,7.571428571428571,13.285714285714286,2025-06
2025-06-25,6.0,12.0,2.0,2470.0,24.0,12.0,"2,470",24.0,2.0,24.0,33.33333333333333,0.9716599190283401,400.0,4.0,-22.0,2482.0,1200.0,7.571428571428571,5.857142857142857,15.428571428571429,2025-06
2025-06-26,3.0,9.0,7.0,2447.0,35.0,9.0,"2,447",35.0,7.0,35.0,233.33333333333334,1.4303228442991418,1166.6666666666665,-4.0,-28.0,2456.0,500.0,5.571428571428571,5.857142857142857,18.714285714285715,2025-06
2025-06-29,5.0,17.0,7.0,2413.0,20.0,17.0,"2,413",20.0,7.0,20.0,140.0,0.8288437629506838,400.0,-2.0,-13.0,2430.0,285.7142857142857,5.285714285714286,5.428571428571429,19.571428571428573,2025-06
2025-06-30,9.0,22.0,8.0,2407.0,16.0,22.0,"2,407",16.0,8.0,16.0,88.88888888888889,0.6647278770253428,177.77777777777777,1.0,-8.0,2429.0,200.0,5.428571428571429,5.571428571428571,19.285714285714285,2025-06
2025-07-01,7.0,14.0,6.0,2391.0,22.0,14.0,"2,391",22.0,6.0,22.0,85.71428571428571,0.9201171058134672,314.2857142857143,1.0,-16.0,2405.0,366.66666666666663,5.428571428571429,5.714285714285714,21.428571428571427,2025-07
2025-07-02,8.0,20.0,9.0,2373.0,38.0,20.0,"2,373",38.0,9.0,38.0,112.5,1.6013485040033713,475.0,-1.0,-29.0,2393.0,422.22222222222223,6.142857142857143,6.285714285714286,24.428571428571427,2025-07
2025-07-06,4.0,17.0,2.0,2332.0,8.0,17.0,"2,332",8.0,2.0,8.0,50.0,0.34305317324185247,200.0,2.0,-6.0,2349.0,400.0,6.0,5.857142857142857,23.285714285714285,2025-07
2025-07-07,3.0,18.0,8.0,2317.0,20.0,18.0,"2,317",20.0,8.0,20.0,266.66666666666663,0.8631851532153647,666.6666666666667,-5.0,-12.0,2335.0,250.0,5.571428571428571,6.714285714285714,22.714285714285715,2025-07
2025-07-08,5.0,16.0,8.0,2306.0,20.0,16.0,"2,306",20.0,8.0,20.0,160.0,0.8673026886383347,400.0,-3.0,-12.0,2322.0,250.0,5.857142857142857,6.857142857142857,20.571428571428573,2025-07
2025-07-09,2.0,18.0,0.0,2281.0,32.0,18.0,"2,281",32.0,0.0,32.0,0.0,1.4028934677772906,1600.0,2.0,-32.0,2299.0,inf,5.428571428571429,5.857142857142857,22.285714285714285,2025-07
2025-07-10,2.0,12.0,3.0,2252.0,39.0,12.0,"2,252",39.0,3.0,39.0,150.0,1.7317939609236235,1950.0,-1.0,-36.0,2264.0,1300.0,4.428571428571429,5.142857142857143,25.571428571428573,2025-07
2025-07-13,1.0,13.0,4.0,2204.0,10.0,13.0,"2,204",10.0,4.0,10.0,400.0,0.4537205081669692,1000.0,-3.0,-6.0,2217.0,250.0,3.5714285714285716,4.857142857142857,23.857142857142858,2025-07
2025-07-14,2.0,9.0,1.0,2181.0,26.0,9.0,"2,181",26.0,1.0,26.0,50.0,1.192113709307657,1300.0,1.0,-25.0,2190.0,2600.0,2.7142857142857144,3.7142857142857144,22.142857142857142,2025-07
2025-07-15,0.0,8.0,5.0,2171.0,17.0,8.0,"2,171",17.0,5.0,17.0,inf,0.7830492860432979,inf,-5.0,-12.0,2179.0,340.0,2.142857142857143,4.142857142857143,23.428571428571427,2025-07
2025-07-16,1.0,9.0,0.0,2164.0,11.0,9.0,"2,164",11.0,0.0,11.0,0.0,0.5083179297597042,1100.0,1.0,-11.0,2173.0,inf,1.8571428571428572,3.0,22.142857142857142,2025-07
2025-07-17,3.0,16.0,2.0,2153.0,17.0,16.0,"2,153",17.0,2.0,17.0,66.66666666666666,0.7895959126799814,566.6666666666667,1.0,-15.0,2169.0,850.0,1.5714285714285714,2.142857142857143,21.714285714285715,2025-07
2025-07-21,4.0,18.0,7.0,2121.0,16.0,18.0,"2,121",16.0,7.0,16.0,175.0,0.7543611504007544,400.0,-3.0,-9.0,2139.0,228.57142857142856,1.8571428571428572,3.142857142857143,19.428571428571427,2025-07
2025-07-22,5.0,13.0,3.0,2117.0,16.0,13.0,"2,117",16.0,3.0,16.0,60.0,0.7557864903164856,320.0,2.0,-13.0,2130.0,533.3333333333333,2.2857142857142856,3.142857142857143,16.142857142857142,2025-07
2025-07-23,6.0,21.0,5.0,2111.0,14.0,21.0,"2,111",14.0,5.0,14.0,83.33333333333334,0.6631927996210327,233.33333333333334,1.0,-9.0,2132.0,280.0,3.0,3.2857142857142856,16.714285714285715,2025-07
2025-07-24,6.0,18.0,7.0,2096.0,29.0,18.0,"2,096",29.0,7.0,29.0,116.66666666666667,1.383587786259542,483.3333333333333,-1.0,-22.0,2114.0,414.28571428571433,3.5714285714285716,4.142857142857143,17.142857142857142,2025-07
2025-07-27,1.0,12.0,2.0,2088.0,4.0,12.0,"2,088",4.0,2.0,4.0,200.0,0.19157088122605362,400.0,-1.0,-2.0,2100.0,200.0,3.7142857142857144,3.7142857142857144,15.285714285714286,2025-07
2025-07-28,2.0,9.0,3.0,2080.0,14.0,9.0,"2,080",14.0,3.0,14.0,150.0,0.6730769230769231,700.0,-1.0,-11.0,2089.0,466.6666666666667,3.857142857142857,4.142857142857143,15.714285714285714,2025-07
2025-07-29,2.0,8.0,3.0,2072.0,12.0,8.0,"2,072",12.0,3.0,12.0,150.0,0.5791505791505791,600.0,-1.0,-9.0,2080.0,400.0,3.7142857142857144,4.285714285714286,15.0,2025-07
2025-07-30,4.0,15.0,4.0,2063.0,16.0,15.0,"2,063",16.0,4.0,16.0,100.0,0.7755695588948134,400.0,0.0,-12.0,2078.0,400.0,3.7142857142857144,3.857142857142857,15.0,2025-07
2025-07-31,2.0,9.0,6.0,2058.0,15.0,9.0,"2,058",15.0,6.0,15.0,300.0,0.7288629737609329,750.0,-4.0,-9.0,2067.0,250.0,3.2857142857142856,4.285714285714286,14.857142857142858,2025-07
2025-08-03,5.0,26.0,3.0,2049.0,5.0,26.0,"2,049",5.0,3.0,5.0,60.0,0.2440214738897023,100.0,2.0,-2.0,2075.0,166.66666666666669,3.142857142857143,4.0,13.571428571428571,2025-08
2025-08-04,5.0,22.0,11.0,2040.0,14.0,22.0,"2,040",14.0,11.0,14.0,220.00000000000003,0.6862745098039216,280.0,-6.0,-3.0,2062.0,127.27272727272727,3.0,4.571428571428571,11.428571428571429,2025-08
2025-08-05,2.0,21.0,10.0,2042.0,14.0,21.0,"2,042",14.0,10.0,14.0,500.0,0.6856023506366308,700.0,-8.0,-4.0,2063.0,140.0,3.142857142857143,5.714285714285714,12.857142857142858,2025-08
2025-08-06,4.0,17.0,3.0,2036.0,13.0,17.0,"2,036",13.0,3.0,13.0,75.0,0.6385068762278978,325.0,1.0,-10.0,2053.0,433.3333333333333,3.4285714285714284,5.714285714285714,12.714285714285714,2025-08
2025-08-07,4.0,18.0,6.0,2031.0,17.0,18.0,"2,031",17.0,6.0,17.0,150.0,0.8370260955194485,425.0,-2.0,-11.0,2049.0,283.33333333333337,3.7142857142857144,6.142857142857143,13.428571428571429,2025-08
2025-08-10,0.0,18.0,8.0,2006.0,12.0,18.0,"2,006",12.0,8.0,12.0,inf,0.5982053838484547,inf,-8.0,-4.0,2024.0,150.0,3.142857142857143,6.714285714285714,12.857142857142858,2025-08
2025-08-11,6.0,23.0,4.0,1999.0,16.0,23.0,"1,999",16.0,4.0,16.0,66.66666666666666,0.80040020010005,266.66666666666663,2.0,-12.0,2022.0,400.0,3.7142857142857144,6.428571428571429,13.0,2025-08
2025-08-12,8.0,38.0,9.0,1999.0,9.0,38.0,"1,999",9.0,9.0,9.0,112.5,0.4502251125562781,112.5,-1.0,0.0,2037.0,100.0,4.142857142857143,7.285714285714286,13.571428571428571,2025-08
2025-08-13,6.0,22.0,12.0,1997.0,17.0,22.0,"1,997",17.0,12.0,17.0,200.0,0.8512769153730596,283.33333333333337,-6.0,-5.0,2019.0,141.66666666666669,4.285714285714286,7.428571428571429,14.0,2025-08
2025-08-14,3.0,27.0,4.0,1994.0,11.0,27.0,"1,994",11.0,4.0,11.0,133.33333333333331,0.551654964894684,366.66666666666663,-1.0,-7.0,2021.0,275.0,4.428571428571429,6.571428571428571,13.571428571428571,2025-08
2025-08-17,4.0,14.0,2.0,1991.0,3.0,14.0,"1,991",3.0,2.0,3.0,50.0,0.15067805123053743,75.0,2.0,-1.0,2005.0,150.0,4.428571428571429,6.428571428571429,12.142857142857142,2025-08
2025-08-18,4.0,20.0,6.0,1985.0,14.0,20.0,"1,985",14.0,6.0,14.0,150.0,0.7052896725440806,350.0,-2.0,-8.0,2005.0,233.33333333333334,4.428571428571429,6.428571428571429,11.714285714285714,2025-08
2025-08-19,5.0,35.0,3.0,1980.0,11.0,35.0,"1,980",11.0,3.0,11.0,60.0,0.5555555555555556,220.00000000000003,2.0,-8.0,2015.0,366.66666666666663,5.142857142857143,5.714285714285714,11.571428571428571,2025-08
2025-08-20,10.0,38.0,10.0,1983.0,10.0,38.0,"1,983",10.0,10.0,10.0,100.0,0.5042864346949066,100.0,0.0,0.0,2021.0,100.0,5.714285714285714,6.571428571428571,10.714285714285714,2025-08
2025-08-21,6.0,49.0,8.0,1972.0,21.0,49.0,"1,972",21.0,8.0,21.0,133.33333333333331,1.0649087221095335,350.0,-2.0,-13.0,2021.0,262.5,5.428571428571429,6.428571428571429,12.428571428571429,2025-08
2025-08-24,4.0,21.0,5.0,1981.0,5.0,21.0,"1,981",5.0,5.0,5.0,125.0,0.2523977788995457,125.0,-1.0,0.0,2002.0,100.0,5.142857142857143,5.428571428571429,10.714285714285714,2025-08
2025-08-25,8.0,30.0,8.0,1980.0,11.0,30.0,"1,980",11.0,8.0,11.0,100.0,0.5555555555555556,137.5,0.0,-3.0,2010.0,137.5,5.857142857142857,6.0,10.714285714285714,2025-08
2025-08-26,10.0,21.0,20.0,1989.0,15.0,21.0,"1,989",15.0,20.0,15.0,200.0,0.7541478129713424,150.0,-10.0,5.0,2010.0,75.0,6.714285714285714,8.571428571428571,12.428571428571429,2025-08
2025-08-27,5.0,19.0,9.0,1988.0,19.0,19.0,"1,988",19.0,9.0,19.0,180.0,0.9557344064386318,380.0,-4.0,-10.0,2007.0,211.11111111111111,6.857142857142857,9.0,13.142857142857142,2025-08
2025-08-28,8.0,33.0,6.0,1984.0,17.0,33.0,"1,984",17.0,6.0,17.0,75.0,0.8568548387096774,212.5,2.0,-11.0,2017.0,283.33333333333337,7.285714285714286,9.428571428571429,14.0,2025-08
2025-09-01,10.0,29.0,17.0,2010.0,5.0,29.0,"2,010",5.0,17.0,5.0,170.0,0.24875621890547264,50.0,-7.0,12.0,2039.0,29.411764705882355,7.285714285714286,10.428571428571429,13.285714285714286,2025-09
2025-09-02,6.0,35.0,9.0,2020.0,9.0,35.0,"2,020",9.0,9.0,9.0,150.0,0.4455445544554455,150.0,-3.0,0.0,2055.0,100.0,7.285714285714286,10.571428571428571,11.571428571428571,2025-09
2025-09-03,4.0,29.0,11.0,2019.0,10.0,29.0,"2,019",10.0,11.0,10.0,275.0,0.49529470034670625,250.0,-7.0,1.0,2048.0,90.9090909090909,7.285714285714286,11.428571428571429,12.285714285714286,2025-09
2025-09-04,11.0,40.0,2.0,2015.0,14.0,40.0,"2,015",14.0,2.0,14.0,18.181818181818183,0.6947890818858561,127.27272727272727,9.0,-12.0,2055.0,700.0,7.714285714285714,10.571428571428571,12.714285714285714,2025-09
2025-09-07,4.0,19.0,9.0,2026.0,7.0,19.0,"2,026",7.0,9.0,7.0,225.0,0.3455083909180652,175.0,-5.0,2.0,2045.0,77.77777777777779,6.857142857142857,9.0,11.571428571428571,2025-09
2025-09-08,7.0,25.0,5.0,2025.0,6.0,25.0,"2,025",6.0,5.0,6.0,71.42857142857143,0.2962962962962963,85.71428571428571,2.0,-1.0,2050.0,120.0,7.142857142857143,8.428571428571429,9.714285714285714,2025-09
2025-09-09,18.0,42.0,11.0,2023.0,14.0,42.0,"2,023",14.0,11.0,14.0,61.111111111111114,0.6920415224913495,77.77777777777779,7.0,-3.0,2065.0,127.27272727272727,8.571428571428571,9.142857142857142,9.285714285714286,2025-09
2025-09-10,10.0,47.0,14.0,2025.0,18.0,47.0,"2,025",18.0,14.0,18.0,140.0,0.8888888888888888,180.0,-4.0,-4.0,2072.0,128.57142857142858,8.571428571428571,8.714285714285714,11.142857142857142,2025-09
2025-09-11,12.0,38.0,29.0,2047.0,6.0,38.0,"2,047",6.0,29.0,6.0,241.66666666666666,0.29311187103077674,50.0,-17.0,23.0,2085.0,20.689655172413794,9.428571428571429,11.571428571428571,10.714285714285714,2025-09
2025-09-14,7.0,39.0,13.0,2083.0,5.0,39.0,"2,083",5.0,13.0,5.0,185.71428571428572,0.2400384061449832,71.42857142857143,-6.0,8.0,2122.0,38.46153846153847,9.857142857142858,11.857142857142858,10.0,2025-09
2025-09-15,9.0,47.0,10.0,2086.0,10.0,47.0,"2,086",10.0,10.0,10.0,111.11111111111111,0.4793863854266539,111.11111111111111,-1.0,0.0,2133.0,100.0,9.571428571428571,13.0,9.428571428571429,2025-09
2025-09-16,7.0,28.0,17.0,2095.0,12.0,28.0,"2,095",12.0,17.0,12.0,242.85714285714283,0.5727923627684964,171.42857142857142,-10.0,5.0,2123.0,70.58823529411765,10.0,14.142857142857142,10.142857142857142,2025-09
2025-09-17,7.0,38.0,5.0,2096.0,13.0,38.0,"2,096",13.0,5.0,13.0,71.42857142857143,0.6202290076335878,185.71428571428572,2.0,-8.0,2134.0,260.0,10.0,14.142857142857142,11.142857142857142,2025-09
2025-09-18,20.0,52.0,11.0,2096.0,14.0,52.0,"2,096",14.0,11.0,14.0,55.00000000000001,0.6679389312977099,70.0,9.0,-3.0,2148.0,127.27272727272727,10.285714285714286,14.142857142857142,11.142857142857142,2025-09
2025-09-21,8.0,35.0,13.0,2134.0,5.0,35.0,"2,134",5.0,13.0,5.0,162.5,0.23430178069353325,62.5,-5.0,8.0,2169.0,38.46153846153847,10.0,14.0,9.285714285714286,2025-09
2025-09-22,17.0,40.0,14.0,2141.0,10.0,40.0,"2,141",10.0,14.0,10.0,82.35294117647058,0.4670714619336758,58.82352941176471,3.0,4.0,2181.0,71.42857142857143,10.714285714285714,11.857142857142858,9.857142857142858,2025-09
2025-09-23,11.0,36.0,10.0,2145.0,15.0,36.0,"2,145",15.0,10.0,15.0,90.9090909090909,0.6993006993006993,136.36363636363635,1.0,-5.0,2181.0,150.0,11.285714285714286,11.428571428571429,11.285714285714286,2025-09
2025-09-24,3.0,38.0,12.0,2138.0,17.0,38.0,"2,138",17.0,12.0,17.0,400.0,0.7951356407857811,566.6666666666667,-9.0,-5.0,2176.0,141.66666666666669,10.428571428571429,11.714285714285714,12.285714285714286,2025-09
2025-09-25,6.0,35.0,12.0,2132.0,18.0,35.0,"2,132",18.0,12.0,18.0,200.0,0.8442776735459663,300.0,-6.0,-6.0,2167.0,150.0,10.285714285714286,11.0,13.142857142857142,2025-09
2025-09-28,11.0,29.0,12.0,2146.0,9.0,29.0,"2,146",9.0,12.0,9.0,109.09090909090908,0.4193849021435228,81.81818181818183,-1.0,3.0,2175.0,75.0,10.857142857142858,12.0,12.571428571428571,2025-09
2025-09-29,8.0,35.0,12.0,2148.0,13.0,35.0,"2,148",13.0,12.0,13.0,150.0,0.6052141527001862,162.5,-4.0,-1.0,2183.0,108.33333333333333,9.142857142857142,12.142857142857142,12.428571428571429,2025-09
2025-09-30,8.0,32.0,12.0,2159.0,7.0,32.0,"2,159",7.0,12.0,7.0,150.0,0.3242241778601204,87.5,-4.0,5.0,2191.0,58.333333333333336,9.142857142857142,12.0,12.714285714285714,2025-09
2025-10-01,4.0,33.0,12.0,2163.0,14.0,33.0,"2,163",14.0,12.0,14.0,300.0,0.6472491909385114,350.0,-8.0,-2.0,2196.0,116.66666666666667,7.285714285714286,11.714285714285714,13.285714285714286,2025-10
2025-10-02,20.0,51.0,15.0,2164.0,16.0,51.0,"2,164",16.0,15.0,16.0,75.0,0.7393715341959335,80.0,5.0,-1.0,2215.0,106.66666666666667,8.571428571428571,12.428571428571429,13.428571428571429,2025-10
2025-10-05,8.0,28.0,13.0,2180.0,16.0,28.0,"2,180",16.0,13.0,16.0,162.5,0.7339449541284404,200.0,-5.0,-3.0,2208.0,123.07692307692308,9.285714285714286,12.571428571428571,13.285714285714286,2025-10
2025-10-06,5.0,33.0,15.0,2187.0,10.0,33.0,"2,187",10.0,15.0,10.0,300.0,0.4572473708276178,200.0,-10.0,5.0,2220.0,66.66666666666666,9.142857142857142,13.0,12.142857142857142,2025-10
2025-10-07,11.0,45.0,4.0,2189.0,10.0,45.0,"2,189",10.0,4.0,10.0,36.36363636363637,0.45682960255824573,90.9090909090909,7.0,-6.0,2234.0,250.0,9.142857142857142,11.857142857142858,12.285714285714286,2025-10
2025-10-08,8.0,49.0,15.0,2192.0,17.0,49.0,"2,192",17.0,15.0,17.0,187.5,0.7755474452554745,212.5,-7.0,-2.0,2241.0,113.33333333333333,9.142857142857142,12.285714285714286,12.857142857142858,2025-10
2025-10-09,11.0,55.0,13.0,2192.0,12.0,55.0,"2,192",12.0,13.0,12.0,118.18181818181819,0.5474452554744526,109.09090909090908,-2.0,1.0,2247.0,92.3076923076923,9.571428571428571,12.428571428571429,13.571428571428571,2025-10
2025-10-13,8.0,24.0,7.0,2223.0,6.0,24.0,"2,223",6.0,7.0,6.0,87.5,0.2699055330634278,75.0,1.0,1.0,2247.0,85.71428571428571,10.142857142857142,11.714285714285714,12.428571428571429,2025-10
2025-10-14,7.0,30.0,16.0,2235.0,8.0,30.0,"2,235",8.0,16.0,8.0,228.57142857142856,0.3579418344519016,114.28571428571428,-9.0,8.0,2265.0,50.0,8.285714285714286,11.857142857142858,11.285714285714286,2025-10
2025-10-15,8.0,29.0,10.0,2225.0,15.0,29.0,"2,225",15.0,10.0,15.0,125.0,0.6741573033707865,187.5,-2.0,-5.0,2254.0,150.0,8.285714285714286,11.428571428571429,11.142857142857142,2025-10
2025-10-16,9.0,33.0,15.0,2233.0,9.0,33.0,"2,233",9.0,15.0,9.0,166.66666666666669,0.40304523063143755,100.0,-6.0,6.0,2266.0,60.0,8.857142857142858,11.428571428571429,11.0,2025-10
2025-10-19,9.0,34.0,17.0,2237.0,7.0,34.0,"2,237",7.0,17.0,7.0,188.88888888888889,0.31291908806437196,77.77777777777779,-8.0,10.0,2271.0,41.17647058823529,8.571428571428571,13.285714285714286,10.571428571428571,2025-10
2025-10-20,10.0,39.0,6.0,2243.0,7.0,39.0,"2,243",7.0,6.0,7.0,60.0,0.3120820329915292,70.0,4.0,-1.0,2282.0,116.66666666666667,8.857142857142858,12.0,9.142857142857142,2025-10
2025-10-21,13.0,39.0,17.0,2251.0,9.0,39.0,"2,251",9.0,17.0,9.0,130.76923076923077,0.3998223011994669,69.23076923076923,-4.0,8.0,2290.0,52.94117647058824,9.142857142857142,12.571428571428571,8.714285714285714,2025-10
2025-10-22,12.0,42.0,13.0,2261.0,12.0,42.0,"2,261",12.0,13.0,12.0,108.33333333333333,0.5307386112339673,100.0,-1.0,1.0,2303.0,92.3076923076923,9.714285714285714,13.428571428571429,9.571428571428571,2025-10
2025-10-23,4.0,27.0,26.0,2266.0,18.0,27.0,"2,266",18.0,26.0,18.0,650.0,0.7943512797881729,450.0,-22.0,8.0,2293.0,69.23076923076923,9.285714285714286,14.857142857142858,11.0,2025-10
2025-10-26,4.0,35.0,12.0,2276.0,10.0,35.0,"2,276",10.0,12.0,10.0,300.0,0.4393673110720563,250.0,-8.0,2.0,2311.0,83.33333333333334,8.714285714285714,15.142857142857142,10.285714285714286,2025-10
2025-10-27,2.0,31.0,8.0,2282.0,11.0,31.0,"2,282",11.0,8.0,11.0,400.0,0.48203330411919365,550.0,-6.0,-3.0,2313.0,137.5,7.714285714285714,14.142857142857142,10.571428571428571,2025-10
2025-10-28,6.0,22.0,11.0,2286.0,6.0,22.0,"2,286",6.0,11.0,6.0,183.33333333333331,0.26246719160104987,100.0,-5.0,5.0,2308.0,54.54545454545454,7.285714285714286,13.285714285714286,10.428571428571429,2025-10
2025-10-29,6.0,25.0,4.0,2280.0,17.0,25.0,"2,280",17.0,4.0,17.0,66.66666666666666,0.7456140350877193,283.33333333333337,2.0,-13.0,2305.0,425.0,6.714285714285714,13.0,11.857142857142858,2025-10
2025-10-30,3.0,17.0,14.0,2287.0,12.0,17.0,"2,287",12.0,14.0,12.0,466.6666666666667,0.524704853519895,400.0,-11.0,2.0,2304.0,85.71428571428571,5.285714285714286,12.571428571428571,12.285714285714286,2025-10
2025-11-02,5.0,21.0,10.0,2277.0,7.0,21.0,"2,277",7.0,10.0,7.0,200.0,0.30742204655248134,140.0,-5.0,3.0,2298.0,70.0,4.285714285714286,12.142857142857142,11.571428571428571,2025-11
2025-11-03,3.0,28.0,5.0,2269.0,12.0,28.0,"2,269",12.0,5.0,12.0,166.66666666666669,0.5288673424416042,400.0,-2.0,-7.0,2297.0,240.0,4.142857142857143,9.142857142857142,10.714285714285714,2025-11
2025-11-04,6.0,33.0,6.0,2270.0,8.0,33.0,"2,270",8.0,6.0,8.0,100.0,0.3524229074889868,133.33333333333331,0.0,-2.0,2303.0,133.33333333333331,4.428571428571429,8.285714285714286,10.428571428571429,2025-11
2025-11-05,8.0,41.0,8.0,2272.0,7.0,41.0,"2,272",7.0,8.0,7.0,100.0,0.30809859154929575,87.5,0.0,1.0,2313.0,87.5,5.285714285714286,8.285714285714286,9.857142857142858,2025-11
2025-11-06,6.0,33.0,9.0,2264.0,19.0,33.0,"2,264",19.0,9.0,19.0,150.0,0.8392226148409895,316.66666666666663,-3.0,-10.0,2297.0,211.11111111111111,5.285714285714286,8.0,11.714285714285714,2025-11
2025-11-09,11.0,33.0,5.0,2294.0,4.0,33.0,"2,294",4.0,5.0,4.0,45.45454545454545,0.17436791630340018,36.36363636363637,6.0,1.0,2327.0,80.0,6.0,8.142857142857142,9.857142857142858,2025-11
2025-11-11,11.0,39.0,12.0,2294.0,14.0,39.0,"2,294",14.0,12.0,14.0,109.09090909090908,0.6102877070619006,127.27272727272727,-1.0,-2.0,2333.0,116.66666666666667,7.142857142857143,7.857142857142857,10.142857142857142,2025-11
2025-11-12,14.0,48.0,20.0,2302.0,7.0,48.0,"2,302",7.0,20.0,7.0,142.85714285714286,0.3040834057341442,50.0,-6.0,13.0,2350.0,35.0,8.428571428571429,9.285714285714286,10.142857142857142,2025-11
2025-11-13,6.0,26.0,16.0,2317.0,5.0,26.0,"2,317",5.0,16.0,5.0,266.66666666666663,0.21579628830384118,83.33333333333334,-10.0,11.0,2343.0,31.25,8.857142857142858,10.857142857142858,9.142857142857142,2025-11
2025-11-16,5.0,22.0,3.0,2340.0,5.0,22.0,"2,340",5.0,3.0,5.0,60.0,0.2136752136752137,100.0,2.0,-2.0,2362.0,166.66666666666669,8.714285714285714,10.428571428571429,8.714285714285714,2025-11
2025-11-17,1.0,35.0,6.0,2343.0,8.0,35.0,"2,343",8.0,6.0,8.0,600.0,0.34144259496372176,800.0,-5.0,-2.0,2378.0,133.33333333333331,7.714285714285714,10.142857142857142,8.857142857142858,2025-11
2025-11-18,2.0,38.0,8.0,2345.0,12.0,38.0,"2,345",12.0,8.0,12.0,400.0,0.511727078891258,600.0,-6.0,-4.0,2383.0,150.0,7.142857142857143,10.0,7.857142857142857,2025-11
2025-11-19,7.0,32.0,3.0,2340.0,10.0,32.0,"2,340",10.0,3.0,10.0,42.857142857142854,0.4273504273504274,142.85714285714286,4.0,-7.0,2372.0,333.33333333333337,6.571428571428571,9.714285714285714,8.714285714285714,2025-11
2025-11-20,18.0,57.0,8.0,2340.0,9.0,57.0,"2,340",9.0,8.0,9.0,44.44444444444444,0.38461538461538464,50.0,10.0,-1.0,2397.0,112.5,7.571428571428571,9.142857142857142,8.0,2025-11
2025-11-23,3.0,46.0,22.0,2375.0,1.0,46.0,"2,375",1.0,22.0,1.0,733.3333333333333,0.042105263157894736,33.33333333333333,-19.0,21.0,2421.0,4.545454545454546,6.0,9.428571428571429,7.142857142857143,2025-11
2025-11-24,9.0,40.0,9.0,2371.0,13.0,40.0,"2,371",13.0,9.0,13.0,100.0,0.5482918599746942,144.44444444444443,0.0,-4.0,2411.0,144.44444444444443,6.428571428571429,8.428571428571429,8.285714285714286,2025-11
2025-11-25,6.0,47.0,14.0,2375.0,11.0,47.0,"2,375",11.0,14.0,11.0,233.33333333333334,0.46315789473684216,183.33333333333331,-8.0,3.0,2422.0,78.57142857142857,6.571428571428571,10.0,9.142857142857142,2025-11
2025-11-27,4.0,24.0,8.0,2389.0,7.0,24.0,"2,389",7.0,8.0,7.0,200.0,0.2930096274591879,175.0,-4.0,1.0,2413.0,87.5,7.0,10.285714285714286,9.0,2025-11
2025-11-30,4.0,18.0,10.0,2415.0,0.0,18.0,"2,415",0.0,10.0,0.0,250.0,0.0,0.0,-6.0,10.0,2433.0,0.0,7.285714285714286,10.571428571428571,7.285714285714286,2025-11
2025-12-01,4.0,26.0,4.0,2410.0,9.0,26.0,"2,410",9.0,4.0,9.0,100.0,0.37344398340248963,225.0,0.0,-5.0,2436.0,225.0,6.857142857142857,10.714285714285714,7.142857142857143,2025-12
2025-12-02,7.0,34.0,6.0,2407.0,8.0,34.0,"2,407",8.0,6.0,8.0,85.71428571428571,0.3323639385126714,114.28571428571428,1.0,-2.0,2441.0,133.33333333333331,5.285714285714286,10.428571428571429,7.0,2025-12
2025-12-03,4.0,32.0,8.0,2419.0,7.0,32.0,"2,419",7.0,8.0,7.0,200.0,0.28937577511368334,175.0,-4.0,1.0,2451.0,87.5,5.428571428571429,8.428571428571429,7.857142857142857,2025-12
2025-12-04,16.0,39.0,7.0,2418.0,13.0,39.0,"2,418",13.0,7.0,13.0,43.75,0.5376344086021506,81.25,9.0,-6.0,2457.0,185.71428571428572,6.428571428571429,8.142857142857142,7.857142857142857,2025-12
2025-12-07,4.0,24.0,13.0,2429.0,12.0,24.0,"2,429",12.0,13.0,12.0,325.0,0.49403046521202143,300.0,-9.0,1.0,2453.0,92.3076923076923,6.142857142857143,8.0,8.0,2025-12
2025-12-08,9.0,27.0,9.0,2440.0,4.0,27.0,"2,440",4.0,9.0,4.0,100.0,0.16393442622950818,44.44444444444444,0.0,5.0,2467.0,44.44444444444444,6.857142857142857,8.142857142857142,7.571428571428571,2025-12
2025-12-09,4.0,30.0,7.0,2443.0,8.0,30.0,"2,443",8.0,7.0,8.0,175.0,0.3274662300450266,200.0,-3.0,-1.0,2473.0,114.28571428571428,6.857142857142857,7.714285714285714,8.714285714285714,2025-12
2025-12-10,10.0,54.0,5.0,2439.0,9.0,54.0,"2,439",9.0,5.0,9.0,50.0,0.36900369003690037,90.0,5.0,-4.0,2493.0,180.0,7.714285714285714,7.857142857142857,8.714285714285714,2025-12
2025-12-11,7.0,47.0,9.0,2437.0,10.0,47.0,"2,437",10.0,9.0,10.0,128.57142857142858,0.4103405826836274,142.85714285714286,-2.0,-1.0,2484.0,111.11111111111111,7.714285714285714,8.285714285714286,9.0,2025-12
2025-12-14,8.0,35.0,4.0,2462.0,8.0,35.0,"2,462",8.0,4.0,8.0,50.0,0.3249390739236393,100.0,4.0,-4.0,2497.0,200.0,8.285714285714286,7.714285714285714,9.142857142857142,2025-12
2025-12-15,11.0,42.0,9.0,2470.0,7.0,42.0,"2,470",7.0,9.0,7.0,81.81818181818183,0.2834008097165992,63.63636363636363,2.0,2.0,2512.0,77.77777777777779,7.571428571428571,8.0,8.285714285714286,2025-12
2025-12-16,8.0,54.0,15.0,2468.0,9.0,54.0,"2,468",9.0,15.0,9.0,187.5,0.3646677471636953,112.5,-7.0,6.0,2522.0,60.0,8.142857142857142,8.285714285714286,7.857142857142857,2025-12
2025-12-17,7.0,31.0,11.0,2481.0,10.0,31.0,"2,481",10.0,11.0,10.0,157.14285714285714,0.4030632809351068,142.85714285714286,-4.0,1.0,2512.0,90.9090909090909,7.857142857142857,8.571428571428571,8.714285714285714,2025-12
2025-12-18,11.0,50.0,6.0,2472.0,16.0,50.0,"2,472",16.0,6.0,16.0,54.54545454545454,0.6472491909385114,145.45454545454547,5.0,-10.0,2522.0,266.66666666666663,8.857142857142858,8.428571428571429,9.857142857142858,2025-12
2025-12-21,6.0,18.0,11.0,2484.0,14.0,18.0,"2,484",14.0,11.0,14.0,183.33333333333331,0.5636070853462157,233.33333333333334,-5.0,-3.0,2502.0,127.27272727272727,8.285714285714286,9.285714285714286,10.571428571428571,2025-12
,,,,,,,,,,,,,,,,,,8.5,9.333333333333334,10.666666666666666,
,,,,,,,,,,,,,,,,,,8.6,10.4,11.2,
,,,,,,,,,,,,,,,,,,8.0,10.75,12.25,
,,,,,,,,,,,,,,,,,,8.0,9.333333333333334,13.333333333333334,
,,,,,,,,,,,,,,,,,,8.5,8.5,15.0,
,,,,,,,,,,,,,,,,,,6.0,11.0,14.0,
,,,,,,,,,,,,,,,,,,,,,
,,,,,,,,,,,,,,,,,,,,,
,,,,,,,,,,,,,,,,,,,,,
,,,,,,,,,,,,,,,,,,,,,
,,,,,,,,,,,,,,,,,,,,,
,,,,,,,,,,,,,,,,,,,,,
,,,,,,,,,,,,,,,,,,,,,
,,,,,,,,,,,,,,,,,,,,,
,,,,,,,,,,,,,,,,,,,,,
,,,,,,,,,,,,,,,,,,,,,
,,,,,,,,,,,,,,,,,,,,,
,,,,,,,,,,,,,,,,,,,,,
,,,,,,,,,,,,,,,,,,,,,
,,,,,,,,,,,,,,,,,,,,,
,,,,,,,,,,,,,,,,,,,,,
,,,,,,,,,,,,,,,,,,,,,
,,,,,,,,,,,,,,,,,,,,,
,,,,,,,,,,,,,,,,,,,,,
,,,,,,,,,,,,,,,,,,,,,
,,,,,,,,,,,,,,,,,,,,,
,,,,,,,,,,,,,,,,,,,,,
,,,,,,,,,,,,,,,,,,,,,
,,,,,,,,,,,,,,,,,,,,,
,,,,,,,,,,,,,,,,,,,,,
,,,,,,,,,,,,,,,,,,,,,
,,,,,,,,,,,,,,,,,,,,,
,,,,,,,,,,,,,,,,,,,,,
,,,,,,,,,,,,,,,,,,,,,
,,,,,,,,,,,,,,,,,,,,,
,,,,,,,,,,,,,,,,,,,,,
,,,,,,,,,,,,,,,,,,,,,
,,,,,,,,,,,,,,,,,,,,,
,,,,,,,,,,,,,,,,,,,,,
,,,,,,,,,,,,,,,,,,,,,
,,,,,,,,,,,,,,,,,,,,,
,,,,,,,,,,,,,,,,,,,,,
,,,,,,,,,,,,,,,,,,,,,
,,,,,,,,,,,,,,,,,,,,,
,,,,,,,,,,,,,,,,,,,,,
,,,,,,,,,,,,,,,,,,,,,
,,,,,,,,,,,,,,,,,,,,,
,,,,,,,,,,,,,,,,,,,,,
,,,,,,,,,,,,,,,,,,,,,
,,,,,,,,,,,,,,,,,,,,,
,,,,,,,,,,,,,,,,,,,,,
,,,,,,,,,,,,,,,,,,,,,
,,,,,,,,,,,,,,,,,,,,,
,,,,,,,,,,,,,,,,,,,,,
,,,,,,,,,,,,,,,,,,,,,
,,,,,,,,,,,,,,,,,,,,,
,,,,,,,,,,,,,,,,,,,,,
,,,,,,,,,,,,,,,,,,,,,
,,,,,,,,,,,,,,,,,,,,,
,,,,,,,,,,,,,,,,,,,,,
,,,,,,,,,,,,,,,,,,,,,
,,,,,,,,,,,,,,,,,,,,,
,,,,,,,,,,,,,,,,,,,,,
,,,,,,,,,,,,,,,,,,,,,
,,,,,,,,,,,,,,,,,,,,,
,,,,,,,,,,,,,,,,,,,,,
,,,,,,,,,,,,,,,,,,,,,
,,,,,,,,,,,,,,,,,,,,,
,,,,,,,,,,,,,,,,,,,,,
,,,,,,,,,,,,,,,,,,,,,
,,,,,,,,,,,,,,,,,,,,,
,,,,,,,,,,,,,,,,,,,,,
,,,,,,,,,,,,,,,,,,,,,
,,,,,,,,,,,,,,,,,,,,,
,,,,,,,,,,,,,,,,,,,,,
,,,,,,,,,,,,,,,,,,,,,
,,,,,,,,,,,,,,,,,,,,,
,,,,,,,,,,,,,,,,,,,,,
,,,,,,,,,,,,,,,,,,,,,
,,,,,,,,,,,,,,,,,,,,,
,,,,,,,,,,,,,,,,,,,,,
,,,,,,,,,,,,,,,,,,,,,
,,,,,,,,,,,,,,,,,,,,,
,,,,,,,,,,,,,,,,,,,,,
,,,,,,,,,,,,,,,,,,,,,
,,,,,,,,,,,,,,,,,,,,,
,,,,,,,,,,,,,,,,,,,,,
,,,,,,,,,,,,,,,,,,,,,
,,,,,,,,,,,,,,,,,,,,,
,,,,,,,,,,,,,,,,,,,,,
,,,,,,,,,,,,,,,,,,,,,
,,,,,,,,,,,,,,,,,,,,,
,,,,,,,,,,,,,,,,,,,,,
,,,,,,,,,,,,,,,,,,,,,
,,,,,,,,,,,,,,,,,,,,,
,,,,,,,,,,,,,,,,,,,,,
,,,,,,,,,,,,,,,,,,,,,
,,,,,,,,,,,,,,,,,,,,,
,,,,,,,,,,,,,,,,,,,,,
,,,,,,,,,,,,,,,,,,,,,
,,,,,,,,,,,,,,,,,,,,,
,,,,,,,,,,,,,,,,,,,,,
,,,,,,,,,,,,,,,,,,,,,
,,,,,,,,,,,,,,,,,,,,,
,,,,,,,,,,,,,,,,,,,,,
,,,,,,,,,,,,,,,,,,,,,
,,,,,,,,,,,,,,,,,,,,,
,,,,,,,,,,,,,,,,,,,,,
,,,,,,,,,,,,,,,,,,,,,
,,,,,,,,,,,,,,,,,,,,,
,,,,,,,,,,,,,,,,,,,,,
,,,,,,,,,,,,,,,,,,,,,
,,,,,,,,,,,,,,,,,,,,,
,,,,,,,,,,,,,,,,,,,,,
,,,,,,,,,,,,,,,,,,,,,
,,,,,,,,,,,,,,,,,,,,,
,,,,,,,,,,,,,,,,,,,,,
,,,,,,,,,,,,,,,,,,,,,
,,,,,,,,,,,,,,,,,,,,,
,,,,,,,,,,,,,,,,,,,,,
,,,,,,,,,,,,,,,,,,,,,
,,,,,,,,,,,,,,,,,,,,,
,,,,,,,,,,,,,,,,,,,,,
,,,,,,,,,,,,,,,,,,,,,
,,,,,,,,,,,,,,,,,,,,,
,,,,,,,,,,,,,,,,,,,,,
,,,,,,,,,,,,,,,,,,,,,
,,,,,,,,,,,,,,,,,,,,,
,,,,,,,,,,,,,,,,,,,,,
,,,,,,,,,,,,,,,,,,,,,
,,,,,,,,,,,,,,,,,,,,,
,,,,,,,,,,,,,,,,,,,,,
,,,,,,,,,,,,,,,,,,,,,
,,,,,,,,,,,,,,,,,,,,,
,,,,,,,,,,,,,,,,,,,,,
,,,,,,,,,,,,,,,,,,,,,
,,,,,,,,,,,,,,,,,,,,,
,,,,,,,,,,,,,,,,,,,,,
,,,,,,,,,,,,,,,,,,,,,
,,,,,,,,,,,,,,,,,,,,,
,,,,,,,,,,,,,,,,,,,,,
,,,,,,,,,,,,,,,,,,,,,
,,,,,,,,,,,,,,,,,,,,,
,,,,,,,,,,,,,,,,,,,,,
,,,,,,,,,,,,,,,,,,,,,
,,,,,,,,,,,,,,,,,,,,,
,,,,,,,,,,,,,,,,,,,,,
,,,,,,,,,,,,,,,,,,,,,
,,,,,,,,,,,,,,,,,,,,,
,,,,,,,,,,,,,,,,,,,,,
,,,,,,,,,,,,,,,,,,,,,
,,,,,,,,,,,,,,,,,,,,,
,,,,,,,,,,,,,,,,,,,,,
,,,,,,,,,,,,,,,,,,,,,
,,,,,,,,,,,,,,,,,,,,,
,,,,,,,,,,,,,,,,,,,,,
,,,,,,,,,,,,,,,,,,,,,
,,,,,,,,,,,,,,,,,,,,,
,,,,,,,,,,,,,,,,,,,,,
,,,,,,,,,,,,,,,,,,,,,
,,,,,,,,,,,,,,,,,,,,,
,,,,,,,,,,,,,,,,,,,,,
,,,,,,,,,,,,,,,,,,,,,
,,,,,,,,,,,,,,,,,,,,,
,,,,,,,,,,,,,,,,,,,,,
,,,,,,,,,,,,,,,,,,,,,
,,,,,,,,,,,,,,,,,,,,,
,,,,,,,,,,,,,,,,,,,,,
,,,,,,,,,,,,,,,,,,,,,
,,,,,,,,,,,,,,,,,,,,,
,,,,,,,,,,,,,,,,,,,,,
,,,,,,,,,,,,,,,,,,,,,
,,,,,,,,,,,,,,,,,,,,,
,,,,,,,,,,,,,,,,,,,,,
,,,,,,,,,,,,,,,,,,,,,
,,,,,,,,,,,,,,,,,,,,,
,,,,,,,,,,,,,,,,,,,,,
,,,,,,,,,,,,,,,,,,,,,
,,,,,,,,,,,,,,,,,,,,,
,,,,,,,,,,,,,,,,,,,,,
,,,,,,,,,,,,,,,,,,,,,
,,,,,,,,,,,,,,,,,,,,,
,,,,,,,,,,,,,,,,,,,,,
,,,,,,,,,,,,,,,,,,,,,
,,,,,,,,,,,,,,,,,,,,,
,,,,,,,,,,,,,,,,,,,,,
,,,,,,,,,,,,,,,,,,,,,
,,,,,,,,,,,,,,,,,,,,,
,,,,,,,,,,,,,,,,,,,,,
,,,,,,,,,,,,,,,,,,,,,
,,,,,,,,,,,,,,,,,,,,,
,,,,,,,,,,,,,,,,,,,,,
,,,,,,,,,,,,,,,,,,,,,
,,,,,,,,,,,,,,,,,,,,,
,,,,,,,,,,,,,,,,,,,,,
,,,,,,,,,,,,,,,,,,,,,
,,,,,,,,,,,,,,,,,,,,,
,,,,,,,,,,,,,,,,,,,,,
,,,,,,,,,,,,,,,,,,,,,
,,,,,,,,,,,,,,,,,,,,,
,,,,,,,,,,,,,,,,,,,,,
,,,,,,,,,,,,,,,,,,,,,
,,,,,,,,,,,,,,,,,,,,,
,,,,,,,,,,,,,,,,,,,,,
,,,,,,,,,,,,,,,,,,,,,
,,,,,,,,,,,,,,,,,,,,,
,,,,,,,,,,,,,,,,,,,,,
,,,,,,,,,,,,,,,,,,,,,
,,,,,,,,,,,,,,,,,,,,,
,,,,,,,,,,,,,,,,,,,,,
,,,,,,,,,,,,,,,,,,,,,
,,,,,,,,,,,,,,,,,,,,,
,,,,,,,,,,,,,,,,,,,,,
,,,,,,,,,,,,,,,,,,,,,
,,,,,,,,,,,,,,,,,,,,,
,,,,,,,,,,,,,,,,,,,,,
,,,,,,,,,,,,,,,,,,,,,
,,,,,,,,,,,,,,,,,,,,,
,,,,,,,,,,,,,,,,,,,,,
,,,,,,,,,,,,,,,,,,,,,
,,,,,,,,,,,,,,,,,,,,,
,,,,,,,,,,,,,,,,,,,,,
,,,,,,,,,,,,,,,,,,,,,
,,,,,,,,,,,,,,,,,,,,,
,,,,,,,,,,,,,,,,,,,,,
,,,,,,,,,,,,,,,,,,,,,
,,,,,,,,,,,,,,,,,,,,,
,,,,,,,,,,,,,,,,,,,,,
,,,,,,,,,,,,,,,,,,,,,
,,,,,,,,,,,,,,,,,,,,,
,,,,,,,,,,,,,,,,,,,,,
,,,,,,,,,,,,,,,,,,,,,
,,,,,,,,,,,,,,,,,,,,,
,,,,,,,,,,,,,,,,,,,,,
,,,,,,,,,,,,,,,,,,,,,
,,,,,,,,,,,,,,,,,,,,,
,,,,,,,,,,,,,,,,,,,,,
,,,,,,,,,,,,,,,,,,,,,
,,,,,,,,,,,,,,,,,,,,,
,,,,,,,,,,,,,,,,,,,,,
,,,,,,,,,,,,,,,,,,,,,
,,,,,,,,,,,,,,,,,,,,,
,,,,,,,,,,,,,,,,,,,,,
,,,,,,,,,,,,,,,,,,,,,
,,,,,,,,,,,,,,,,,,,,,
,,,,,,,,,,,,,,,,,,,,,
,,,,,,,,,,,,,,,,,,,,,
,,,,,,,,,,,,,,,,,,,,,
,,,,,,,,,,,,,,,,,,,,,
,,,,,,,,,,,,,,,,,,,,,
,,,,,,,,,,,,,,,,,,,,,
,,,,,,,,,,,,,,,,,,,,,
,,,,,,,,,,,,,,,,,,,,,
,,,,,,,,,,,,,,,,,,,,,
,,,,,,,,,,,,,,,,,,,,,
,,,,,,,,,,,,,,,,,,,,,
,,,,,,,,,,,,,,,,,,,,,
,,,,,,,,,,,,,,,,,,,,,
,,,,,,,,,,,,,,,,,,,,,
,,,,,,,,,,,,,,,,,,,,,
,,,,,,,,,,,,,,,,,,,,,
,,,,,,,,,,,,,,,,,,,,,
,,,,,,,,,,,,,,,,,,,,,
,,,,,,,,,,,,,,,,,,,,,
,,,,,,,,,,,,,,,,,,,,,
,,,,,,,,,,,,,,,,,,,,,
,,,,,,,,,,,,,,,,,,,,,
,,,,,,,,,,,,,,,,,,,,,
,,,,,,,,,,,,,,,,,,,,,
,,,,,,,,,,,,,,,,,,,,,
,,,,,,,,,,,,,,,,,,,,,
,,,,,,,,,,,,,,,,,,,,,
,,,,,,,,,,,,,,,,,,,,,
,,,,,,,,,,,,,,,,,,,,,
,,,,,,,,,,,,,,,,,,,,,
,,,,,,,,,,,,,,,,,,,,,
,,,,,,,,,,,,,,,,,,,,,
,,,,,,,,,,,,,,,,,,,,,
,,,,,,,,,,,,,,,,,,,,,
,,,,,,,,,,,,,,,,,,,,,
,,,,,,,,,,,,,,,,,,,,,
,,,,,,,,,,,,,,,,,,,,,
,,,,,,,,,,,,,,,,,,,,,
,,,,,,,,,,,,,,,,,,,,,
,,,,,,,,,,,,,,,,,,,,,
,,,,,,,,,,,,,,,,,,,,,
,,,,,,,,,,,,,,,,,,,,,
,,,,,,,,,,,,,,,,,,,,,
,,,,,,,,,,,,,,,,,,,,,
,,,,,,,,,,,,,,,,,,,,,
,,,,,,,,,,,,,,,,,,,,,
,,,,,,,,,,,,,,,,,,,,,
,,,,,,,,,,,,,,,,,,,,,
,,,,,,,,,,,,,,,,,,,,,
,,,,,,,,,,,,,,,,,,,,,
,,,,,,,,,,,,,,,,,,,,,
,,,,,,,,,,,,,,,,,,,,,
,,,,,,,,,,,,,,,,,,,,,
,,,,,,,,,,,,,,,,,,,,,
,,,,,,,,,,,,,,,,,,,,,
,,,,,,,,,,,,,,,,,,,,,
,,,,,,,,,,,,,,,,,,,,,
,,,,,,,,,,,,,,,,,,,,,
,,,,,,,,,,,,,,,,,,,,,
,,,,,,,,,,,,,,,,,,,,,
,,,,,,,,,,,,,,,,,,,,,
,,,,,,,,,,,,,,,,,,,,,
,,,,,,,,,,,,,,,,,,,,,
,,,,,,,,,,,,,,,,,,,,,
,,,,,,,,,,,,,,,,,,,,,
,,,,,,,,,,,,,,,,,,,,,
,,,,,,,,,,,,,,,,,,,,,
,,,,,,,,,,,,,,,,,,,,,
,,,,,,,,,,,,,,,,,,,,,
,,,,,,,,,,,,,,,,,,,,,
,,,,,,,,,,,,,,,,,,,,,
,,,,,,,,,,,,,,,,,,,,,
,,,,,,,,,,,,,,,,,,,,,
,,,,,,,,,,,,,,,,,,,,,
,,,,,,,,,,,,,,,,,,,,,
,,,,,,,,,,,,,,,,,,,,,
,,,,,,,,,,,,,,,,,,,,,
,,,,,,,,,,,,,,,,,,,,,
,,,,,,,,,,,,,,,,,,,,,
,,,,,,,,,,,,,,,,,,,,,
,,,,,,,,,,,,,,,,,,,,,
,,,,,,,,,,,,,,,,,,,,,
,,,,,,,,,,,,,,,,,,,,,
,,,,,,,,,,,,,,,,,,,,,
,,,,,,,,,,,,,,,,,,,,,
,,,,,,,,,,,,,,,,,,,,,
,,,,,,,,,,,,,,,,,,,,,
,,,,,,,,,,,,,,,,,,,,,
,,,,,,,,,,,,,,,,,,,,,
,,,,,,,,,,,,,,,,,,,,,
,,,,,,,,,,,,,,,,,,,,,
,,,,,,,,,,,,,,,,,,,,,
,,,,,,,,,,,,,,,,,,,,,
,,,,,,,,,,,,,,,,,,,,,
,,,,,,,,,,,,,,,,,,,,,
,,,,,,,,,,,,,,,,,,,,,
,,,,,,,,,,,,,,,,,,,,,
,,,,,,,,,,,,,,,,,,,,,
,,,,,,,,,,,,,,,,,,,,,
,,,,,,,,,,,,,,,,,,,,,
,,,,,,,,,,,,,,,,,,,,,
,,,,,,,,,,,,,,,,,,,,,
,,,,,,,,,,,,,,,,,,,,,
,,,,,,,,,,,,,,,,,,,,,
,,,,,,,,,,,,,,,,,,,,,
,,,,,,,,,,,,,,,,,,,,,
,,,,,,,,,,,,,,,,,,,,,
,,,,,,,,,,,,,,,,,,,,,
,,,,,,,,,,,,,,,,,,,,,
,,,,,,,,,,,,,,,,,,,,,
,,,,,,,,,,,,,,,,,,,,,
,,,,,,,,,,,,,,,,,,,,,
,,,,,,,,,,,,,,,,,,,,,
,,,,,,,,,,,,,,,,,,,,,
,,,,,,,,,,,,,,,,,,,,,
,,,,,,,,,,,,,,,,,,,,,
,,,,,,,,,,,,,,,,,,,,,
,,,,,,,,,,,,,,,,,,,,,
,,,,,,,,,,,,,,,,,,,,,
,,,,,,,,,,,,,,,,,,,,,
,,,,,,,,,,,,,,,,,,,,,
,,,,,,,,,,,,,,,,,,,,,
,,,,,,,,,,,,,,,,,,,,,
,,,,,,,,,,,,,,,,,,,,,
,,,,,,,,,,,,,,,,,,,,,
,,,,,,,,,,,,,,,,,,,,,
,,,,,,,,,,,,,,,,,,,,,
,,,,,,,,,,,,,,,,,,,,,
,,,,,,,,,,,,,,,,,,,,,
,,,,,,,,,,,,,,,,,,,,,
,,,,,,,,,,,,,,,,,,,,,
,,,,,,,,,,,,,,,,,,,,,
,,,,,,,,,,,,,,,,,,,,,
,,,,,,,,,,,,,,,,,,,,,
,,,,,,,,,,,,,,,,,,,,,
,,,,,,,,,,,,,,,,,,,,,
,,,,,,,,,,,,,,,,,,,,,
,,,,,,,,,,,,,,,,,,,,,
,,,,,,,,,,,,,,,,,,,,,
,,,,,,,,,,,,,,,,,,,,,
,,,,,,,,,,,,,,,,,,,,,
,,,,,,,,,,,,,,,,,,,,,
,,,,,,,,,,,,,,,,,,,,,
,,,,,,,,,,,,,,,,,,,,,
,,,,,,,,,,,,,,,,,,,,,
,,,,,,,,,,,,,,,,,,,,,
,,,,,,,,,,,,,,,,,,,,,
,,,,,,,,,,,,,,,,,,,,,
,,,,,,,,,,,,,,,,,,,,,
,,,,,,,,,,,,,,,,,,,,,
,,,,,,,,,,,,,,,,,,,,,
,,,,,,,,,,,,,,,,,,,,,
,,,,,,,,,,,,,,,,,,,,,
,,,,,,,,,,,,,,,,,,,,,
,,,,,,,,,,,,,,,,,,,,,
,,,,,,,,,,,,,,,,,,,,,
,,,,,,,,,,,,,,,,,,,,,
,,,,,,,,,,,,,,,,,,,,,
,,,,,,,,,,,,,,,,,,,,,
,,,,,,,,,,,,,,,,,,,,,
,,,,,,,,,,,,,,,,,,,,,
,,,,,,,,,,,,,,,,,,,,,
,,,,,,,,,,,,,,,,,,,,,
,,,,,,,,,,,,,,,,,,,,,
,,,,,,,,,,,,,,,,,,,,,
,,,,,,,,,,,,,,,,,,,,,
,,,,,,,,,,,,,,,,,,,,,
,,,,,,,,,,,,,,,,,,,,,
,,,,,,,,,,,,,,,,,,,,,
,,,,,,,,,,,,,,,,,,,,,
,,,,,,,,,,,,,,,,,,,,,
,,,,,,,,,,,,,,,,,,,,,
,,,,,,,,,,,,,,,,,,,,,
,,,,,,,,,,,,,,,,,,,,,
,,,,,,,,,,,,,,,,,,,,,
,,,,,,,,,,,,,,,,,,,,,
,,,,,,,,,,,,,,,,,,,,,
,,,,,,,,,,,,,,,,,,,,,
,,,,,,,,,,,,,,,,,,,,,
,,,,,,,,,,,,,,,,,,,,,
,,,,,,,,,,,,,,,,,,,,,
,,,,,,,,,,,,,,,,,,,,,
,,,,,,,,,,,,,,,,,,,,,
,,,,,,,,,,,,,,,,,,,,,
,,,,,,,,,,,,,,,,,,,,,
,,,,,,,,,,,,,,,,,,,,,
,,,,,,,,,,,,,,,,,,,,,
,,,,,,,,,,,,,,,,,,,,,
,,,,,,,,,,,,,,,,,,,,,
,,,,,,,,,,,,,,,,,,,,,
,,,,,,,,,,,,,,,,,,,,,
,,,,,,,,,,,,,,,,,,,,,
,,,,,,,,,,,,,,,,,,,,,
,,,,,,,,,,,,,,,,,,,,,
,,,,,,,,,,,,,,,,,,,,,
,,,,,,,,,,,,,,,,,,,,,
,,,,,,,,,,,,,,,,,,,,,
,,,,,,,,,,,,,,,,,,,,,
,,,,,,,,,,,,,,,,,,,,,
,,,,,,,,,,,,,,,,,,,,,
,,,,,,,,,,,,,,,,,,,,,
,,,,,,,,,,,,,,,,,,,,,
,,,,,,,,,,,,,,,,,,,,,
,,,,,,,,,,,,,,,,,,,,,
,,,,,,,,,,,,,,,,,,,,,
